batch,rank,comp,structure,facet,reproduction_match
A,1,HgRu,L10,101,True
A,2,Co3Ga,L12,111,True
A,3,CoPt3,L12,111,True
A,4,AuRu,L10,101,True
A,5,HgTc,L10,101,True
A,6,AuOs,L10,101,True
A,7,CrHg,L10,101,True
A,8,CrIn,L10,101,True
A,9,HgNi3,L12,111,True
A,10,CdCr,L10,101,True
B,1,Cr3Hf,L12,111,True
B,2,CrNb3,L12,111,True
B,3,Al3Ta,L12,111,True
B,4,InZr,L10,101,True
B,5,AlTa,L10,101,True
B,6,Al3Zr,L12,111,True
B,7,Al3Hf,L12,111,True
B,8,AlNb,L10,101,True
B,9,Al3Nb,L12,111,True
B,10,HfPb,L10,101,True
C,1,LaPb,L10,101,True
C,2,LaSc,L10,101,True
C,3,PbSc,L10,101,True
C,4,FeSc,L10,101,True
C,5,LaY,L10,101,True
C,6,NiY,L10,101,True
C,7,LaNi,L10,101,True
C,8,CuLa,L10,101,True
C,9,FeZr,L10,101,True
C,10,FeTi,L10,101,True
C,11,CrTl,L10,101,True
C,12,CuY,L10,101,True
C,13,Co,A1,111,True
C,14,FeLa3,L12,111,True
C,15,NiSn3,L12,111,True
C,16,Al3La,L12,111,True
C,17,Ag3Sc,L12,111,True
C,18,La3Mo,L12,111,True
C,19,Fe3Mo,L12,111,True
C,20,Cr3Pb,L12,111,True
C,21,Ag3Co,L12,111,True
C,22,FeSn3,L12,111,True
C,23,Fe3V,L12,111,True
C,24,Fe3Ta,L12,111,True
C,25,CuFe3,L12,111,True
