n_anchor,seed,n_train,n_eval,MAE_eV,spearman_rho
0,0,2039,491,0.37706207952632814,0.23430846658052468
0,1,2039,491,0.37032359244101026,0.2316416635120583
0,2,2039,491,0.3734383290386728,0.22697739412459395
0,7,2039,491,0.36010039282223283,0.23846538739526482
0,13,2039,491,0.36785379697575116,0.24260724871135317
0,42,2039,491,0.3736603235359014,0.24361322953077086
0,99,2039,491,0.36350502808977636,0.238166212375801
0,123,2039,491,0.3695573854041408,0.24077513959295843
0,2024,2039,491,0.37181939935786046,0.21950347419777122
0,31337,2039,491,0.361033888088935,0.22982166729659773
5,0,2044,486,0.2905626701674899,0.21895677089577137
5,1,2044,486,0.38103397813518075,0.2882045833816549
5,2,2044,486,0.32686944843319277,0.2392719260044655
5,7,2044,486,0.34204895638382726,0.23930698899690883
5,13,2044,486,0.3054883947381753,0.22966919491456858
5,42,2044,486,0.32960901673803794,0.2377558962382481
5,99,2044,486,0.3399744812358804,0.2464868371216066
5,123,2044,486,0.3204230408548192,0.22510972823922337
5,2024,2044,486,0.3138333503398617,0.231152060014775
5,31337,2044,486,0.3348144020640608,0.2216778067887628
10,0,2049,481,0.25089849972724304,0.22807820108648108
10,1,2049,481,0.32386174301524956,0.2701135885551752
10,2,2049,481,0.33054341664441944,0.21722197158281994
10,7,2049,481,0.28411584125275785,0.24278019850566324
10,13,2049,481,0.2684979518517571,0.2435399364256278
10,42,2049,481,0.29438937167409196,0.21857419652269552
10,99,2049,481,0.3195956946731774,0.22592127134135073
10,123,2049,481,0.24188117968505565,0.17075239209049872
10,2024,2049,481,0.27160904495073773,0.22254550224020178
10,31337,2049,481,0.2909676978825657,0.23610151214001304
20,0,2059,471,0.23101309070674333,0.18359148410477497
20,1,2059,471,0.24097120611695547,0.26811507178750077
20,2,2059,471,0.2811430532541273,0.24483326148981713
20,7,2059,471,0.25229258993193526,0.21022597511928462
20,13,2059,471,0.2526328606594025,0.21329686493776193
20,42,2059,471,0.2877700573540425,0.17710931218909984
20,99,2059,471,0.24421449696883019,0.22494660351965712
20,123,2059,471,0.23551394292369465,0.20705018936827171
20,2024,2059,471,0.24744114273749696,0.245048623274969
20,31337,2059,471,0.27571977283746224,0.23865684472397805
50,0,2089,441,0.2024557420877783,0.2866194028030506
50,1,2089,441,0.16909430793434363,0.27927331023855734
50,2,2089,441,0.24398175381367526,0.16634468938596692
50,7,2089,441,0.20030624693480206,0.23084282511146142
50,13,2089,441,0.21939058479977,0.24597221462988952
50,42,2089,441,0.23855007739885378,0.22082726434006386
50,99,2089,441,0.1775927878411019,0.3864481894907318
50,123,2089,441,0.2225422498394724,0.26187040065800515
50,2024,2089,441,0.18004715136389232,0.2611080163767699
50,31337,2089,441,0.201737224098725,0.25396264983734745
