train_domain,test_domain,n_anchor,seed,n_train,n_eval,MAE_eV,spearman_rho
Mamun_BEEFvdW,EqV2_RPBE,20,0,1856,471,0.2527862182797569,0.12981083267836713
Mamun_BEEFvdW,EqV2_RPBE,20,1,1856,471,0.23773820691300815,0.25142422697134237
Mamun_BEEFvdW,EqV2_RPBE,20,2,1856,471,0.2922790875041021,0.20473799467521273
Mamun_BEEFvdW,EqV2_RPBE,20,7,1856,471,0.26021104575968645,0.09451933839553665
Mamun_BEEFvdW,EqV2_RPBE,20,13,1856,471,0.2677152040898961,0.1254167548147281
Mamun_BEEFvdW,EqV2_RPBE,20,42,1856,471,0.2722980714977517,0.14022326505795482
Mamun_BEEFvdW,EqV2_RPBE,20,99,1856,471,0.23057134795519285,0.20547407680082785
Mamun_BEEFvdW,EqV2_RPBE,20,123,1856,471,0.24520097287679837,0.14463011071118037
Mamun_BEEFvdW,EqV2_RPBE,20,2024,1856,471,0.2458493755494243,0.22836098228134624
Mamun_BEEFvdW,EqV2_RPBE,20,31337,1856,471,0.26822339075265555,0.1657554760738465
Mamun_BEEFvdW,CatHub_PBE,20,0,1856,183,0.11916049536736191,0.8099476710064126
Mamun_BEEFvdW,CatHub_PBE,20,1,1856,183,0.1022218604912972,0.8786064168871719
Mamun_BEEFvdW,CatHub_PBE,20,2,1856,183,0.12875430691276596,0.8317599827373537
Mamun_BEEFvdW,CatHub_PBE,20,7,1856,183,0.10284816140472246,0.858479136420772
Mamun_BEEFvdW,CatHub_PBE,20,13,1856,183,0.10368832881459851,0.8856168239500393
Mamun_BEEFvdW,CatHub_PBE,20,42,1856,183,0.09826635544697161,0.8718292058650204
Mamun_BEEFvdW,CatHub_PBE,20,99,1856,183,0.08044376450335632,0.8733409561035098
Mamun_BEEFvdW,CatHub_PBE,20,123,1856,183,0.10759137628074242,0.8648879954031674
Mamun_BEEFvdW,CatHub_PBE,20,2024,1856,183,0.1729952029128611,0.7487890549254005
Mamun_BEEFvdW,CatHub_PBE,20,31337,1856,183,0.1291506365467571,0.8732166179326242
EqV2_RPBE,Mamun_BEEFvdW,20,0,511,1816,1.4131024070098424,0.12825078905238224
EqV2_RPBE,Mamun_BEEFvdW,20,1,511,1816,0.93174917401451,-0.045835781466721785
EqV2_RPBE,Mamun_BEEFvdW,20,2,511,1816,1.20296423080502,0.35707825979519586
EqV2_RPBE,Mamun_BEEFvdW,20,7,511,1816,1.326530040503897,0.2135429664582914
EqV2_RPBE,Mamun_BEEFvdW,20,13,511,1816,0.6446167062155136,0.4228423096673042
EqV2_RPBE,Mamun_BEEFvdW,20,42,511,1816,0.6104424577976073,0.07394385044712384
EqV2_RPBE,Mamun_BEEFvdW,20,99,511,1816,0.40626014448847647,0.5283291128186647
EqV2_RPBE,Mamun_BEEFvdW,20,123,511,1816,0.6370743464443005,0.10460473516836806
EqV2_RPBE,Mamun_BEEFvdW,20,2024,511,1816,0.8862257624544884,-0.11506465509161784
EqV2_RPBE,Mamun_BEEFvdW,20,31337,511,1816,0.7244488530325528,0.35799926339786065
EqV2_RPBE,CatHub_PBE,20,0,511,183,0.9320480833440633,0.2719173564651963
EqV2_RPBE,CatHub_PBE,20,1,511,183,0.5788634383674084,0.39636394438499495
EqV2_RPBE,CatHub_PBE,20,2,511,183,0.5241362551889401,0.34502793034299317
EqV2_RPBE,CatHub_PBE,20,7,511,183,0.38405238915680046,0.32607275544836767
EqV2_RPBE,CatHub_PBE,20,13,511,183,0.31688613932277127,0.4151793831497034
EqV2_RPBE,CatHub_PBE,20,42,511,183,0.3628879804507095,0.28832363684458745
EqV2_RPBE,CatHub_PBE,20,99,511,183,1.1081350178972063,0.2083393519374954
EqV2_RPBE,CatHub_PBE,20,123,511,183,0.4697482203468792,0.5126736111475759
EqV2_RPBE,CatHub_PBE,20,2024,511,183,0.4020380396274912,0.25914441141585615
EqV2_RPBE,CatHub_PBE,20,31337,511,183,0.9322603245176997,0.34856358902590057
CatHub_PBE,Mamun_BEEFvdW,20,0,223,1816,0.2754132483910076,0.8068915439809605
CatHub_PBE,Mamun_BEEFvdW,20,1,223,1816,0.21512310887423072,0.8631462833701338
CatHub_PBE,Mamun_BEEFvdW,20,2,223,1816,0.2341108130208951,0.870861871189441
CatHub_PBE,Mamun_BEEFvdW,20,7,223,1816,0.23894437746995922,0.8035317850475457
CatHub_PBE,Mamun_BEEFvdW,20,13,223,1816,0.2075251610594075,0.8665717137444907
CatHub_PBE,Mamun_BEEFvdW,20,42,223,1816,0.3102592347956182,0.7229007024369605
CatHub_PBE,Mamun_BEEFvdW,20,99,223,1816,0.21257536640729804,0.8540041249349143
CatHub_PBE,Mamun_BEEFvdW,20,123,223,1816,0.22330413277607036,0.8546543419021323
CatHub_PBE,Mamun_BEEFvdW,20,2024,223,1816,0.19377686693568474,0.8756493823508309
CatHub_PBE,Mamun_BEEFvdW,20,31337,223,1816,0.22298023458536903,0.8602754425538796
CatHub_PBE,EqV2_RPBE,20,0,223,471,0.17105830503777536,0.14323319670848014
CatHub_PBE,EqV2_RPBE,20,1,223,471,0.1873519313396102,0.22899656467047794
CatHub_PBE,EqV2_RPBE,20,2,223,471,0.1449825078878578,0.26470925192369715
CatHub_PBE,EqV2_RPBE,20,7,223,471,0.19148759728515144,0.15709907995255126
CatHub_PBE,EqV2_RPBE,20,13,223,471,0.18529568766702376,0.24910243229606285
CatHub_PBE,EqV2_RPBE,20,42,223,471,0.17635083263344667,0.1720392666620927
CatHub_PBE,EqV2_RPBE,20,99,223,471,0.17893840617254675,0.25646509468775774
CatHub_PBE,EqV2_RPBE,20,123,223,471,0.1634485544040429,0.24027456508490427
CatHub_PBE,EqV2_RPBE,20,2024,223,471,0.19354569716259917,0.19779075504826377
CatHub_PBE,EqV2_RPBE,20,31337,223,471,0.19605384908631956,0.2724629258696197
