rank,comp,facet,term,adsorbate,true_E_eV,pred_E_eV,dist_to_target,in_window,statistically_indistinguishable
1,Al3Rh,111,none,CO,0.5565,1.0005,0.0005,True,True
2,Sn3Zr,111,none,CO,1.0465,1.0046,0.0046,True,True
3,Cd3Sc,111,none,CO,0.9665,0.9899,0.0101,True,True
4,Ag3Sc,111,none,CO,0.8565,0.9757,0.0243,True,True
5,Al3Y,111,none,CO,0.6865,0.9532,0.0468,True,True
6,Pb3Sc,111,none,CO,0.9065,0.9497,0.0503,True,True
7,Cd3La,111,none,CO,0.7365,0.9411,0.0589,True,True
8,In3Zr,111,none,CO,1.2465,1.0596,0.0596,True,True
9,Cu3Sc,111,none,CO,0.8765,0.9358,0.0642,True,True
10,Al3Mo,111,none,CO,1.0965,0.9358,0.0642,True,True
11,La3Zn,111,none,CO,0.3365,0.9327,0.0673,True,True
12,Cu3Au,111,none,CO,0.4565,0.9189,0.0811,True,True
13,Zn3Sc,111,none,CO,0.8365,1.0832,0.0832,True,True
14,Tl3Sc,111,none,CO,0.9665,0.912,0.088,True,True
15,Ga3Zr,111,none,CO,1.0865,1.0934,0.0934,True,True
16,Al3Sc,111,none,CO,0.8465,1.11,0.11,True,True
17,Au3Pd,111,none,CO,0.9965,0.8881,0.1119,True,True
18,Al3Ni,111,none,CO,0.5365,0.8863,0.1137,True,True
19,Al3Ir,111,none,CO,1.0265,0.8833,0.1167,True,True
20,Au3Pt,111,none,CO,1.5465,1.1288,0.1288,True,True
21,Y3In,111,none,CO,0.9365,0.868,0.132,True,True
22,Tl3La,111,none,CO,0.6465,0.8674,0.1326,True,True
23,Pd3Bi,111,none,CO,0.9865,1.1362,0.1362,True,True
24,Al3Hf,111,none,CO,1.3065,1.148,0.148,True,True
25,Ga3Hf,111,none,CO,1.2065,1.148,0.148,True,True
26,Al3Zr,111,none,CO,1.2165,1.149,0.149,True,True
27,Al3La,111,none,CO,0.7765,0.8416,0.1584,True,True
28,La3Ge,111,none,CO,-0.0235,1.1586,0.1586,True,True
29,Ge3Sc,111,none,CO,0.6165,0.8368,0.1632,True,True
30,Ga3Sc,111,none,CO,0.7965,0.8171,0.1829,True,True
31,Al3Co,111,none,CO,1.0765,0.8146,0.1854,True,True
32,Tl3Y,111,none,CO,0.8565,0.8092,0.1908,True,True
33,Pt3Zr,111,none,CO,1.2065,1.2005,0.2005,True,True
34,Cd3Y,111,none,CO,0.8465,0.7995,0.2005,True,True
35,Al3Ru,111,none,CO,1.2965,0.7895,0.2105,True,True
36,Pd3Pb,111,none,CO,1.5365,1.2109,0.2109,True,True
37,Au3Hf,111,none,CO,1.1365,1.2157,0.2157,True,True
38,Pb3Y,111,none,CO,0.7765,0.7798,0.2202,True,True
39,Ag3Pd,111,none,CO,1.0765,1.2257,0.2257,True,True
40,Al3Ta,111,none,CO,1.4365,1.2307,0.2307,True,False
41,Pd3Ti,111,none,CO,1.0665,1.2413,0.2413,True,False
42,Ag3Pt,111,none,CO,1.5365,1.2416,0.2416,True,False
43,Cu,211,none,CO,0.657,0.7533,0.2467,True,False
44,Bi3Sc,111,none,CO,0.8665,0.7426,0.2574,True,False
45,Ag3Y,111,none,CO,0.7665,0.7415,0.2585,True,False
46,Al3Ti,111,none,CO,1.3165,1.2601,0.2601,True,False
47,Cu3Pt,111,none,CO,1.4065,1.2622,0.2622,True,False
48,Pd3Sb,111,none,CO,0.9865,1.2689,0.2689,True,False
49,Pd3Sn,111,none,CO,1.4765,1.2698,0.2698,True,False
50,Cd3Pt,111,none,CO,0.7965,0.7257,0.2743,True,False
51,In3Y,111,none,CO,0.7965,0.7244,0.2756,True,False
52,Pd3Y,111,none,CO,1.6365,1.2802,0.2802,True,False
53,Al3V,111,none,CO,1.3565,1.282,0.282,True,False
54,Pd3Zr,111,none,CO,0.9265,1.2921,0.2921,True,False
55,Au3Ti,111,none,CO,1.1265,1.3026,0.3026,False,False
56,Cd3Zr,111,none,CO,1.5865,1.3075,0.3075,False,False
57,Au3Sc,111,none,CO,0.6665,1.3092,0.3092,False,False
58,Ga3Ti,111,none,CO,1.1565,1.3101,0.3101,False,False
59,Pd3Tl,111,none,CO,1.6265,1.3185,0.3185,False,False
60,Pt3Hf,111,none,CO,1.1865,1.3205,0.3205,False,False
61,Pt3Bi,111,none,CO,1.3165,1.3255,0.3255,False,False
62,La3Al,111,none,CO,1.6465,0.6737,0.3263,False,False
63,Pd3Au,111,none,CO,1.6965,1.3316,0.3316,False,False
64,Ag3Al,111,none,CO,0.2565,0.6677,0.3323,False,False
65,Au3Y,111,none,CO,0.5565,1.3371,0.3371,False,False
66,Al3Nb,111,none,CO,1.2665,1.3376,0.3376,False,False
67,Sn3Sc,111,none,CO,0.7365,0.6619,0.3381,False,False
68,Tl3Bi,111,none,CO,-0.1035,0.6546,0.3454,False,False
69,Pt3V,111,none,CO,1.3165,1.3458,0.3458,False,False
70,In3La,111,none,CO,0.5465,0.6527,0.3473,False,False
71,Cu3Pd,111,none,CO,0.9865,1.3521,0.3521,False,False
72,Pd3Ag,111,none,CO,1.6465,1.3603,0.3603,False,False
73,Cu3Al,111,none,CO,0.4365,0.6356,0.3644,False,False
74,Co3Pt,111,none,CO,1.3665,1.3761,0.3761,False,False
75,Ga3Y,111,none,CO,0.6765,0.6175,0.3825,False,False
76,Cd3Pd,111,none,CO,0.4665,0.6159,0.3841,False,False
77,Co3Pd,111,none,CO,1.4165,1.4033,0.4033,False,False
78,Pd3Cd,111,none,CO,1.5865,1.4035,0.4035,False,False
79,Bi3Y,111,none,CO,-0.3235,0.5926,0.4074,False,False
80,Pt3Ga,111,none,CO,1.7065,1.4135,0.4135,False,False
81,Sn3La,111,none,CO,0.5065,0.5838,0.4162,False,False
82,Zn3Pd,111,none,CO,0.3565,0.5827,0.4173,False,False
83,Ga3Nb,111,none,CO,1.0665,1.423,0.423,False,False
84,Pt3W,111,none,CO,1.9365,1.4256,0.4256,False,False
85,Pd,211,none,CO,1.717,1.4274,0.4274,False,False
86,Pd,111,none,CO,1.39,1.4278,0.4278,False,False
87,Pd3Al,111,none,CO,1.6865,1.4303,0.4303,False,False
88,Sc3Cd,111,none,CO,2.7765,1.4386,0.4386,False,False
89,Al3Pt,111,none,CO,0.2465,0.5608,0.4392,False,False
90,Pt3Cu,111,none,CO,1.4465,1.4488,0.4488,False,False
91,La3Ga,111,none,CO,1.6865,0.5511,0.4489,False,False
92,Ni3Co,111,none,CO,1.5065,1.4577,0.4577,False,False
93,Pt3Ag,111,none,CO,1.5365,1.459,0.459,False,False
94,Zn3Ir,111,none,CO,1.8465,1.4592,0.4592,False,False
95,Pt,211,none,CO,1.827,1.46,0.46,False,False
96,Pt3Sn,111,none,CO,1.4065,1.4768,0.4768,False,False
97,Cd3Rh,111,none,CO,1.6465,1.4793,0.4793,False,False
98,Pd3V,111,none,CO,1.3965,1.4878,0.4878,False,False
99,La3Cd,111,none,CO,2.0565,0.5081,0.4919,False,False
100,Sn3Y,111,none,CO,0.6465,0.508,0.492,False,False
101,Ag,211,none,CO,0.067,0.5054,0.4946,False,False
102,La3Si,111,none,CO,0.6165,0.4948,0.5052,False,False
103,Ge3Y,111,none,CO,0.5965,0.4931,0.5069,False,False
104,Cu,111,none,CO,0.36,0.4928,0.5072,False,False
105,Pd3Ta,111,none,CO,1.5865,1.5098,0.5098,False,False
106,Pt3Nb,111,none,CO,1.3265,1.5221,0.5221,False,False
107,Pd3Cu,111,none,CO,1.5665,1.5235,0.5235,False,False
108,Co3Fe,111,none,CO,1.6565,1.5318,0.5318,False,False
109,Ni3Pt,111,none,CO,1.5465,1.5356,0.5356,False,False
110,Pt3Cd,111,none,CO,1.6565,1.552,0.552,False,False
111,Pt3Pb,111,none,CO,1.3765,1.5545,0.5545,False,False
112,Pd3Zn,111,none,CO,1.5365,1.5653,0.5653,False,False
113,Ag3Zn,111,none,CO,0.0065,0.433,0.567,False,False
114,Pd3Nb,111,none,CO,1.4765,1.5697,0.5697,False,False
115,Ni3Si,111,none,CO,1.8965,1.5705,0.5705,False,False
116,Co3Rh,111,none,CO,1.5565,1.5707,0.5707,False,False
117,Zn3Rh,111,none,CO,1.4065,1.5724,0.5724,False,False
118,Au,211,none,CO,0.367,0.4269,0.5731,False,False
119,Ni,111,none,CO,1.31,1.5735,0.5735,False,False
120,Pt3Zn,111,none,CO,1.5665,1.5755,0.5755,False,False
121,Ni,211,none,CO,1.687,1.5773,0.5773,False,False
122,Pt3Ta,111,none,CO,1.4565,1.5776,0.5776,False,False
123,Co3Ni,111,none,CO,1.4465,1.5785,0.5785,False,False
124,Pt3Au,111,none,CO,1.5265,1.5872,0.5872,False,False
125,Ni3Ge,111,none,CO,1.8765,1.5878,0.5878,False,False
126,Ti3In,111,none,CO,1.7365,1.5893,0.5893,False,False
127,Au,111,none,CO,-0.1,0.4073,0.5927,False,False
128,Cu3Zn,111,none,CO,0.5265,0.4045,0.5955,False,False
129,Co3Ir,111,none,CO,2.0765,1.5989,0.5989,False,False
130,Rh3Zn,111,none,CO,2.0365,1.6014,0.6014,False,False
131,Pd3In,111,none,CO,1.6465,1.6021,0.6021,False,False
132,Zn3Zr,111,none,CO,1.3265,1.6108,0.6108,False,False
133,Zn3Ti,111,none,CO,1.4365,1.6156,0.6156,False,False
134,Al3Pd,111,none,CO,0.2065,0.3758,0.6242,False,False
135,Pd3Ga,111,none,CO,1.6765,1.6272,0.6272,False,False
136,Fe3Pt,111,none,CO,1.3365,1.6306,0.6306,False,False
137,Zn3Ni,111,none,CO,1.1165,1.6328,0.6328,False,False
138,Co3W,111,none,CO,1.7865,1.6351,0.6351,False,False
139,La3Sn,111,none,CO,1.8065,1.6539,0.6539,False,False
140,Fe3Ge,111,none,CO,1.4265,1.6549,0.6549,False,False
141,Ni3Al,111,none,CO,2.0165,1.6553,0.6553,False,False
142,Pt3Sc,111,none,CO,1.6865,1.6553,0.6553,False,False
143,Co3Ge,111,none,CO,1.6565,1.6617,0.6617,False,False
144,Pt3Al,111,none,CO,1.6765,1.6628,0.6628,False,False
145,Zn3Au,111,none,CO,-0.1235,0.3318,0.6682,False,False
146,Pd3La,111,none,CO,1.3965,1.6728,0.6728,False,False
147,Fe3Si,111,none,CO,1.4865,1.6776,0.6776,False,False
148,Al3Cu,111,none,CO,0.2365,0.3221,0.6779,False,False
149,Co,211,none,CO,1.537,1.6806,0.6806,False,False
150,Zn3Hf,111,none,CO,1.4765,1.6815,0.6815,False,False
151,Pt3In,111,none,CO,1.6665,1.6936,0.6936,False,False
152,Pt3Mo,111,none,CO,1.6665,1.701,0.701,False,False
153,Ni3Ti,111,none,CO,1.7165,1.7025,0.7025,False,False
154,La3Pb,111,none,CO,1.9165,1.7029,0.7029,False,False
155,Au3Zn,111,none,CO,0.0065,0.2951,0.7049,False,False
156,Fe3Al,111,none,CO,1.6965,1.7057,0.7057,False,False
157,Ru3Ga,111,none,CO,2.0565,1.7131,0.7131,False,False
158,Pt,111,none,CO,1.24,1.7159,0.7159,False,False
159,Y3Al,111,none,CO,2.2265,0.2819,0.7181,False,False
160,Ag3Ga,111,none,CO,-0.0235,0.2802,0.7198,False,False
161,Rh3Al,111,none,CO,1.9465,1.7322,0.7322,False,False
162,Pt3Y,111,none,CO,1.7565,1.7337,0.7337,False,False
163,Ni3Zr,111,none,CO,1.6665,1.7348,0.7348,False,False
164,Pt3Cr,111,none,CO,0.9265,1.7391,0.7391,False,False
165,La3Bi,111,none,CO,2.0465,1.7451,0.7451,False,False
166,Ni3Sn,111,none,CO,1.7765,1.7484,0.7484,False,False
167,Co3Ga,111,none,CO,1.6165,1.7516,0.7516,False,False
168,Al3Au,111,none,CO,0.2765,0.2484,0.7516,False,False
169,Ir3Re,111,none,CO,2.3065,1.7535,0.7535,False,False
170,Ni3Hf,111,none,CO,1.6765,1.7542,0.7542,False,False
171,Co3Si,111,none,CO,1.7265,1.7575,0.7575,False,False
172,Zn3Mo,111,none,CO,2.4365,1.7591,0.7591,False,False
173,Au3In,111,none,CO,-0.3135,0.2349,0.7651,False,False
174,Pt3Ni,111,none,CO,1.3865,1.7653,0.7653,False,False
175,Co3Al,111,none,CO,1.7465,1.7659,0.7659,False,False
176,Ni3As,111,none,CO,1.5465,1.7741,0.7741,False,False
177,Rh3Mo,111,none,CO,1.7565,1.7769,0.7769,False,False
178,La3Tl,111,none,CO,1.9065,1.7812,0.7812,False,False
179,Ir3Fe,111,none,CO,1.9365,1.7813,0.7813,False,False
180,Pt3Co,111,none,CO,1.2865,1.782,0.782,False,False
181,Co3V,111,none,CO,1.7965,1.7825,0.7825,False,False
182,Zn3Ru,111,none,CO,1.9565,1.7848,0.7848,False,False
183,Re3Pt,111,none,CO,1.6765,1.786,0.786,False,False
184,Re3Rh,111,none,CO,1.7865,1.7997,0.7997,False,False
185,Rh,111,none,CO,1.6,1.8005,0.8005,False,False
186,Mn3Si,111,none,CO,1.7965,1.8028,0.8028,False,False
187,Ir3Cr,111,none,CO,1.6465,1.8033,0.8033,False,False
188,Ru3Al,111,none,CO,2.0565,1.8053,0.8053,False,False
189,Ag3Au,111,none,CO,0.0465,0.1924,0.8076,False,False
190,Rh3Si,111,none,CO,2.0765,1.81,0.81,False,False
191,Ni3Ga,111,none,CO,1.9465,1.8128,0.8128,False,False
192,Rh3Sb,111,none,CO,1.8965,1.816,0.816,False,False
193,Ru,211,none,CO,1.957,1.8249,0.8249,False,False
194,Ni3Sc,111,none,CO,2.2165,1.8258,0.8258,False,False
195,Zn3Ta,111,none,CO,2.2665,1.8264,0.8264,False,False
196,Ir3V,111,none,CO,1.8665,1.8311,0.8311,False,False
197,Ag,111,none,CO,-0.05,0.1656,0.8344,False,False
198,Pd3Fe,111,none,CO,1.4365,1.841,0.841,False,False
199,Ru3Ir,111,none,CO,2.1065,1.843,0.843,False,False
200,Ni3In,111,none,CO,1.8965,1.8456,0.8456,False,False
201,Fe3V,111,none,CO,1.7765,1.8474,0.8474,False,False
202,Rh3Fe,111,none,CO,1.8965,1.8511,0.8511,False,False
203,Ir3Al,111,none,CO,1.9765,1.8534,0.8534,False,False
204,Ir3La,111,none,CO,2.6965,1.8546,0.8546,False,False
205,Ir3Ga,111,none,CO,1.9665,1.8616,0.8616,False,False
206,Cu3Ga,111,none,CO,0.3765,0.1315,0.8685,False,False
207,Pt3La,111,none,CO,1.6865,1.8837,0.8837,False,False
208,Ru,111,none,CO,1.64,1.8851,0.8851,False,False
209,Rh3Re,111,none,CO,2.1865,1.8891,0.8891,False,False
210,Ru3W,111,none,CO,1.8965,1.8946,0.8946,False,False
211,Rh3In,111,none,CO,2.0265,1.8961,0.8961,False,False
212,Ir3Mo,111,none,CO,1.7165,1.8985,0.8985,False,False
213,V3Ga,111,none,CO,1.8665,1.9066,0.9066,False,False
214,Ir,211,none,CO,2.267,1.9129,0.9129,False,False
215,Zn3Cu,111,none,CO,0.1565,0.0861,0.9139,False,False
216,V3Al,111,none,CO,1.9965,1.9139,0.9139,False,False
217,V3Ge,111,none,CO,1.8365,1.916,0.916,False,False
218,Ag3Cd,111,none,CO,-0.0235,0.0806,0.9194,False,False
219,Ru3V,111,none,CO,1.8765,1.9254,0.9254,False,False
220,Cd3Ag,111,none,CO,-0.1335,0.0727,0.9273,False,False
221,Rh3V,111,none,CO,1.9065,1.9277,0.9277,False,False
222,La3Sb,111,none,CO,1.9265,1.9289,0.9289,False,False
223,Re3Ir,111,none,CO,1.7265,1.9291,0.9291,False,False
224,Rh3Sn,111,none,CO,1.9665,1.9342,0.9342,False,False
225,Ni3Zn,111,none,CO,1.9265,1.9387,0.9387,False,False
226,Rh3La,111,none,CO,2.5865,1.94,0.94,False,False
227,Cd3Au,111,none,CO,-0.4235,0.057,0.943,False,False
228,Rh3Ge,111,none,CO,2.0365,1.9441,0.9441,False,False
229,Zr3As,111,none,CO,2.7665,1.9487,0.9487,False,False
230,Rh3Ga,111,none,CO,1.9865,1.9495,0.9495,False,False
231,V3Si,111,none,CO,1.7865,1.9571,0.9571,False,False
232,La3In,111,none,CO,0.7565,1.9597,0.9597,False,False
233,Ir3Nb,111,none,CO,1.8765,1.9648,0.9648,False,False
234,Rh,211,none,CO,1.867,1.966,0.966,False,False
235,Mo3Pt,111,none,CO,1.7465,1.9714,0.9714,False,False
236,Ag3In,111,none,CO,-0.0735,0.0226,0.9774,False,False
237,Sc3Hg,111,none,CO,1.1165,1.9814,0.9814,False,False
238,Rh3Ta,111,none,CO,2.2465,1.9817,0.9817,False,False
239,Ir3Ru,111,none,CO,1.8865,1.9889,0.9889,False,False
240,Rh3Nb,111,none,CO,2.0665,1.9891,0.9891,False,False
241,Au3Cd,111,none,CO,-0.0035,0.0105,0.9895,False,False
242,Fe,211,none,CO,1.527,1.9907,0.9907,False,False
243,Bi3La,111,none,CO,0.4565,-0.0151,1.0151,False,False
244,Co3Ti,111,none,CO,1.9565,2.0155,1.0155,False,False
245,Au3Ag,111,none,CO,0.0065,-0.0169,1.0169,False,False
246,Ir3Ta,111,none,CO,1.8965,2.0197,1.0197,False,False
247,Ir3W,111,none,CO,1.6565,2.0278,1.0278,False,False
248,V3Sb,111,none,CO,1.7965,2.0359,1.0359,False,False
249,Ru3Nb,111,none,CO,2.0565,2.0574,1.0574,False,False
250,Nb3Al,111,none,CO,2.1165,2.0579,1.0579,False,False
251,Fe3Ti,111,none,CO,1.7765,2.0583,1.0583,False,False
252,Nb3Ga,111,none,CO,2.1265,2.0625,1.0625,False,False
253,Re,211,none,CO,2.187,2.0646,1.0646,False,False
254,V3Ir,111,none,CO,1.9865,2.0689,1.0689,False,False
255,V3As,111,none,CO,1.9865,2.0832,1.0832,False,False
256,Co3Zr,111,none,CO,2.7065,2.0833,1.0833,False,False
257,Ta3Si,111,none,CO,2.2465,2.0916,1.0916,False,False
258,Nb3Si,111,none,CO,2.0465,2.0916,1.0916,False,False
259,Ru3Ta,111,none,CO,2.0665,2.1097,1.1097,False,False
260,Ru3Ti,111,none,CO,2.1165,2.1239,1.1239,False,False
261,Nb3Ge,111,none,CO,2.1265,2.1242,1.1242,False,False
262,Zn3Nb,111,none,CO,1.9865,2.1266,1.1266,False,False
263,Ir3Ti,111,none,CO,2.0765,2.1293,1.1293,False,False
264,Nb3As,111,none,CO,2.4065,2.1342,1.1342,False,False
265,Ti3Al,111,none,CO,2.2965,2.1509,1.1509,False,False
266,Ta3Al,111,none,CO,2.2165,2.1535,1.1535,False,False
267,Rh3Ti,111,none,CO,2.0865,2.1554,1.1554,False,False
268,Ti3Ge,111,none,CO,2.2765,2.1596,1.1596,False,False
269,Ir3Hf,111,none,CO,2.2265,2.1738,1.1738,False,False
270,Ti3Sn,111,none,CO,2.2865,2.1761,1.1761,False,False
271,Ti3Si,111,none,CO,2.0765,2.1781,1.1781,False,False
272,Nb3Pt,111,none,CO,2.3265,2.2034,1.2034,False,False
273,Sc3Zn,111,none,CO,2.5965,2.2101,1.2101,False,False
274,Ti3Ga,111,none,CO,2.2465,2.2144,1.2144,False,False
275,Ta3Pt,111,none,CO,2.6165,2.2227,1.2227,False,False
276,Zr3Al,111,none,CO,2.3065,2.2278,1.2278,False,False
277,Y3Tl,111,none,CO,2.5265,2.2368,1.2368,False,False
278,Hf3Si,111,none,CO,2.2765,2.2523,1.2523,False,False
279,Rh3Hf,111,none,CO,2.2365,2.2526,1.2526,False,False
280,Ta3Ge,111,none,CO,2.2965,2.2554,1.2554,False,False
281,Ir3Zr,111,none,CO,2.2365,2.2638,1.2638,False,False
282,Zr3Si,111,none,CO,2.2465,2.2719,1.2719,False,False
283,Ru3Hf,111,none,CO,2.2965,2.273,1.2729,False,False
284,Rh3Sc,111,none,CO,2.3265,2.2762,1.2762,False,False
285,Hf3Zn,111,none,CO,2.4365,2.2764,1.2764,False,False
286,Y3Ga,111,none,CO,2.2965,2.2816,1.2816,False,False
287,Rh3Zr,111,none,CO,2.2365,2.2861,1.2861,False,False
288,Sc3Ge,111,none,CO,2.4465,2.2872,1.2872,False,False
289,Nb3Sb,111,none,CO,2.3365,2.288,1.288,False,False
290,Sc3Ga,111,none,CO,2.4265,2.2941,1.2941,False,False
291,Ti3Zn,111,none,CO,2.3765,2.3109,1.3109,False,False
292,Ru3Zr,111,none,CO,2.3065,2.3197,1.3197,False,False
293,Ir3Sc,111,none,CO,2.2565,2.3377,1.3377,False,False
294,Sc3Si,111,none,CO,2.2965,2.3394,1.3394,False,False
295,Zr3Ga,111,none,CO,2.3665,2.3415,1.3415,False,False
296,Y3Si,111,none,CO,0.9765,2.3452,1.3452,False,False
297,Y3Cd,111,none,CO,-0.0035,2.3587,1.3587,False,False
298,Y3Pb,111,none,CO,2.5365,2.3623,1.3623,False,False
299,Y3Sn,111,none,CO,2.4065,2.3647,1.3647,False,False
300,Hf3Al,111,none,CO,2.3065,2.3772,1.3772,False,False
301,Hf3Ga,111,none,CO,2.3065,2.381,1.381,False,False
302,Ti3Au,111,none,CO,2.5265,2.391,1.391,False,False
303,Ti3Sb,111,none,CO,2.4065,2.3946,1.3946,False,False
304,Ru3Sc,111,none,CO,2.2465,2.3968,1.3968,False,False
305,Ti3Bi,111,none,CO,2.4765,2.3979,1.3979,False,False
306,Sc3As,111,none,CO,1.0465,2.4029,1.4029,False,False
307,Ti3Pb,111,none,CO,2.3565,2.4068,1.4068,False,False
308,Sc3Bi,111,none,CO,2.8565,2.4101,1.4101,False,False
309,Sc3Sb,111,none,CO,2.7065,2.4104,1.4104,False,False
310,Co3Hf,111,none,CO,2.0365,2.4115,1.4115,False,False
311,Sc3Al,111,none,CO,2.3665,2.4274,1.4274,False,False
312,Hf3Ge,111,none,CO,2.3965,2.4384,1.4384,False,False
313,Rh3Y,111,none,CO,2.5465,2.4403,1.4403,False,False
314,Zr3Zn,111,none,CO,2.3865,2.4492,1.4492,False,False
315,Ir3Y,111,none,CO,2.5665,2.4495,1.4495,False,False
316,Ti3Pd,111,none,CO,2.6565,2.4519,1.4519,False,False
317,Y3Sb,111,none,CO,2.5165,2.4552,1.4552,False,False
318,Ti3As,111,none,CO,2.4665,2.4755,1.4755,False,False
319,Zr3Ge,111,none,CO,2.3565,2.4808,1.4808,False,False
320,Zr3Pb,111,none,CO,2.5365,2.4931,1.4931,False,False
321,Zr3Cd,111,none,CO,2.5565,2.5007,1.5007,False,False
322,Sc3Pb,111,none,CO,2.7465,2.5023,1.5023,False,False
323,Sc3Sn,111,none,CO,2.5965,2.5207,1.5207,False,False
324,Ti3Pt,111,none,CO,2.5165,2.5287,1.5287,False,False
325,Zr3Sn,111,none,CO,2.4065,2.5518,1.5518,False,False
326,Hf3Sn,111,none,CO,2.4465,2.5548,1.5548,False,False
327,Hf3Au,111,none,CO,2.6265,2.5851,1.5851,False,False
328,Hf3Bi,111,none,CO,2.6965,2.6137,1.6137,False,False
329,Zr3Au,111,none,CO,2.5365,2.6156,1.6156,False,False
330,Sc3In,111,none,CO,1.0265,2.6162,1.6162,False,False
331,Zr3Sb,111,none,CO,2.6565,2.6463,1.6463,False,False
332,Hf3Sb,111,none,CO,2.6565,2.6518,1.6518,False,False
333,Hf3As,111,none,CO,2.7965,2.6701,1.6701,False,False
334,Zr3Bi,111,none,CO,2.7065,2.6978,1.6978,False,False
