comp,facet,term,adsorbate,energy_eV,dataset_src,n_raw
Ag,111,none,CO,-0.05,"DACAPO, RPBE @ CAMD/SUNCAT",1
Ag,211,none,CO,0.067,"DACAPO, RPBE @ CAMD/SUNCAT",1
Ag3Al,111,none,CO,0.256524751,"SUNCAT alloys, DACAPO/RPBE",1
Ag3Au,111,none,CO,0.0465247509975,"SUNCAT alloys, DACAPO/RPBE",1
Ag3Cd,111,none,CO,-0.0234752489986,"SUNCAT alloys, DACAPO/RPBE",1
Ag3Ga,111,none,CO,-0.0234752489986,"SUNCAT alloys, DACAPO/RPBE",1
Ag3In,111,none,CO,-0.0734752490015,"SUNCAT alloys, DACAPO/RPBE",1
Ag3Pd,111,none,CO,1.076524751,"SUNCAT alloys, DACAPO/RPBE",1
Ag3Pt,111,none,CO,1.536524751,"SUNCAT alloys, DACAPO/RPBE",1
Ag3Sc,111,none,CO,0.856524751002,"SUNCAT alloys, DACAPO/RPBE",1
Ag3Y,111,none,CO,0.766524750999,"SUNCAT alloys, DACAPO/RPBE",1
Ag3Zn,111,none,CO,0.00652475100026,"SUNCAT alloys, DACAPO/RPBE",1
AgAg3,211,AB,O,0.79983,"SUNCAT alloys, DACAPO/RPBE",1
AgAu3,211,AB,O,0.22554,"SUNCAT alloys, DACAPO/RPBE",1
AgAu3,211,BB,O,0.17111,"SUNCAT alloys, DACAPO/RPBE",1
AgCd3,211,AB,O,1.53947,"SUNCAT alloys, DACAPO/RPBE",1
AgCd3,211,BB,O,1.81827,"SUNCAT alloys, DACAPO/RPBE",1
AgCu3,211,AB,O,1.34328,"SUNCAT alloys, DACAPO/RPBE",1
AgCu3,211,BB,O,1.86687,"SUNCAT alloys, DACAPO/RPBE",1
AgNi3,211,AB,O,2.63609,"SUNCAT alloys, DACAPO/RPBE",1
AgNi3,211,BB,O,2.89826,"SUNCAT alloys, DACAPO/RPBE",1
AgPd3,211,AB,O,0.93781,"SUNCAT alloys, DACAPO/RPBE",1
AgPd3,211,BB,O,1.0675,"SUNCAT alloys, DACAPO/RPBE",1
AgPt3,211,AB,O,0.846,"SUNCAT alloys, DACAPO/RPBE",1
AgPt3,211,BB,O,1.4559,"SUNCAT alloys, DACAPO/RPBE",1
AgZn3,211,AB,O,2.14943,"SUNCAT alloys, DACAPO/RPBE",1
AgZn3,211,BB,O,2.67651,"SUNCAT alloys, DACAPO/RPBE",1
Al3Au,111,none,CO,0.276524751,"SUNCAT alloys, DACAPO/RPBE",1
Al3Co,111,none,CO,1.076524751,"SUNCAT alloys, DACAPO/RPBE",1
Al3Cu,111,none,CO,0.236524751001,"SUNCAT alloys, DACAPO/RPBE",1
Al3Hf,111,none,CO,1.306524751,"SUNCAT alloys, DACAPO/RPBE",1
Al3Ir,111,none,CO,1.026524751,"SUNCAT alloys, DACAPO/RPBE",1
Al3La,111,none,CO,0.776524751,"SUNCAT alloys, DACAPO/RPBE",1
Al3Mo,111,none,CO,1.096524751,"SUNCAT alloys, DACAPO/RPBE",1
Al3Nb,111,none,CO,1.266524751,"SUNCAT alloys, DACAPO/RPBE",1
Al3Ni,111,none,CO,0.536524751,"SUNCAT alloys, DACAPO/RPBE",1
Al3Pd,111,none,CO,0.206524751,"SUNCAT alloys, DACAPO/RPBE",1
Al3Pt,111,none,CO,0.246524751,"SUNCAT alloys, DACAPO/RPBE",1
Al3Rh,111,none,CO,0.556524751,"SUNCAT alloys, DACAPO/RPBE",1
Al3Ru,111,none,CO,1.296524751,"SUNCAT alloys, DACAPO/RPBE",1
Al3Sc,111,none,CO,0.846524751,"SUNCAT alloys, DACAPO/RPBE",1
Al3Ta,111,none,CO,1.436524751,"SUNCAT alloys, DACAPO/RPBE",1
Al3Ti,111,none,CO,1.316524751,"SUNCAT alloys, DACAPO/RPBE",1
Al3V,111,none,CO,1.356524751,"SUNCAT alloys, DACAPO/RPBE",1
Al3Y,111,none,CO,0.686524751001,"SUNCAT alloys, DACAPO/RPBE",1
Al3Zr,111,none,CO,1.216524751,"SUNCAT alloys, DACAPO/RPBE",1
AlAl3,211,AB,O,4.49203,"SUNCAT alloys, DACAPO/RPBE",1
AlAu3,211,AB,O,3.50254,"SUNCAT alloys, DACAPO/RPBE",1
AlAu3,211,BB,O,1.93803,"SUNCAT alloys, DACAPO/RPBE",1
AlCu3,211,AB,O,3.14387,"SUNCAT alloys, DACAPO/RPBE",1
AlCu3,211,BB,O,2.87858,"SUNCAT alloys, DACAPO/RPBE",1
AlNi3,211,AB,O,2.92331,"SUNCAT alloys, DACAPO/RPBE",1
AlNi3,211,BB,O,2.92294,"SUNCAT alloys, DACAPO/RPBE",1
AlPd3,211,AB,O,2.41486,"SUNCAT alloys, DACAPO/RPBE",1
AlPd3,211,BB,O,1.86874,"SUNCAT alloys, DACAPO/RPBE",1
AlPt3,211,AB,O,2.12735,"SUNCAT alloys, DACAPO/RPBE",1
AlPt3,211,BB,O,1.78313,"SUNCAT alloys, DACAPO/RPBE",1
AlRh,211,AA,O,3.02475,"SUNCAT alloys, DACAPO/RPBE",1
AlRh,211,BB,O,3.83176,"SUNCAT alloys, DACAPO/RPBE",1
AlRu,211,AA,O,3.32909,"SUNCAT alloys, DACAPO/RPBE",1
AlRu,211,BB,O,3.46347,"SUNCAT alloys, DACAPO/RPBE",1
AsAg3,211,AB,O,1.51092,"SUNCAT alloys, DACAPO/RPBE",1
AsAg3,211,BB,O,1.38104,"SUNCAT alloys, DACAPO/RPBE",1
AsAs3,211,AB,O,3.44861,"SUNCAT alloys, DACAPO/RPBE",1
AsCu3,211,AB,O,1.54866,"SUNCAT alloys, DACAPO/RPBE",1
AsCu3,211,BB,O,1.77344,"SUNCAT alloys, DACAPO/RPBE",1
AsFe3,211,AB,O,2.82077,"SUNCAT alloys, DACAPO/RPBE",1
AsFe3,211,BB,O,3.35127,"SUNCAT alloys, DACAPO/RPBE",1
AsNi3,211,AB,O,1.72433,"SUNCAT alloys, DACAPO/RPBE",1
AsNi3,211,BB,O,2.53638,"SUNCAT alloys, DACAPO/RPBE",1
AsPd,211,AA,O,2.19155,"SUNCAT alloys, DACAPO/RPBE",1
AsPd,211,BB,O,1.24928,"SUNCAT alloys, DACAPO/RPBE",1
AsPd3,211,AB,O,1.52454,"SUNCAT alloys, DACAPO/RPBE",1
AsPd3,211,BB,O,1.3701,"SUNCAT alloys, DACAPO/RPBE",1
AsPt,211,AA,O,0.8563,"SUNCAT alloys, DACAPO/RPBE",1
AsPt,211,BB,O,1.10547,"SUNCAT alloys, DACAPO/RPBE",1
AsPt3,211,AB,O,1.58392,"SUNCAT alloys, DACAPO/RPBE",1
AsPt3,211,BB,O,1.53878,"SUNCAT alloys, DACAPO/RPBE",1
AsRh,211,AA,O,1.58372,"SUNCAT alloys, DACAPO/RPBE",1
AsRh,211,BB,O,1.41358,"SUNCAT alloys, DACAPO/RPBE",1
AsRh3,211,AB,O,1.68464,"SUNCAT alloys, DACAPO/RPBE",1
AsRh3,211,BB,O,2.31263,"SUNCAT alloys, DACAPO/RPBE",1
AsRu,211,AA,O,1.9219,"SUNCAT alloys, DACAPO/RPBE",1
AsRu,211,BB,O,0.90922,"SUNCAT alloys, DACAPO/RPBE",1
Au,111,none,CO,-0.1,"DACAPO, RPBE @ CAMD/SUNCAT",1
Au,211,none,CO,0.367,"DACAPO, RPBE @ CAMD/SUNCAT",1
Au3Ag,111,none,CO,0.00652475100026,"SUNCAT alloys, DACAPO/RPBE",1
Au3Cd,111,none,CO,-0.00347524899814,"SUNCAT alloys, DACAPO/RPBE",1
Au3Hf,111,none,CO,1.136524751,"SUNCAT alloys, DACAPO/RPBE",1
Au3In,111,none,CO,-0.313475249003,"SUNCAT alloys, DACAPO/RPBE",1
Au3Pd,111,none,CO,0.996524750998,"SUNCAT alloys, DACAPO/RPBE",1
Au3Pt,111,none,CO,1.546524751,"SUNCAT alloys, DACAPO/RPBE",1
Au3Sc,111,none,CO,0.666524751,"SUNCAT alloys, DACAPO/RPBE",1
Au3Ti,111,none,CO,1.126524751,"SUNCAT alloys, DACAPO/RPBE",1
Au3Y,111,none,CO,0.556524751,"SUNCAT alloys, DACAPO/RPBE",1
Au3Zn,111,none,CO,0.00652475100026,"SUNCAT alloys, DACAPO/RPBE",1
AuAg3,211,AB,O,0.45348,"SUNCAT alloys, DACAPO/RPBE",1
AuAg3,211,BB,O,0.71382,"SUNCAT alloys, DACAPO/RPBE",1
AuAu3,211,AB,O,0.07569,"SUNCAT alloys, DACAPO/RPBE",1
AuCd3,211,AB,O,1.5075,"SUNCAT alloys, DACAPO/RPBE",1
AuCd3,211,BB,O,1.8606,"SUNCAT alloys, DACAPO/RPBE",1
AuCu3,211,AB,O,1.49976,"SUNCAT alloys, DACAPO/RPBE",1
AuCu3,211,BB,O,1.66558,"SUNCAT alloys, DACAPO/RPBE",1
AuIn3,211,BB,O,2.03767,"SUNCAT alloys, DACAPO/RPBE",1
AuNi3,211,AB,O,2.50576,"SUNCAT alloys, DACAPO/RPBE",1
AuNi3,211,BB,O,2.65897,"SUNCAT alloys, DACAPO/RPBE",1
AuPd3,211,AB,O,0.99312,"SUNCAT alloys, DACAPO/RPBE",1
AuPd3,211,BB,O,0.95994,"SUNCAT alloys, DACAPO/RPBE",1
AuPt3,211,AB,O,0.90308,"SUNCAT alloys, DACAPO/RPBE",1
AuPt3,211,BB,O,1.42497,"SUNCAT alloys, DACAPO/RPBE",1
AuZn3,211,AB,O,2.27373,"SUNCAT alloys, DACAPO/RPBE",1
AuZn3,211,BB,O,2.70078,"SUNCAT alloys, DACAPO/RPBE",1
Bi3La,111,none,CO,0.456524750997,"SUNCAT alloys, DACAPO/RPBE",1
Bi3Sc,111,none,CO,0.866524751001,"SUNCAT alloys, DACAPO/RPBE",1
Bi3Y,111,none,CO,-0.323475249001,"SUNCAT alloys, DACAPO/RPBE",1
BiAg3,211,AB,O,1.13371,"SUNCAT alloys, DACAPO/RPBE",1
BiAg3,211,BB,O,1.10026,"SUNCAT alloys, DACAPO/RPBE",1
BiAu,211,AA,O,1.32924,"SUNCAT alloys, DACAPO/RPBE",1
BiAu,211,BB,O,1.24235,"SUNCAT alloys, DACAPO/RPBE",1
BiAu3,211,AB,O,0.96739,"SUNCAT alloys, DACAPO/RPBE",1
BiAu3,211,BB,O,0.75646,"SUNCAT alloys, DACAPO/RPBE",1
BiBi3,211,AB,O,1.75827,"SUNCAT alloys, DACAPO/RPBE",1
BiPd,211,AA,O,0.90178,"SUNCAT alloys, DACAPO/RPBE",1
BiPd,211,BB,O,0.86726,"SUNCAT alloys, DACAPO/RPBE",1
BiPd3,211,AB,O,0.87706,"SUNCAT alloys, DACAPO/RPBE",1
BiPd3,211,BB,O,0.71818,"SUNCAT alloys, DACAPO/RPBE",1
BiPt,211,AA,O,2.53925,"SUNCAT alloys, DACAPO/RPBE",1
BiPt,211,BB,O,0.90361,"SUNCAT alloys, DACAPO/RPBE",1
BiPt3,211,AB,O,1.0554,"SUNCAT alloys, DACAPO/RPBE",1
BiPt3,211,BB,O,1.45462,"SUNCAT alloys, DACAPO/RPBE",1
BiRh,211,AA,O,2.72106,"SUNCAT alloys, DACAPO/RPBE",1
BiRh,211,BB,O,1.45701,"SUNCAT alloys, DACAPO/RPBE",1
BiRh3,211,AB,O,1.79611,"SUNCAT alloys, DACAPO/RPBE",1
BiRh3,211,BB,O,2.41291,"SUNCAT alloys, DACAPO/RPBE",1
Cd3Ag,111,none,CO,-0.133475248999,"SUNCAT alloys, DACAPO/RPBE",1
Cd3Au,111,none,CO,-0.423475249,"SUNCAT alloys, DACAPO/RPBE",1
Cd3La,111,none,CO,0.736524751,"SUNCAT alloys, DACAPO/RPBE",1
Cd3Pd,111,none,CO,0.466524750999,"SUNCAT alloys, DACAPO/RPBE",1
Cd3Pt,111,none,CO,0.796524751001,"SUNCAT alloys, DACAPO/RPBE",1
Cd3Rh,111,none,CO,1.646524751,"SUNCAT alloys, DACAPO/RPBE",1
Cd3Sc,111,none,CO,0.966524750999,"SUNCAT alloys, DACAPO/RPBE",1
Cd3Y,111,none,CO,0.846524751,"SUNCAT alloys, DACAPO/RPBE",1
Cd3Zr,111,none,CO,1.586524751,"SUNCAT alloys, DACAPO/RPBE",1
CdAg3,211,AB,O,1.15978,"SUNCAT alloys, DACAPO/RPBE",1
CdAg3,211,BB,O,1.05604,"SUNCAT alloys, DACAPO/RPBE",1
CdAu3,211,AB,O,0.93094,"SUNCAT alloys, DACAPO/RPBE",1
CdAu3,211,BB,O,0.59372,"SUNCAT alloys, DACAPO/RPBE",1
CdCd3,211,AB,O,1.7929,"SUNCAT alloys, DACAPO/RPBE",1
CdCu3,211,AB,O,1.6738,"SUNCAT alloys, DACAPO/RPBE",1
CdCu3,211,BB,O,1.9228,"SUNCAT alloys, DACAPO/RPBE",1
CdPd,211,AA,O,0.96238,"SUNCAT alloys, DACAPO/RPBE",1
CdPd,211,BB,O,1.34658,"SUNCAT alloys, DACAPO/RPBE",1
CdPd3,211,AB,O,0.86765,"SUNCAT alloys, DACAPO/RPBE",1
CdPd3,211,BB,O,0.98207,"SUNCAT alloys, DACAPO/RPBE",1
CdPt,211,AA,O,1.2553,"SUNCAT alloys, DACAPO/RPBE",1
CdPt,211,BB,O,1.28725,"SUNCAT alloys, DACAPO/RPBE",1
CdPt3,211,AB,O,1.0801,"SUNCAT alloys, DACAPO/RPBE",1
CdPt3,211,BB,O,1.46325,"SUNCAT alloys, DACAPO/RPBE",1
CdRh,211,AA,O,2.70503,"SUNCAT alloys, DACAPO/RPBE",1
CdRh,211,BB,O,1.94131,"SUNCAT alloys, DACAPO/RPBE",1
Co,211,none,CO,1.537,"DACAPO, RPBE @ CAMD/SUNCAT",1
Co3Al,111,none,CO,1.746524751,"SUNCAT alloys, DACAPO/RPBE",1
Co3Fe,111,none,CO,1.656524751,"SUNCAT alloys, DACAPO/RPBE",1
Co3Ga,111,none,CO,1.616524751,"SUNCAT alloys, DACAPO/RPBE",1
Co3Ge,111,none,CO,1.656524751,"SUNCAT alloys, DACAPO/RPBE",1
Co3Hf,111,none,CO,2.036524751,"SUNCAT alloys, DACAPO/RPBE",1
Co3Ir,111,none,CO,2.076524751,"SUNCAT alloys, DACAPO/RPBE",1
Co3Ni,111,none,CO,1.446524751,"SUNCAT alloys, DACAPO/RPBE",1
Co3Pd,111,none,CO,1.416524751,"SUNCAT alloys, DACAPO/RPBE",1
Co3Pt,111,none,CO,1.366524751,"SUNCAT alloys, DACAPO/RPBE",1
Co3Rh,111,none,CO,1.556524751,"SUNCAT alloys, DACAPO/RPBE",1
Co3Si,111,none,CO,1.726524751,"SUNCAT alloys, DACAPO/RPBE",1
Co3Ti,111,none,CO,1.956524751,"SUNCAT alloys, DACAPO/RPBE",1
Co3V,111,none,CO,1.796524751,"SUNCAT alloys, DACAPO/RPBE",1
Co3W,111,none,CO,1.786524751,"SUNCAT alloys, DACAPO/RPBE",1
Co3Zr,111,none,CO,2.706524751,"SUNCAT alloys, DACAPO/RPBE",1
CoCo3,211,AB,O,2.86417,"SUNCAT alloys, DACAPO/RPBE",1
CoCu3,211,AB,O,2.66882,"SUNCAT alloys, DACAPO/RPBE",1
CoCu3,211,BB,O,2.53348,"SUNCAT alloys, DACAPO/RPBE",1
CoIr3,211,AB,O,2.8694,"SUNCAT alloys, DACAPO/RPBE",1
CoNi3,211,AB,O,2.66273,"SUNCAT alloys, DACAPO/RPBE",1
CoNi3,211,BB,O,2.6185,"SUNCAT alloys, DACAPO/RPBE",1
CoPd3,211,AB,O,1.93788,"SUNCAT alloys, DACAPO/RPBE",1
CoPd3,211,BB,O,1.54558,"SUNCAT alloys, DACAPO/RPBE",1
CoPt3,211,AB,O,1.99524,"SUNCAT alloys, DACAPO/RPBE",1
CoPt3,211,BB,O,1.3604,"SUNCAT alloys, DACAPO/RPBE",1
CoRe3,211,AB,O,3.78857,"SUNCAT alloys, DACAPO/RPBE",1
CoRe3,211,BB,O,4.47652,"SUNCAT alloys, DACAPO/RPBE",1
CoRh3,211,AB,O,2.93918,"SUNCAT alloys, DACAPO/RPBE",1
CoRh3,211,BB,O,2.9071,"SUNCAT alloys, DACAPO/RPBE",1
CrRh3,211,AB,O,3.94385,"SUNCAT alloys, DACAPO/RPBE",1
CrRh3,211,BB,O,3.0016,"SUNCAT alloys, DACAPO/RPBE",1
Cu,111,none,CO,0.36,"DACAPO, RPBE @ CAMD/SUNCAT",1
Cu,211,none,CO,0.657,"DACAPO, RPBE @ CAMD/SUNCAT",1
Cu3Al,111,none,CO,0.436524751001,"SUNCAT alloys, DACAPO/RPBE",1
Cu3Au,111,none,CO,0.456524751001,"SUNCAT alloys, DACAPO/RPBE",1
Cu3Ga,111,none,CO,0.376524750999,"SUNCAT alloys, DACAPO/RPBE",1
Cu3Pd,111,none,CO,0.986524751,"SUNCAT alloys, DACAPO/RPBE",1
Cu3Pt,111,none,CO,1.406524751,"SUNCAT alloys, DACAPO/RPBE",1
Cu3Sc,111,none,CO,0.876524751003,"SUNCAT alloys, DACAPO/RPBE",1
Cu3Zn,111,none,CO,0.526524751001,"SUNCAT alloys, DACAPO/RPBE",1
CuAg3,211,AB,O,1.34395,"SUNCAT alloys, DACAPO/RPBE",1
CuAg3,211,BB,O,1.05321,"SUNCAT alloys, DACAPO/RPBE",1
CuAu3,211,AB,O,0.75654,"SUNCAT alloys, DACAPO/RPBE",1
CuAu3,211,BB,O,0.42912,"SUNCAT alloys, DACAPO/RPBE",1
CuCo3,211,AB,O,2.69039,"SUNCAT alloys, DACAPO/RPBE",1
CuCo3,211,BB,O,3.11925,"SUNCAT alloys, DACAPO/RPBE",1
CuCu3,211,AB,O,1.69267,"SUNCAT alloys, DACAPO/RPBE",1
CuFe3,211,AB,O,3.05789,"SUNCAT alloys, DACAPO/RPBE",1
CuFe3,211,BB,O,3.54644,"SUNCAT alloys, DACAPO/RPBE",1
CuNi3,211,AB,O,2.50515,"SUNCAT alloys, DACAPO/RPBE",1
CuNi3,211,BB,O,2.73906,"SUNCAT alloys, DACAPO/RPBE",1
CuPd3,211,AB,O,1.14315,"SUNCAT alloys, DACAPO/RPBE",1
CuPd3,211,BB,O,1.04602,"SUNCAT alloys, DACAPO/RPBE",1
CuPt3,211,AB,O,1.2164,"SUNCAT alloys, DACAPO/RPBE",1
CuPt3,211,BB,O,1.34351,"SUNCAT alloys, DACAPO/RPBE",1
CuRh3,211,AB,O,2.06618,"SUNCAT alloys, DACAPO/RPBE",1
CuRh3,211,BB,O,2.59842,"SUNCAT alloys, DACAPO/RPBE",1
CuZn3,211,AB,O,2.25172,"SUNCAT alloys, DACAPO/RPBE",1
CuZn3,211,BB,O,2.45355,"SUNCAT alloys, DACAPO/RPBE",1
Fe,211,none,CO,1.527,"DACAPO, RPBE @ CAMD/SUNCAT",1
Fe3Al,111,none,CO,1.696524751,"SUNCAT alloys, DACAPO/RPBE",1
Fe3Ge,111,none,CO,1.426524751,"SUNCAT alloys, DACAPO/RPBE",1
Fe3Pt,111,none,CO,1.336524751,"SUNCAT alloys, DACAPO/RPBE",1
Fe3Si,111,none,CO,1.486524751,"SUNCAT alloys, DACAPO/RPBE",1
Fe3Ti,111,none,CO,1.776524751,"SUNCAT alloys, DACAPO/RPBE",1
Fe3V,111,none,CO,1.776524751,"SUNCAT alloys, DACAPO/RPBE",1
FeCo3,211,AB,O,3.04365,"SUNCAT alloys, DACAPO/RPBE",1
FeCo3,211,BB,O,3.05554,"SUNCAT alloys, DACAPO/RPBE",1
FeCu3,211,AB,O,2.9332,"SUNCAT alloys, DACAPO/RPBE",1
FeCu3,211,BB,O,2.65584,"SUNCAT alloys, DACAPO/RPBE",1
FeFe3,211,AB,O,3.52845,"SUNCAT alloys, DACAPO/RPBE",1
FeIr3,211,AB,O,2.92463,"SUNCAT alloys, DACAPO/RPBE",1
FeIr3,211,BB,O,2.7591,"SUNCAT alloys, DACAPO/RPBE",1
FeNi3,211,AB,O,2.92186,"SUNCAT alloys, DACAPO/RPBE",1
FeNi3,211,BB,O,2.78824,"SUNCAT alloys, DACAPO/RPBE",1
FeRh3,211,AB,O,2.59479,"SUNCAT alloys, DACAPO/RPBE",1
FeRh3,211,BB,O,2.45543,"SUNCAT alloys, DACAPO/RPBE",1
FeZn3,211,AB,O,3.06269,"SUNCAT alloys, DACAPO/RPBE",1
FeZn3,211,BB,O,2.59276,"SUNCAT alloys, DACAPO/RPBE",1
Ga3Hf,111,none,CO,1.206524751,"SUNCAT alloys, DACAPO/RPBE",1
Ga3Nb,111,none,CO,1.066524751,"SUNCAT alloys, DACAPO/RPBE",1
Ga3Sc,111,none,CO,0.796524751001,"SUNCAT alloys, DACAPO/RPBE",1
Ga3Ti,111,none,CO,1.15652475099,"SUNCAT alloys, DACAPO/RPBE",1
Ga3Y,111,none,CO,0.676524750999,"SUNCAT alloys, DACAPO/RPBE",1
Ga3Zr,111,none,CO,1.086524751,"SUNCAT alloys, DACAPO/RPBE",1
GaAg3,211,AB,O,2.14694,"SUNCAT alloys, DACAPO/RPBE",1
GaAg3,211,BB,O,1.92419,"SUNCAT alloys, DACAPO/RPBE",1
GaAu3,211,AB,O,2.1851,"SUNCAT alloys, DACAPO/RPBE",1
GaAu3,211,BB,O,1.13193,"SUNCAT alloys, DACAPO/RPBE",1
GaCo3,211,AB,O,2.40929,"SUNCAT alloys, DACAPO/RPBE",1
GaCo3,211,BB,O,2.93177,"SUNCAT alloys, DACAPO/RPBE",1
GaCu3,211,AB,O,2.12933,"SUNCAT alloys, DACAPO/RPBE",1
GaCu3,211,BB,O,2.22132,"SUNCAT alloys, DACAPO/RPBE",1
GaFe3,211,AB,O,2.82468,"SUNCAT alloys, DACAPO/RPBE",1
GaFe3,211,BB,O,3.17042,"SUNCAT alloys, DACAPO/RPBE",1
GaGa3,211,AB,O,2.53348,"SUNCAT alloys, DACAPO/RPBE",1
GaIr,211,AA,O,2.12127,"SUNCAT alloys, DACAPO/RPBE",1
GaIr,211,BB,O,2.28296,"SUNCAT alloys, DACAPO/RPBE",1
GaIr3,211,AB,O,2.19941,"SUNCAT alloys, DACAPO/RPBE",1
GaIr3,211,BB,O,2.75155,"SUNCAT alloys, DACAPO/RPBE",1
GaNi,211,AA,O,2.38962,"SUNCAT alloys, DACAPO/RPBE",1
GaNi,211,BB,O,2.49258,"SUNCAT alloys, DACAPO/RPBE",1
GaNi3,211,AB,O,2.14099,"SUNCAT alloys, DACAPO/RPBE",1
GaNi3,211,BB,O,2.61322,"SUNCAT alloys, DACAPO/RPBE",1
GaPd,211,AA,O,1.88327,"SUNCAT alloys, DACAPO/RPBE",1
GaPd,211,BB,O,2.59113,"SUNCAT alloys, DACAPO/RPBE",1
GaPd3,211,AB,O,1.32911,"SUNCAT alloys, DACAPO/RPBE",1
GaPd3,211,BB,O,1.12744,"SUNCAT alloys, DACAPO/RPBE",1
GaPt,211,AA,O,1.60595,"SUNCAT alloys, DACAPO/RPBE",1
GaPt,211,BB,O,2.91025,"SUNCAT alloys, DACAPO/RPBE",1
GaPt3,211,AB,O,0.45558,"SUNCAT alloys, DACAPO/RPBE",1
GaPt3,211,BB,O,1.37341,"SUNCAT alloys, DACAPO/RPBE",1
GaRh,211,AA,O,1.83909,"SUNCAT alloys, DACAPO/RPBE",1
GaRh,211,BB,O,2.37562,"SUNCAT alloys, DACAPO/RPBE",1
GaRh3,211,AB,O,1.97537,"SUNCAT alloys, DACAPO/RPBE",1
GaRh3,211,BB,O,2.31692,"SUNCAT alloys, DACAPO/RPBE",1
GaRu,211,AA,O,2.65585,"SUNCAT alloys, DACAPO/RPBE",1
GaRu,211,BB,O,2.1008,"SUNCAT alloys, DACAPO/RPBE",1
GaRu3,211,AB,O,2.45957,"SUNCAT alloys, DACAPO/RPBE",1
GaRu3,211,BB,O,2.78231,"SUNCAT alloys, DACAPO/RPBE",1
Ge3Sc,111,none,CO,0.616524751001,"SUNCAT alloys, DACAPO/RPBE",1
Ge3Y,111,none,CO,0.596524751004,"SUNCAT alloys, DACAPO/RPBE",1
GeCo3,211,AB,O,2.24788,"SUNCAT alloys, DACAPO/RPBE",1
GeCo3,211,BB,O,2.94644,"SUNCAT alloys, DACAPO/RPBE",1
GeCu3,211,AB,O,2.00962,"SUNCAT alloys, DACAPO/RPBE",1
GeCu3,211,BB,O,1.94626,"SUNCAT alloys, DACAPO/RPBE",1
GeFe3,211,AB,O,2.60498,"SUNCAT alloys, DACAPO/RPBE",1
GeFe3,211,BB,O,3.164,"SUNCAT alloys, DACAPO/RPBE",1
GeGe3,211,AB,O,2.0588,"SUNCAT alloys, DACAPO/RPBE",1
GeIr3,211,AB,O,1.9334,"SUNCAT alloys, DACAPO/RPBE",1
GeIr3,211,BB,O,2.88392,"SUNCAT alloys, DACAPO/RPBE",1
GeNi,211,AA,O,1.96749,"SUNCAT alloys, DACAPO/RPBE",1
GeNi,211,BB,O,1.66924,"SUNCAT alloys, DACAPO/RPBE",1
GeNi3,211,AB,O,1.85067,"SUNCAT alloys, DACAPO/RPBE",1
GeNi3,211,BB,O,2.54916,"SUNCAT alloys, DACAPO/RPBE",1
GePd,211,AA,O,1.66,"SUNCAT alloys, DACAPO/RPBE",1
GePd,211,BB,O,1.85307,"SUNCAT alloys, DACAPO/RPBE",1
GePd3,211,AB,O,1.38403,"SUNCAT alloys, DACAPO/RPBE",1
GePd3,211,BB,O,1.46245,"SUNCAT alloys, DACAPO/RPBE",1
GePt,211,AA,O,1.21719,"SUNCAT alloys, DACAPO/RPBE",1
GePt,211,BB,O,1.91105,"SUNCAT alloys, DACAPO/RPBE",1
GePt3,211,AB,O,1.60521,"SUNCAT alloys, DACAPO/RPBE",1
GePt3,211,BB,O,1.30712,"SUNCAT alloys, DACAPO/RPBE",1
GeRh,211,AA,O,1.67614,"SUNCAT alloys, DACAPO/RPBE",1
GeRh,211,BB,O,1.89815,"SUNCAT alloys, DACAPO/RPBE",1
GeRh3,211,AB,O,1.8058,"SUNCAT alloys, DACAPO/RPBE",1
GeRh3,211,BB,O,2.32695,"SUNCAT alloys, DACAPO/RPBE",1
GeRu,211,AA,O,2.2608,"SUNCAT alloys, DACAPO/RPBE",1
GeRu,211,BB,O,1.72404,"SUNCAT alloys, DACAPO/RPBE",1
GeRu3,211,AB,O,2.39028,"SUNCAT alloys, DACAPO/RPBE",1
GeRu3,211,BB,O,2.72741,"SUNCAT alloys, DACAPO/RPBE",1
Hf3Al,111,none,CO,2.306524751,"SUNCAT alloys, DACAPO/RPBE",1
Hf3As,111,none,CO,2.796524751,"SUNCAT alloys, DACAPO/RPBE",1
Hf3Au,111,none,CO,2.626524751,"SUNCAT alloys, DACAPO/RPBE",1
Hf3Bi,111,none,CO,2.696524751,"SUNCAT alloys, DACAPO/RPBE",1
Hf3Ga,111,none,CO,2.306524751,"SUNCAT alloys, DACAPO/RPBE",1
Hf3Ge,111,none,CO,2.396524751,"SUNCAT alloys, DACAPO/RPBE",1
Hf3Sb,111,none,CO,2.656524751,"SUNCAT alloys, DACAPO/RPBE",1
Hf3Si,111,none,CO,2.276524751,"SUNCAT alloys, DACAPO/RPBE",1
Hf3Sn,111,none,CO,2.446524751,"SUNCAT alloys, DACAPO/RPBE",1
Hf3Zn,111,none,CO,2.436524751,"SUNCAT alloys, DACAPO/RPBE",1
HfPd3,211,AB,O,3.88834,"SUNCAT alloys, DACAPO/RPBE",1
HfPd3,211,BB,O,2.92132,"SUNCAT alloys, DACAPO/RPBE",1
HfPt3,211,AB,O,3.36012,"SUNCAT alloys, DACAPO/RPBE",1
HfPt3,211,BB,O,2.37672,"SUNCAT alloys, DACAPO/RPBE",1
HfRh3,211,AB,O,3.60703,"SUNCAT alloys, DACAPO/RPBE",1
HfRh3,211,BB,O,3.13489,"SUNCAT alloys, DACAPO/RPBE",1
HfRu3,211,AB,O,3.99159,"SUNCAT alloys, DACAPO/RPBE",1
HfRu3,211,BB,O,3.67688,"SUNCAT alloys, DACAPO/RPBE",1
HfZn3,211,AB,O,5.27999,"SUNCAT alloys, DACAPO/RPBE",1
HfZn3,211,BB,O,4.42033,"SUNCAT alloys, DACAPO/RPBE",1
HgAg3,211,AB,O,0.68913,"SUNCAT alloys, DACAPO/RPBE",1
HgAg3,211,BB,O,0.77697,"SUNCAT alloys, DACAPO/RPBE",1
HgPd,211,AA,O,0.61238,"SUNCAT alloys, DACAPO/RPBE",1
HgPd,211,BB,O,0.53282,"SUNCAT alloys, DACAPO/RPBE",1
HgPd3,211,AB,O,0.80432,"SUNCAT alloys, DACAPO/RPBE",1
HgPd3,211,BB,O,0.81439,"SUNCAT alloys, DACAPO/RPBE",1
HgPt3,211,AB,O,0.73471,"SUNCAT alloys, DACAPO/RPBE",1
HgPt3,211,BB,O,1.40985,"SUNCAT alloys, DACAPO/RPBE",1
In3La,111,none,CO,0.546524751001,"SUNCAT alloys, DACAPO/RPBE",1
In3Y,111,none,CO,0.796524751001,"SUNCAT alloys, DACAPO/RPBE",1
In3Zr,111,none,CO,1.246524751,"SUNCAT alloys, DACAPO/RPBE",1
InAg3,211,AB,O,1.59793,"SUNCAT alloys, DACAPO/RPBE",1
InAg3,211,BB,O,1.5658,"SUNCAT alloys, DACAPO/RPBE",1
InAu3,211,AB,O,1.48126,"SUNCAT alloys, DACAPO/RPBE",1
InAu3,211,BB,O,0.86443,"SUNCAT alloys, DACAPO/RPBE",1
InCu3,211,AB,O,1.74255,"SUNCAT alloys, DACAPO/RPBE",1
InCu3,211,BB,O,2.12435,"SUNCAT alloys, DACAPO/RPBE",1
InIn3,211,AB,O,2.16227,"SUNCAT alloys, DACAPO/RPBE",1
InNi3,211,AB,O,2.30859,"SUNCAT alloys, DACAPO/RPBE",1
InNi3,211,BB,O,2.72977,"SUNCAT alloys, DACAPO/RPBE",1
InPd,211,AA,O,1.36704,"SUNCAT alloys, DACAPO/RPBE",1
InPd,211,BB,O,1.85078,"SUNCAT alloys, DACAPO/RPBE",1
InPd3,211,AB,O,0.93445,"SUNCAT alloys, DACAPO/RPBE",1
InPd3,211,BB,O,0.72793,"SUNCAT alloys, DACAPO/RPBE",1
InPt3,211,AB,O,1.01223,"SUNCAT alloys, DACAPO/RPBE",1
InPt3,211,BB,O,1.44631,"SUNCAT alloys, DACAPO/RPBE",1
InRh,211,AA,O,1.8749,"SUNCAT alloys, DACAPO/RPBE",1
InRh,211,BB,O,1.76886,"SUNCAT alloys, DACAPO/RPBE",1
InRh3,211,AB,O,2.06144,"SUNCAT alloys, DACAPO/RPBE",1
InRh3,211,BB,O,2.43307,"SUNCAT alloys, DACAPO/RPBE",1
InRu,211,AA,O,2.59881,"SUNCAT alloys, DACAPO/RPBE",1
InRu,211,BB,O,1.85946,"SUNCAT alloys, DACAPO/RPBE",1
Ir,211,none,CO,2.267,"DACAPO, RPBE @ CAMD/SUNCAT",1
Ir3Al,111,none,CO,1.976524751,"SUNCAT alloys, DACAPO/RPBE",1
Ir3Cr,111,none,CO,1.646524751,"SUNCAT alloys, DACAPO/RPBE",1
Ir3Fe,111,none,CO,1.936524751,"SUNCAT alloys, DACAPO/RPBE",1
Ir3Ga,111,none,CO,1.966524751,"SUNCAT alloys, DACAPO/RPBE",1
Ir3Hf,111,none,CO,2.226524751,"SUNCAT alloys, DACAPO/RPBE",1
Ir3La,111,none,CO,2.696524751,"SUNCAT alloys, DACAPO/RPBE",1
Ir3Mo,111,none,CO,1.716524751,"SUNCAT alloys, DACAPO/RPBE",1
Ir3Nb,111,none,CO,1.876524751,"SUNCAT alloys, DACAPO/RPBE",1
Ir3Re,111,none,CO,2.306524751,"SUNCAT alloys, DACAPO/RPBE",1
Ir3Ru,111,none,CO,1.886524751,"SUNCAT alloys, DACAPO/RPBE",1
Ir3Sc,111,none,CO,2.256524751,"SUNCAT alloys, DACAPO/RPBE",1
Ir3Ta,111,none,CO,1.896524751,"SUNCAT alloys, DACAPO/RPBE",1
Ir3Ti,111,none,CO,2.076524751,"SUNCAT alloys, DACAPO/RPBE",1
Ir3V,111,none,CO,1.866524751,"SUNCAT alloys, DACAPO/RPBE",1
Ir3W,111,none,CO,1.656524751,"SUNCAT alloys, DACAPO/RPBE",1
Ir3Y,111,none,CO,2.566524751,"SUNCAT alloys, DACAPO/RPBE",1
Ir3Zr,111,none,CO,2.236524751,"SUNCAT alloys, DACAPO/RPBE",1
IrCo3,211,AB,O,2.73425,"SUNCAT alloys, DACAPO/RPBE",1
IrCo3,211,BB,O,2.80234,"SUNCAT alloys, DACAPO/RPBE",1
IrIr3,211,AB,O,2.7894,"SUNCAT alloys, DACAPO/RPBE",1
IrNi3,211,AB,O,2.77396,"SUNCAT alloys, DACAPO/RPBE",1
IrNi3,211,BB,O,2.56694,"SUNCAT alloys, DACAPO/RPBE",1
IrRe3,211,AB,O,3.55855,"SUNCAT alloys, DACAPO/RPBE",1
IrRe3,211,BB,O,4.46732,"SUNCAT alloys, DACAPO/RPBE",1
IrRh3,211,AB,O,2.81054,"SUNCAT alloys, DACAPO/RPBE",1
IrRh3,211,BB,O,2.50054,"SUNCAT alloys, DACAPO/RPBE",1
IrRu3,211,AB,O,2.89751,"SUNCAT alloys, DACAPO/RPBE",1
IrRu3,211,BB,O,2.77802,"SUNCAT alloys, DACAPO/RPBE",1
IrZn3,211,AB,O,2.20745,"SUNCAT alloys, DACAPO/RPBE",1
IrZn3,211,BB,O,2.49833,"SUNCAT alloys, DACAPO/RPBE",1
La3Al,111,none,CO,1.646524751,"SUNCAT alloys, DACAPO/RPBE",1
La3Bi,111,none,CO,2.046524751,"SUNCAT alloys, DACAPO/RPBE",1
La3Cd,111,none,CO,2.056524751,"SUNCAT alloys, DACAPO/RPBE",1
La3Ga,111,none,CO,1.686524751,"SUNCAT alloys, DACAPO/RPBE",1
La3Ge,111,none,CO,-0.0234752490022,"SUNCAT alloys, DACAPO/RPBE",1
La3In,111,none,CO,0.756524751,"SUNCAT alloys, DACAPO/RPBE",1
La3Pb,111,none,CO,1.916524751,"SUNCAT alloys, DACAPO/RPBE",1
La3Sb,111,none,CO,1.926524751,"SUNCAT alloys, DACAPO/RPBE",1
La3Si,111,none,CO,0.616524751001,"SUNCAT alloys, DACAPO/RPBE",1
La3Sn,111,none,CO,1.806524751,"SUNCAT alloys, DACAPO/RPBE",1
La3Tl,111,none,CO,1.906524751,"SUNCAT alloys, DACAPO/RPBE",1
La3Zn,111,none,CO,0.336524751002,"SUNCAT alloys, DACAPO/RPBE",1
LaAg3,211,BB,O,4.35082,"SUNCAT alloys, DACAPO/RPBE",1
LaAs3,211,AB,O,3.63881,"SUNCAT alloys, DACAPO/RPBE",1
LaAs3,211,BB,O,2.45168,"SUNCAT alloys, DACAPO/RPBE",1
LaBi3,211,AB,O,4.15121,"SUNCAT alloys, DACAPO/RPBE",1
LaBi3,211,BB,O,3.23272,"SUNCAT alloys, DACAPO/RPBE",1
LaPd3,211,AB,O,3.52457,"SUNCAT alloys, DACAPO/RPBE",1
LaPd3,211,BB,O,2.22447,"SUNCAT alloys, DACAPO/RPBE",1
LaPt3,211,AB,O,2.99672,"SUNCAT alloys, DACAPO/RPBE",1
LaPt3,211,BB,O,2.0561,"SUNCAT alloys, DACAPO/RPBE",1
LaRh3,211,AB,O,3.79302,"SUNCAT alloys, DACAPO/RPBE",1
LaRh3,211,BB,O,3.3581,"SUNCAT alloys, DACAPO/RPBE",1
LaSb3,211,AB,O,4.10382,"SUNCAT alloys, DACAPO/RPBE",1
LaSb3,211,BB,O,3.22397,"SUNCAT alloys, DACAPO/RPBE",1
LaZn3,211,AB,O,5.01042,"SUNCAT alloys, DACAPO/RPBE",1
LaZn3,211,BB,O,3.91243,"SUNCAT alloys, DACAPO/RPBE",1
Mn3Si,111,none,CO,1.796524751,"SUNCAT alloys, DACAPO/RPBE",1
Mo3Pt,111,none,CO,1.746524751,"SUNCAT alloys, DACAPO/RPBE",1
MoIr3,211,AB,O,3.46968,"SUNCAT alloys, DACAPO/RPBE",1
MoIr3,211,BB,O,2.882,"SUNCAT alloys, DACAPO/RPBE",1
MoMo3,211,AB,O,3.98826,"SUNCAT alloys, DACAPO/RPBE",1
MoRh3,211,AB,O,3.46926,"SUNCAT alloys, DACAPO/RPBE",1
MoRh3,211,BB,O,2.7471,"SUNCAT alloys, DACAPO/RPBE",1
MoZn3,211,AB,O,3.70856,"SUNCAT alloys, DACAPO/RPBE",1
MoZn3,211,BB,O,2.86946,"SUNCAT alloys, DACAPO/RPBE",1
Nb3Al,111,none,CO,2.116524751,"SUNCAT alloys, DACAPO/RPBE",1
Nb3As,111,none,CO,2.406524751,"SUNCAT alloys, DACAPO/RPBE",1
Nb3Ga,111,none,CO,2.126524751,"SUNCAT alloys, DACAPO/RPBE",1
Nb3Ge,111,none,CO,2.126524751,"SUNCAT alloys, DACAPO/RPBE",1
Nb3Pt,111,none,CO,2.326524751,"SUNCAT alloys, DACAPO/RPBE",1
Nb3Sb,111,none,CO,2.336524751,"SUNCAT alloys, DACAPO/RPBE",1
Nb3Si,111,none,CO,2.046524751,"SUNCAT alloys, DACAPO/RPBE",1
NbNb3,211,AB,O,4.89111,"SUNCAT alloys, DACAPO/RPBE",1
NbPd3,211,AB,O,4.82441,"SUNCAT alloys, DACAPO/RPBE",1
NbPd3,211,BB,O,4.30831,"SUNCAT alloys, DACAPO/RPBE",1
NbPt3,211,AB,O,4.28125,"SUNCAT alloys, DACAPO/RPBE",1
NbPt3,211,BB,O,3.78038,"SUNCAT alloys, DACAPO/RPBE",1
NbRh3,211,AB,O,3.90803,"SUNCAT alloys, DACAPO/RPBE",1
NbRh3,211,BB,O,3.14089,"SUNCAT alloys, DACAPO/RPBE",1
NbRu3,211,AB,O,3.72905,"SUNCAT alloys, DACAPO/RPBE",1
NbRu3,211,BB,O,3.57388,"SUNCAT alloys, DACAPO/RPBE",1
NbZn3,211,AB,O,4.41226,"SUNCAT alloys, DACAPO/RPBE",1
NbZn3,211,BB,O,4.06732,"SUNCAT alloys, DACAPO/RPBE",1
Ni,111,none,CO,1.31,"DACAPO, RPBE @ CAMD/SUNCAT",1
Ni,211,none,CO,1.687,"DACAPO, RPBE @ CAMD/SUNCAT",1
Ni3Al,111,none,CO,2.016524751,"SUNCAT alloys, DACAPO/RPBE",1
Ni3As,111,none,CO,1.546524751,"SUNCAT alloys, DACAPO/RPBE",1
Ni3Co,111,none,CO,1.506524751,"SUNCAT alloys, DACAPO/RPBE",1
Ni3Ga,111,none,CO,1.946524751,"SUNCAT alloys, DACAPO/RPBE",1
Ni3Ge,111,none,CO,1.876524751,"SUNCAT alloys, DACAPO/RPBE",1
Ni3Hf,111,none,CO,1.676524751,"SUNCAT alloys, DACAPO/RPBE",1
Ni3In,111,none,CO,1.896524751,"SUNCAT alloys, DACAPO/RPBE",1
Ni3Pt,111,none,CO,1.546524751,"SUNCAT alloys, DACAPO/RPBE",1
Ni3Sc,111,none,CO,2.216524751,"SUNCAT alloys, DACAPO/RPBE",1
Ni3Si,111,none,CO,1.896524751,"SUNCAT alloys, DACAPO/RPBE",1
Ni3Sn,111,none,CO,1.776524751,"SUNCAT alloys, DACAPO/RPBE",1
Ni3Ti,111,none,CO,1.716524751,"SUNCAT alloys, DACAPO/RPBE",1
Ni3Zn,111,none,CO,1.926524751,"SUNCAT alloys, DACAPO/RPBE",1
Ni3Zr,111,none,CO,1.666524751,"SUNCAT alloys, DACAPO/RPBE",1
NiCo3,211,AB,O,2.72348,"SUNCAT alloys, DACAPO/RPBE",1
NiCo3,211,BB,O,2.84102,"SUNCAT alloys, DACAPO/RPBE",1
NiCu3,211,AB,O,2.2941,"SUNCAT alloys, DACAPO/RPBE",1
NiCu3,211,BB,O,2.13552,"SUNCAT alloys, DACAPO/RPBE",1
NiFe3,211,AB,O,3.22323,"SUNCAT alloys, DACAPO/RPBE",1
NiFe3,211,BB,O,3.18027,"SUNCAT alloys, DACAPO/RPBE",1
NiIr3,211,AB,O,2.60999,"SUNCAT alloys, DACAPO/RPBE",1
NiNi3,211,AB,O,2.55024,"SUNCAT alloys, DACAPO/RPBE",1
NiPd3,211,AB,O,1.69164,"SUNCAT alloys, DACAPO/RPBE",1
NiPd3,211,BB,O,1.2812,"SUNCAT alloys, DACAPO/RPBE",1
NiPt3,211,AB,O,1.77981,"SUNCAT alloys, DACAPO/RPBE",1
NiPt3,211,BB,O,1.2941,"SUNCAT alloys, DACAPO/RPBE",1
NiRh3,211,AB,O,2.37974,"SUNCAT alloys, DACAPO/RPBE",1
NiRu3,211,BB,O,2.9209,"SUNCAT alloys, DACAPO/RPBE",1
NiZn3,211,AB,O,2.45742,"SUNCAT alloys, DACAPO/RPBE",1
NiZn3,211,BB,O,2.39661,"SUNCAT alloys, DACAPO/RPBE",1
OsIr3,211,AB,O,3.5984,"SUNCAT alloys, DACAPO/RPBE",1
OsIr3,211,BB,O,2.79109,"SUNCAT alloys, DACAPO/RPBE",1
OsRh3,211,AB,O,3.8237,"SUNCAT alloys, DACAPO/RPBE",1
OsRh3,211,BB,O,2.67213,"SUNCAT alloys, DACAPO/RPBE",1
Pb3Sc,111,none,CO,0.906524751002,"SUNCAT alloys, DACAPO/RPBE",1
Pb3Y,111,none,CO,0.776524751001,"SUNCAT alloys, DACAPO/RPBE",1
PbAg3,211,AB,O,1.18607,"SUNCAT alloys, DACAPO/RPBE",1
PbAg3,211,BB,O,1.23881,"SUNCAT alloys, DACAPO/RPBE",1
PbAu3,211,AB,O,1.20593,"SUNCAT alloys, DACAPO/RPBE",1
PbAu3,211,BB,O,1.02176,"SUNCAT alloys, DACAPO/RPBE",1
PbPb3,211,AB,O,1.70266,"SUNCAT alloys, DACAPO/RPBE",1
PbPd3,211,AB,O,0.73281,"SUNCAT alloys, DACAPO/RPBE",1
PbPd3,211,BB,O,0.86586,"SUNCAT alloys, DACAPO/RPBE",1
PbPt3,211,AB,O,0.83514,"SUNCAT alloys, DACAPO/RPBE",1
PbPt3,211,BB,O,1.4785,"SUNCAT alloys, DACAPO/RPBE",1
Pd,111,none,CO,1.39,"DACAPO, RPBE @ CAMD/SUNCAT",1
Pd,211,none,CO,1.717,"DACAPO, RPBE @ CAMD/SUNCAT",1
Pd3Ag,111,none,CO,1.646524751,"SUNCAT alloys, DACAPO/RPBE",1
Pd3Al,111,none,CO,1.686524751,"SUNCAT alloys, DACAPO/RPBE",1
Pd3Au,111,none,CO,1.696524751,"SUNCAT alloys, DACAPO/RPBE",1
Pd3Bi,111,none,CO,0.986524751,"SUNCAT alloys, DACAPO/RPBE",1
Pd3Cd,111,none,CO,1.586524751,"SUNCAT alloys, DACAPO/RPBE",1
Pd3Cu,111,none,CO,1.566524751,"SUNCAT alloys, DACAPO/RPBE",1
Pd3Fe,111,none,CO,1.436524751,"SUNCAT alloys, DACAPO/RPBE",1
Pd3Ga,111,none,CO,1.676524751,"SUNCAT alloys, DACAPO/RPBE",1
Pd3In,111,none,CO,1.646524751,"SUNCAT alloys, DACAPO/RPBE",1
Pd3La,111,none,CO,1.396524751,"SUNCAT alloys, DACAPO/RPBE",1
Pd3Nb,111,none,CO,1.476524751,"SUNCAT alloys, DACAPO/RPBE",1
Pd3Pb,111,none,CO,1.536524751,"SUNCAT alloys, DACAPO/RPBE",1
Pd3Sb,111,none,CO,0.986524751,"SUNCAT alloys, DACAPO/RPBE",1
Pd3Sn,111,none,CO,1.476524751,"SUNCAT alloys, DACAPO/RPBE",1
Pd3Ta,111,none,CO,1.586524751,"SUNCAT alloys, DACAPO/RPBE",1
Pd3Ti,111,none,CO,1.066524751,"SUNCAT alloys, DACAPO/RPBE",1
Pd3Tl,111,none,CO,1.626524751,"SUNCAT alloys, DACAPO/RPBE",1
Pd3V,111,none,CO,1.396524751,"SUNCAT alloys, DACAPO/RPBE",1
Pd3Y,111,none,CO,1.636524751,"SUNCAT alloys, DACAPO/RPBE",1
Pd3Zn,111,none,CO,1.536524751,"SUNCAT alloys, DACAPO/RPBE",1
Pd3Zr,111,none,CO,0.926524750999,"SUNCAT alloys, DACAPO/RPBE",1
PdAg3,211,AB,O,0.66258,"SUNCAT alloys, DACAPO/RPBE",1
PdAg3,211,BB,O,0.61671,"SUNCAT alloys, DACAPO/RPBE",1
PdAu3,211,AB,O,0.27573,"SUNCAT alloys, DACAPO/RPBE",1
PdAu3,211,BB,O,0.1255,"SUNCAT alloys, DACAPO/RPBE",1
PdCd3,211,AB,O,1.58958,"SUNCAT alloys, DACAPO/RPBE",1
PdCd3,211,BB,O,1.7971,"SUNCAT alloys, DACAPO/RPBE",1
PdCo3,211,AB,O,2.51548,"SUNCAT alloys, DACAPO/RPBE",1
PdCo3,211,BB,O,3.03032,"SUNCAT alloys, DACAPO/RPBE",1
PdCu3,211,AB,O,1.46475,"SUNCAT alloys, DACAPO/RPBE",1
PdCu3,211,BB,O,1.55363,"SUNCAT alloys, DACAPO/RPBE",1
PdFe3,211,AB,O,3.23826,"SUNCAT alloys, DACAPO/RPBE",1
PdFe3,211,BB,O,3.54499,"SUNCAT alloys, DACAPO/RPBE",1
PdGa3,211,AB,O,2.44378,"SUNCAT alloys, DACAPO/RPBE",1
PdGa3,211,BB,O,2.34603,"SUNCAT alloys, DACAPO/RPBE",1
PdIn3,211,AB,O,2.04141,"SUNCAT alloys, DACAPO/RPBE",1
PdIn3,211,BB,O,2.06782,"SUNCAT alloys, DACAPO/RPBE",1
PdNi3,211,AB,O,2.44495,"SUNCAT alloys, DACAPO/RPBE",1
PdNi3,211,BB,O,2.67358,"SUNCAT alloys, DACAPO/RPBE",1
PdPb3,211,AB,O,1.79159,"SUNCAT alloys, DACAPO/RPBE",1
PdPb3,211,BB,O,1.51887,"SUNCAT alloys, DACAPO/RPBE",1
PdPd3,211,AB,O,1.17746,"SUNCAT alloys, DACAPO/RPBE",1
PdPt3,211,AB,O,1.17883,"SUNCAT alloys, DACAPO/RPBE",1
PdPt3,211,BB,O,1.48587,"SUNCAT alloys, DACAPO/RPBE",1
PdRh3,211,AB,O,2.4592,"SUNCAT alloys, DACAPO/RPBE",1
PdRh3,211,BB,O,2.71743,"SUNCAT alloys, DACAPO/RPBE",1
PdSn3,211,AB,O,2.78016,"SUNCAT alloys, DACAPO/RPBE",1
PdSn3,211,BB,O,2.17355,"SUNCAT alloys, DACAPO/RPBE",1
PdZn3,211,AB,O,2.22588,"SUNCAT alloys, DACAPO/RPBE",1
PdZn3,211,BB,O,2.62095,"SUNCAT alloys, DACAPO/RPBE",1
Pt,111,none,CO,1.24,"DACAPO, RPBE @ CAMD/SUNCAT",1
Pt,211,none,CO,1.827,"DACAPO, RPBE @ CAMD/SUNCAT",1
Pt3Ag,111,none,CO,1.536524751,"SUNCAT alloys, DACAPO/RPBE",1
Pt3Al,111,none,CO,1.676524751,"SUNCAT alloys, DACAPO/RPBE",1
Pt3Au,111,none,CO,1.526524751,"SUNCAT alloys, DACAPO/RPBE",1
Pt3Bi,111,none,CO,1.316524751,"SUNCAT alloys, DACAPO/RPBE",1
Pt3Cd,111,none,CO,1.656524751,"SUNCAT alloys, DACAPO/RPBE",1
Pt3Co,111,none,CO,1.286524751,"SUNCAT alloys, DACAPO/RPBE",1
Pt3Cr,111,none,CO,0.926524751002,"SUNCAT alloys, DACAPO/RPBE",1
Pt3Cu,111,none,CO,1.446524751,"SUNCAT alloys, DACAPO/RPBE",1
Pt3Ga,111,none,CO,1.706524751,"SUNCAT alloys, DACAPO/RPBE",1
Pt3Hf,111,none,CO,1.186524751,"SUNCAT alloys, DACAPO/RPBE",1
Pt3In,111,none,CO,1.666524751,"SUNCAT alloys, DACAPO/RPBE",1
Pt3La,111,none,CO,1.686524751,"SUNCAT alloys, DACAPO/RPBE",1
Pt3Mo,111,none,CO,1.666524751,"SUNCAT alloys, DACAPO/RPBE",1
Pt3Nb,111,none,CO,1.326524751,"SUNCAT alloys, DACAPO/RPBE",1
Pt3Ni,111,none,CO,1.386524751,"SUNCAT alloys, DACAPO/RPBE",1
Pt3Pb,111,none,CO,1.376524751,"SUNCAT alloys, DACAPO/RPBE",1
Pt3Sc,111,none,CO,1.686524751,"SUNCAT alloys, DACAPO/RPBE",1
Pt3Sn,111,none,CO,1.406524751,"SUNCAT alloys, DACAPO/RPBE",1
Pt3Ta,111,none,CO,1.456524751,"SUNCAT alloys, DACAPO/RPBE",1
Pt3V,111,none,CO,1.316524751,"SUNCAT alloys, DACAPO/RPBE",1
Pt3W,111,none,CO,1.936524751,"SUNCAT alloys, DACAPO/RPBE",1
Pt3Y,111,none,CO,1.756524751,"SUNCAT alloys, DACAPO/RPBE",1
Pt3Zn,111,none,CO,1.566524751,"SUNCAT alloys, DACAPO/RPBE",1
Pt3Zr,111,none,CO,1.206524751,"SUNCAT alloys, DACAPO/RPBE",1
PtAg3,211,AB,O,0.98715,"SUNCAT alloys, DACAPO/RPBE",1
PtAg3,211,BB,O,0.80752,"SUNCAT alloys, DACAPO/RPBE",1
PtAu3,211,AB,O,0.82022,"SUNCAT alloys, DACAPO/RPBE",1
PtAu3,211,BB,O,0.29885,"SUNCAT alloys, DACAPO/RPBE",1
PtCd3,211,AB,O,1.45054,"SUNCAT alloys, DACAPO/RPBE",1
PtCd3,211,BB,O,1.93338,"SUNCAT alloys, DACAPO/RPBE",1
PtCo3,211,AB,O,2.03877,"SUNCAT alloys, DACAPO/RPBE",1
PtCo3,211,BB,O,2.79786,"SUNCAT alloys, DACAPO/RPBE",1
PtCu3,211,AB,O,1.40894,"SUNCAT alloys, DACAPO/RPBE",1
PtCu3,211,BB,O,1.50204,"SUNCAT alloys, DACAPO/RPBE",1
PtFe3,211,AB,O,3.05858,"SUNCAT alloys, DACAPO/RPBE",1
PtGa3,211,AB,O,2.59863,"SUNCAT alloys, DACAPO/RPBE",1
PtGa3,211,BB,O,2.54873,"SUNCAT alloys, DACAPO/RPBE",1
PtIn3,211,AB,O,2.2732,"SUNCAT alloys, DACAPO/RPBE",1
PtIn3,211,BB,O,2.53255,"SUNCAT alloys, DACAPO/RPBE",1
PtNi3,211,AB,O,2.21564,"SUNCAT alloys, DACAPO/RPBE",1
PtNi3,211,BB,O,2.40259,"SUNCAT alloys, DACAPO/RPBE",1
PtPd3,211,AB,O,1.36144,"SUNCAT alloys, DACAPO/RPBE",1
PtPd3,211,BB,O,1.23762,"SUNCAT alloys, DACAPO/RPBE",1
PtPt3,211,AB,O,1.41547,"SUNCAT alloys, DACAPO/RPBE",1
PtRe3,211,AB,O,3.55234,"SUNCAT alloys, DACAPO/RPBE",1
PtRe3,211,BB,O,4.6756,"SUNCAT alloys, DACAPO/RPBE",1
PtRh3,211,AB,O,2.31206,"SUNCAT alloys, DACAPO/RPBE",1
PtRh3,211,BB,O,2.59411,"SUNCAT alloys, DACAPO/RPBE",1
PtRu3,211,AB,O,2.5295,"SUNCAT alloys, DACAPO/RPBE",1
PtRu3,211,BB,O,2.96159,"SUNCAT alloys, DACAPO/RPBE",1
PtSn3,211,AB,O,3.10654,"SUNCAT alloys, DACAPO/RPBE",1
PtSn3,211,BB,O,2.40803,"SUNCAT alloys, DACAPO/RPBE",1
PtZn3,211,AB,O,2.04445,"SUNCAT alloys, DACAPO/RPBE",1
PtZn3,211,BB,O,2.64974,"SUNCAT alloys, DACAPO/RPBE",1
Re,211,none,CO,2.187,"DACAPO, RPBE @ CAMD/SUNCAT",1
Re3Ir,111,none,CO,1.726524751,"SUNCAT alloys, DACAPO/RPBE",1
Re3Pt,111,none,CO,1.676524751,"SUNCAT alloys, DACAPO/RPBE",1
Re3Rh,111,none,CO,1.786524751,"SUNCAT alloys, DACAPO/RPBE",1
ReIr3,211,AB,O,4.18125,"SUNCAT alloys, DACAPO/RPBE",1
ReIr3,211,BB,O,2.81927,"SUNCAT alloys, DACAPO/RPBE",1
ReRe3,211,AB,O,4.16287,"SUNCAT alloys, DACAPO/RPBE",1
ReRh3,211,AB,O,4.46627,"SUNCAT alloys, DACAPO/RPBE",1
ReRh3,211,BB,O,3.54815,"SUNCAT alloys, DACAPO/RPBE",1
ReRu3,211,AB,O,4.1548,"SUNCAT alloys, DACAPO/RPBE",1
ReRu3,211,BB,O,3.25494,"SUNCAT alloys, DACAPO/RPBE",1
Rh,111,none,CO,1.6,"DACAPO, RPBE @ CAMD/SUNCAT",1
Rh,211,none,CO,1.867,"DACAPO, RPBE @ CAMD/SUNCAT",1
Rh3Al,111,none,CO,1.946524751,"SUNCAT alloys, DACAPO/RPBE",1
Rh3Fe,111,none,CO,1.896524751,"SUNCAT alloys, DACAPO/RPBE",1
Rh3Ga,111,none,CO,1.986524751,"SUNCAT alloys, DACAPO/RPBE",1
Rh3Ge,111,none,CO,2.036524751,"SUNCAT alloys, DACAPO/RPBE",1
Rh3Hf,111,none,CO,2.236524751,"SUNCAT alloys, DACAPO/RPBE",1
Rh3In,111,none,CO,2.026524751,"SUNCAT alloys, DACAPO/RPBE",1
Rh3La,111,none,CO,2.586524751,"SUNCAT alloys, DACAPO/RPBE",1
Rh3Mo,111,none,CO,1.756524751,"SUNCAT alloys, DACAPO/RPBE",1
Rh3Nb,111,none,CO,2.066524751,"SUNCAT alloys, DACAPO/RPBE",1
Rh3Re,111,none,CO,2.186524751,"SUNCAT alloys, DACAPO/RPBE",1
Rh3Sb,111,none,CO,1.896524751,"SUNCAT alloys, DACAPO/RPBE",1
Rh3Sc,111,none,CO,2.326524751,"SUNCAT alloys, DACAPO/RPBE",1
Rh3Si,111,none,CO,2.076524751,"SUNCAT alloys, DACAPO/RPBE",1
Rh3Sn,111,none,CO,1.966524751,"SUNCAT alloys, DACAPO/RPBE",1
Rh3Ta,111,none,CO,2.246524751,"SUNCAT alloys, DACAPO/RPBE",1
Rh3Ti,111,none,CO,2.086524751,"SUNCAT alloys, DACAPO/RPBE",1
Rh3V,111,none,CO,1.906524751,"SUNCAT alloys, DACAPO/RPBE",1
Rh3Y,111,none,CO,2.546524751,"SUNCAT alloys, DACAPO/RPBE",1
Rh3Zn,111,none,CO,2.036524751,"SUNCAT alloys, DACAPO/RPBE",1
Rh3Zr,111,none,CO,2.236524751,"SUNCAT alloys, DACAPO/RPBE",1
RhAg3,211,AB,O,2.00319,"SUNCAT alloys, DACAPO/RPBE",1
RhAg3,211,BB,O,1.68192,"SUNCAT alloys, DACAPO/RPBE",1
RhCd3,211,AB,O,1.78956,"SUNCAT alloys, DACAPO/RPBE",1
RhCd3,211,BB,O,1.70121,"SUNCAT alloys, DACAPO/RPBE",1
RhCo3,211,AB,O,2.59174,"SUNCAT alloys, DACAPO/RPBE",1
RhCo3,211,BB,O,2.82507,"SUNCAT alloys, DACAPO/RPBE",1
RhCu3,211,AB,O,2.18284,"SUNCAT alloys, DACAPO/RPBE",1
RhCu3,211,BB,O,2.12946,"SUNCAT alloys, DACAPO/RPBE",1
RhFe,211,AA,O,3.14048,"SUNCAT alloys, DACAPO/RPBE",1
RhFe3,211,AB,O,3.14639,"SUNCAT alloys, DACAPO/RPBE",1
RhFe3,211,BB,O,3.2356,"SUNCAT alloys, DACAPO/RPBE",1
RhGa3,211,AB,O,2.73403,"SUNCAT alloys, DACAPO/RPBE",1
RhGa3,211,BB,O,2.25956,"SUNCAT alloys, DACAPO/RPBE",1
RhIr3,211,AB,O,2.62347,"SUNCAT alloys, DACAPO/RPBE",1
RhIr3,211,BB,O,2.92386,"SUNCAT alloys, DACAPO/RPBE",1
RhNi3,211,AB,O,2.44322,"SUNCAT alloys, DACAPO/RPBE",1
RhNi3,211,BB,O,2.51798,"SUNCAT alloys, DACAPO/RPBE",1
RhPd3,211,AB,O,2.15499,"SUNCAT alloys, DACAPO/RPBE",1
RhPd3,211,BB,O,1.79425,"SUNCAT alloys, DACAPO/RPBE",1
RhPt3,211,AB,O,2.05808,"SUNCAT alloys, DACAPO/RPBE",1
RhPt3,211,BB,O,1.34756,"SUNCAT alloys, DACAPO/RPBE",1
RhRe3,211,AB,O,3.69105,"SUNCAT alloys, DACAPO/RPBE",1
RhRe3,211,BB,O,4.50566,"SUNCAT alloys, DACAPO/RPBE",1
RhRh3,211,AB,O,2.51801,"SUNCAT alloys, DACAPO/RPBE",1
RhRu3,211,AB,O,2.58594,"SUNCAT alloys, DACAPO/RPBE",1
RhRu3,211,BB,O,2.90129,"SUNCAT alloys, DACAPO/RPBE",1
RhZn3,211,AB,O,2.09786,"SUNCAT alloys, DACAPO/RPBE",1
RhZn3,211,BB,O,2.50035,"SUNCAT alloys, DACAPO/RPBE",1
Ru,111,none,CO,1.64,"DACAPO, RPBE @ CAMD/SUNCAT",1
Ru,211,none,CO,1.957,"DACAPO, RPBE @ CAMD/SUNCAT",1
Ru3Al,111,none,CO,2.056524751,"SUNCAT alloys, DACAPO/RPBE",1
Ru3Ga,111,none,CO,2.056524751,"SUNCAT alloys, DACAPO/RPBE",1
Ru3Hf,111,none,CO,2.296524751,"SUNCAT alloys, DACAPO/RPBE",1
Ru3Ir,111,none,CO,2.106524751,"SUNCAT alloys, DACAPO/RPBE",1
Ru3Nb,111,none,CO,2.056524751,"SUNCAT alloys, DACAPO/RPBE",1
Ru3Sc,111,none,CO,2.246524751,"SUNCAT alloys, DACAPO/RPBE",1
Ru3Ta,111,none,CO,2.066524751,"SUNCAT alloys, DACAPO/RPBE",1
Ru3Ti,111,none,CO,2.116524751,"SUNCAT alloys, DACAPO/RPBE",1
Ru3V,111,none,CO,1.876524751,"SUNCAT alloys, DACAPO/RPBE",1
Ru3W,111,none,CO,1.896524751,"SUNCAT alloys, DACAPO/RPBE",1
Ru3Zr,111,none,CO,2.306524751,"SUNCAT alloys, DACAPO/RPBE",1
RuCo3,211,AB,O,2.85919,"SUNCAT alloys, DACAPO/RPBE",1
RuCo3,211,BB,O,2.97785,"SUNCAT alloys, DACAPO/RPBE",1
RuGa3,211,AB,O,2.70581,"SUNCAT alloys, DACAPO/RPBE",1
RuGa3,211,BB,O,2.41623,"SUNCAT alloys, DACAPO/RPBE",1
RuIr3,211,AB,O,2.81419,"SUNCAT alloys, DACAPO/RPBE",1
RuIr3,211,BB,O,2.87787,"SUNCAT alloys, DACAPO/RPBE",1
RuNi3,211,AB,O,2.56073,"SUNCAT alloys, DACAPO/RPBE",1
RuNi3,211,BB,O,3.05914,"SUNCAT alloys, DACAPO/RPBE",1
RuPd3,211,AB,O,2.38584,"SUNCAT alloys, DACAPO/RPBE",1
RuPd3,211,BB,O,1.85276,"SUNCAT alloys, DACAPO/RPBE",1
RuPt3,211,AB,O,2.26565,"SUNCAT alloys, DACAPO/RPBE",1
RuPt3,211,BB,O,1.40966,"SUNCAT alloys, DACAPO/RPBE",1
RuRe3,211,AB,O,3.66691,"SUNCAT alloys, DACAPO/RPBE",1
RuRe3,211,BB,O,4.37228,"SUNCAT alloys, DACAPO/RPBE",1
RuRh3,211,AB,O,2.66552,"SUNCAT alloys, DACAPO/RPBE",1
RuRh3,211,BB,O,2.54424,"SUNCAT alloys, DACAPO/RPBE",1
RuRu3,211,AB,O,2.7805,"SUNCAT alloys, DACAPO/RPBE",1
RuZn3,211,AB,O,2.22769,"SUNCAT alloys, DACAPO/RPBE",1
RuZn3,211,BB,O,2.1752,"SUNCAT alloys, DACAPO/RPBE",1
SbAg3,211,AB,O,1.3991,"SUNCAT alloys, DACAPO/RPBE",1
SbAg3,211,BB,O,1.29742,"SUNCAT alloys, DACAPO/RPBE",1
SbAu3,211,AB,O,1.21346,"SUNCAT alloys, DACAPO/RPBE",1
SbAu3,211,BB,O,0.8876,"SUNCAT alloys, DACAPO/RPBE",1
SbCu3,211,AB,O,1.58968,"SUNCAT alloys, DACAPO/RPBE",1
SbCu3,211,BB,O,1.78096,"SUNCAT alloys, DACAPO/RPBE",1
SbIr3,211,AB,O,1.79773,"SUNCAT alloys, DACAPO/RPBE",1
SbIr3,211,BB,O,2.86099,"SUNCAT alloys, DACAPO/RPBE",1
SbNi3,211,AB,O,1.73957,"SUNCAT alloys, DACAPO/RPBE",1
SbNi3,211,BB,O,2.50539,"SUNCAT alloys, DACAPO/RPBE",1
SbPd,211,AA,O,1.88882,"SUNCAT alloys, DACAPO/RPBE",1
SbPd,211,BB,O,1.47597,"SUNCAT alloys, DACAPO/RPBE",1
SbPd3,211,AB,O,1.08777,"SUNCAT alloys, DACAPO/RPBE",1
SbPd3,211,BB,O,0.95436,"SUNCAT alloys, DACAPO/RPBE",1
SbPt,211,AA,O,1.28517,"SUNCAT alloys, DACAPO/RPBE",1
SbPt,211,BB,O,1.38116,"SUNCAT alloys, DACAPO/RPBE",1
SbPt3,211,AB,O,1.40267,"SUNCAT alloys, DACAPO/RPBE",1
SbPt3,211,BB,O,1.25276,"SUNCAT alloys, DACAPO/RPBE",1
SbRh,211,AA,O,1.12511,"SUNCAT alloys, DACAPO/RPBE",1
SbRh,211,BB,O,1.72433,"SUNCAT alloys, DACAPO/RPBE",1
SbRh3,211,AB,O,1.71094,"SUNCAT alloys, DACAPO/RPBE",1
SbRh3,211,BB,O,2.30626,"SUNCAT alloys, DACAPO/RPBE",1
SbRu,211,AA,O,2.21787,"SUNCAT alloys, DACAPO/RPBE",1
SbRu,211,BB,O,1.70534,"SUNCAT alloys, DACAPO/RPBE",1
SbRu3,211,AB,O,2.42433,"SUNCAT alloys, DACAPO/RPBE",1
SbRu3,211,BB,O,2.79275,"SUNCAT alloys, DACAPO/RPBE",1
SbSb3,211,AB,O,3.03286,"SUNCAT alloys, DACAPO/RPBE",1
Sc3Al,111,none,CO,2.366524751,"SUNCAT alloys, DACAPO/RPBE",1
Sc3As,111,none,CO,1.046524751,"SUNCAT alloys, DACAPO/RPBE",1
Sc3Bi,111,none,CO,2.856524751,"SUNCAT alloys, DACAPO/RPBE",1
Sc3Cd,111,none,CO,2.776524751,"SUNCAT alloys, DACAPO/RPBE",1
Sc3Ga,111,none,CO,2.426524751,"SUNCAT alloys, DACAPO/RPBE",1
Sc3Ge,111,none,CO,2.446524751,"SUNCAT alloys, DACAPO/RPBE",1
Sc3Hg,111,none,CO,1.116524751,"SUNCAT alloys, DACAPO/RPBE",1
Sc3In,111,none,CO,1.026524751,"SUNCAT alloys, DACAPO/RPBE",1
Sc3Pb,111,none,CO,2.746524751,"SUNCAT alloys, DACAPO/RPBE",1
Sc3Sb,111,none,CO,2.706524751,"SUNCAT alloys, DACAPO/RPBE",1
Sc3Si,111,none,CO,2.296524751,"SUNCAT alloys, DACAPO/RPBE",1
Sc3Sn,111,none,CO,2.596524751,"SUNCAT alloys, DACAPO/RPBE",1
Sc3Zn,111,none,CO,2.596524751,"SUNCAT alloys, DACAPO/RPBE",1
ScAg3,211,AB,O,5.17372,"SUNCAT alloys, DACAPO/RPBE",1
ScAg3,211,BB,O,3.83482,"SUNCAT alloys, DACAPO/RPBE",1
ScAu3,211,AB,O,4.48567,"SUNCAT alloys, DACAPO/RPBE",1
ScAu3,211,BB,O,2.79514,"SUNCAT alloys, DACAPO/RPBE",1
ScCu3,211,AB,O,4.94044,"SUNCAT alloys, DACAPO/RPBE",1
ScCu3,211,BB,O,3.97501,"SUNCAT alloys, DACAPO/RPBE",1
ScPd3,211,AB,O,3.22704,"SUNCAT alloys, DACAPO/RPBE",1
ScPd3,211,BB,O,2.18852,"SUNCAT alloys, DACAPO/RPBE",1
ScPt3,211,AB,O,3.04232,"SUNCAT alloys, DACAPO/RPBE",1
ScPt3,211,BB,O,2.09068,"SUNCAT alloys, DACAPO/RPBE",1
ScRh3,211,AB,O,3.63958,"SUNCAT alloys, DACAPO/RPBE",1
ScRh3,211,BB,O,3.10844,"SUNCAT alloys, DACAPO/RPBE",1
ScRu3,211,AB,O,3.96942,"SUNCAT alloys, DACAPO/RPBE",1
ScRu3,211,BB,O,3.49044,"SUNCAT alloys, DACAPO/RPBE",1
ScZn3,211,AB,O,4.8323,"SUNCAT alloys, DACAPO/RPBE",1
ScZn3,211,BB,O,4.16006,"SUNCAT alloys, DACAPO/RPBE",1
SiCu3,211,AB,O,3.05118,"SUNCAT alloys, DACAPO/RPBE",1
SiCu3,211,BB,O,2.64587,"SUNCAT alloys, DACAPO/RPBE",1
SiFe3,211,BB,O,3.17636,"SUNCAT alloys, DACAPO/RPBE",1
SiNi3,211,AB,O,2.68889,"SUNCAT alloys, DACAPO/RPBE",1
SiNi3,211,BB,O,2.54685,"SUNCAT alloys, DACAPO/RPBE",1
SiPd3,211,AB,O,2.68112,"SUNCAT alloys, DACAPO/RPBE",1
SiPd3,211,BB,O,2.67515,"SUNCAT alloys, DACAPO/RPBE",1
Sn3La,111,none,CO,0.506524751,"SUNCAT alloys, DACAPO/RPBE",1
Sn3Sc,111,none,CO,0.736524751,"SUNCAT alloys, DACAPO/RPBE",1
Sn3Y,111,none,CO,0.646524751,"SUNCAT alloys, DACAPO/RPBE",1
Sn3Zr,111,none,CO,1.046524751,"SUNCAT alloys, DACAPO/RPBE",1
SnAg3,211,AB,O,1.53742,"SUNCAT alloys, DACAPO/RPBE",1
SnAg3,211,BB,O,1.43152,"SUNCAT alloys, DACAPO/RPBE",1
SnAu3,211,AB,O,1.47143,"SUNCAT alloys, DACAPO/RPBE",1
SnAu3,211,BB,O,0.84863,"SUNCAT alloys, DACAPO/RPBE",1
SnCu3,211,AB,O,1.82972,"SUNCAT alloys, DACAPO/RPBE",1
SnCu3,211,BB,O,1.83859,"SUNCAT alloys, DACAPO/RPBE",1
SnIr3,211,AB,O,1.8884,"SUNCAT alloys, DACAPO/RPBE",1
SnIr3,211,BB,O,2.9121,"SUNCAT alloys, DACAPO/RPBE",1
SnNi3,211,AB,O,1.98301,"SUNCAT alloys, DACAPO/RPBE",1
SnNi3,211,BB,O,2.55512,"SUNCAT alloys, DACAPO/RPBE",1
SnPd,211,AA,O,1.33771,"SUNCAT alloys, DACAPO/RPBE",1
SnPd,211,BB,O,1.49716,"SUNCAT alloys, DACAPO/RPBE",1
SnPd3,211,AB,O,0.9649,"SUNCAT alloys, DACAPO/RPBE",1
SnPd3,211,BB,O,1.0198,"SUNCAT alloys, DACAPO/RPBE",1
SnPt,211,AA,O,1.47768,"SUNCAT alloys, DACAPO/RPBE",1
SnPt,211,BB,O,1.51618,"SUNCAT alloys, DACAPO/RPBE",1
SnPt3,211,AB,O,1.08843,"SUNCAT alloys, DACAPO/RPBE",1
SnPt3,211,BB,O,1.37772,"SUNCAT alloys, DACAPO/RPBE",1
SnRh,211,AA,O,1.86706,"SUNCAT alloys, DACAPO/RPBE",1
SnRh,211,BB,O,1.70942,"SUNCAT alloys, DACAPO/RPBE",1
SnRh3,211,AB,O,1.84367,"SUNCAT alloys, DACAPO/RPBE",1
SnRh3,211,BB,O,2.31472,"SUNCAT alloys, DACAPO/RPBE",1
SnRu,211,AA,O,2.34338,"SUNCAT alloys, DACAPO/RPBE",1
SnRu,211,BB,O,1.57695,"SUNCAT alloys, DACAPO/RPBE",1
SnSn3,211,AB,O,2.15815,"SUNCAT alloys, DACAPO/RPBE",1
Ta3Al,111,none,CO,2.216524751,"SUNCAT alloys, DACAPO/RPBE",1
Ta3Ge,111,none,CO,2.29652475099,"SUNCAT alloys, DACAPO/RPBE",1
Ta3Pt,111,none,CO,2.616524751,"SUNCAT alloys, DACAPO/RPBE",1
Ta3Si,111,none,CO,2.246524751,"SUNCAT alloys, DACAPO/RPBE",1
TaPd3,211,AB,O,5.06844,"SUNCAT alloys, DACAPO/RPBE",1
TaPd3,211,BB,O,4.49478,"SUNCAT alloys, DACAPO/RPBE",1
TaPt3,211,AB,O,4.48095,"SUNCAT alloys, DACAPO/RPBE",1
TaPt3,211,BB,O,3.8671,"SUNCAT alloys, DACAPO/RPBE",1
TaRh3,211,AB,O,3.98904,"SUNCAT alloys, DACAPO/RPBE",1
TaRh3,211,BB,O,3.24235,"SUNCAT alloys, DACAPO/RPBE",1
TaRu3,211,AB,O,3.83994,"SUNCAT alloys, DACAPO/RPBE",1
Ti3Al,111,none,CO,2.296524751,"SUNCAT alloys, DACAPO/RPBE",1
Ti3As,111,none,CO,2.466524751,"SUNCAT alloys, DACAPO/RPBE",1
Ti3Au,111,none,CO,2.526524751,"SUNCAT alloys, DACAPO/RPBE",1
Ti3Bi,111,none,CO,2.476524751,"SUNCAT alloys, DACAPO/RPBE",1
Ti3Ga,111,none,CO,2.246524751,"SUNCAT alloys, DACAPO/RPBE",1
Ti3Ge,111,none,CO,2.276524751,"SUNCAT alloys, DACAPO/RPBE",1
Ti3In,111,none,CO,1.736524751,"SUNCAT alloys, DACAPO/RPBE",1
Ti3Pb,111,none,CO,2.356524751,"SUNCAT alloys, DACAPO/RPBE",1
Ti3Pd,111,none,CO,2.656524751,"SUNCAT alloys, DACAPO/RPBE",1
Ti3Pt,111,none,CO,2.516524751,"SUNCAT alloys, DACAPO/RPBE",1
Ti3Sb,111,none,CO,2.406524751,"SUNCAT alloys, DACAPO/RPBE",1
Ti3Si,111,none,CO,2.076524751,"SUNCAT alloys, DACAPO/RPBE",1
Ti3Sn,111,none,CO,2.286524751,"SUNCAT alloys, DACAPO/RPBE",1
Ti3Zn,111,none,CO,2.376524751,"SUNCAT alloys, DACAPO/RPBE",1
TiNi3,211,AB,O,4.13268,"SUNCAT alloys, DACAPO/RPBE",1
TiNi3,211,BB,O,3.49475,"SUNCAT alloys, DACAPO/RPBE",1
TiPd3,211,AB,O,3.98338,"SUNCAT alloys, DACAPO/RPBE",1
TiPd3,211,BB,O,3.20419,"SUNCAT alloys, DACAPO/RPBE",1
TiPt3,211,AB,O,3.60601,"SUNCAT alloys, DACAPO/RPBE",1
TiPt3,211,BB,O,2.70208,"SUNCAT alloys, DACAPO/RPBE",1
TiRh3,211,AB,O,3.55524,"SUNCAT alloys, DACAPO/RPBE",1
TiRh3,211,BB,O,3.17597,"SUNCAT alloys, DACAPO/RPBE",1
TiRu3,211,AB,O,3.74203,"SUNCAT alloys, DACAPO/RPBE",1
TiRu3,211,BB,O,3.59421,"SUNCAT alloys, DACAPO/RPBE",1
TiZn3,211,AB,O,4.93999,"SUNCAT alloys, DACAPO/RPBE",1
TiZn3,211,BB,O,4.21378,"SUNCAT alloys, DACAPO/RPBE",1
Tl3Bi,111,none,CO,-0.103475248997,"SUNCAT alloys, DACAPO/RPBE",1
Tl3La,111,none,CO,0.646524751,"SUNCAT alloys, DACAPO/RPBE",1
Tl3Sc,111,none,CO,0.966524750999,"SUNCAT alloys, DACAPO/RPBE",1
Tl3Y,111,none,CO,0.856524751002,"SUNCAT alloys, DACAPO/RPBE",1
TlPd3,211,AB,O,0.64336,"SUNCAT alloys, DACAPO/RPBE",1
TlPt3,211,AB,O,0.75462,"SUNCAT alloys, DACAPO/RPBE",1
TlPt3,211,BB,O,1.42797,"SUNCAT alloys, DACAPO/RPBE",1
TlTl3,211,AB,O,1.8907,"SUNCAT alloys, DACAPO/RPBE",1
V3Al,111,none,CO,1.996524751,"SUNCAT alloys, DACAPO/RPBE",1
V3As,111,none,CO,1.986524751,"SUNCAT alloys, DACAPO/RPBE",1
V3Ga,111,none,CO,1.866524751,"SUNCAT alloys, DACAPO/RPBE",1
V3Ge,111,none,CO,1.836524751,"SUNCAT alloys, DACAPO/RPBE",1
V3Ir,111,none,CO,1.986524751,"SUNCAT alloys, DACAPO/RPBE",1
V3Sb,111,none,CO,1.796524751,"SUNCAT alloys, DACAPO/RPBE",1
V3Si,111,none,CO,1.786524751,"SUNCAT alloys, DACAPO/RPBE",1
VIr3,211,AB,O,3.98162,"SUNCAT alloys, DACAPO/RPBE",1
VIr3,211,BB,O,2.83267,"SUNCAT alloys, DACAPO/RPBE",1
VPd3,211,AB,O,4.47326,"SUNCAT alloys, DACAPO/RPBE",1
VPd3,211,BB,O,3.82708,"SUNCAT alloys, DACAPO/RPBE",1
VPt3,211,AB,O,4.00784,"SUNCAT alloys, DACAPO/RPBE",1
VPt3,211,BB,O,3.50314,"SUNCAT alloys, DACAPO/RPBE",1
VRh3,211,AB,O,3.93373,"SUNCAT alloys, DACAPO/RPBE",1
VRh3,211,BB,O,3.1175,"SUNCAT alloys, DACAPO/RPBE",1
VRu3,211,AB,O,3.73636,"SUNCAT alloys, DACAPO/RPBE",1
VRu3,211,BB,O,3.52507,"SUNCAT alloys, DACAPO/RPBE",1
VV3,211,AB,O,5.22631,"SUNCAT alloys, DACAPO/RPBE",1
WIr3,211,AB,O,4.31128,"SUNCAT alloys, DACAPO/RPBE",1
WIr3,211,BB,O,2.92523,"SUNCAT alloys, DACAPO/RPBE",1
WRh3,211,AB,O,4.55427,"SUNCAT alloys, DACAPO/RPBE",1
WRh3,211,BB,O,3.7118,"SUNCAT alloys, DACAPO/RPBE",1
WW3,211,AB,O,4.61113,"SUNCAT alloys, DACAPO/RPBE",1
Y3Al,111,none,CO,2.226524751,"SUNCAT alloys, DACAPO/RPBE",1
Y3Cd,111,none,CO,-0.00347524899814,"SUNCAT alloys, DACAPO/RPBE",1
Y3Ga,111,none,CO,2.296524751,"SUNCAT alloys, DACAPO/RPBE",1
Y3In,111,none,CO,0.936524750997,"SUNCAT alloys, DACAPO/RPBE",1
Y3Pb,111,none,CO,2.536524751,"SUNCAT alloys, DACAPO/RPBE",1
Y3Sb,111,none,CO,2.516524751,"SUNCAT alloys, DACAPO/RPBE",1
Y3Si,111,none,CO,0.976524751,"SUNCAT alloys, DACAPO/RPBE",1
Y3Sn,111,none,CO,2.406524751,"SUNCAT alloys, DACAPO/RPBE",1
Y3Tl,111,none,CO,2.526524751,"SUNCAT alloys, DACAPO/RPBE",1
YAg3,211,AB,O,5.13406,"SUNCAT alloys, DACAPO/RPBE",1
YAg3,211,BB,O,3.63584,"SUNCAT alloys, DACAPO/RPBE",1
YAu3,211,AB,O,4.25148,"SUNCAT alloys, DACAPO/RPBE",1
YAu3,211,BB,O,2.4701,"SUNCAT alloys, DACAPO/RPBE",1
YGa3,211,AB,O,3.90413,"SUNCAT alloys, DACAPO/RPBE",1
YGa3,211,BB,O,3.47241,"SUNCAT alloys, DACAPO/RPBE",1
YPd3,211,AB,O,3.21977,"SUNCAT alloys, DACAPO/RPBE",1
YPd3,211,BB,O,2.01162,"SUNCAT alloys, DACAPO/RPBE",1
YPt3,211,AB,O,2.98376,"SUNCAT alloys, DACAPO/RPBE",1
YPt3,211,BB,O,2.02714,"SUNCAT alloys, DACAPO/RPBE",1
YRh3,211,AB,O,3.73962,"SUNCAT alloys, DACAPO/RPBE",1
YRh3,211,BB,O,3.35066,"SUNCAT alloys, DACAPO/RPBE",1
YZn3,211,AB,O,4.81934,"SUNCAT alloys, DACAPO/RPBE",1
YZn3,211,BB,O,4.04004,"SUNCAT alloys, DACAPO/RPBE",1
Zn3Au,111,none,CO,-0.123475249001,"SUNCAT alloys, DACAPO/RPBE",1
Zn3Cu,111,none,CO,0.156524751002,"SUNCAT alloys, DACAPO/RPBE",1
Zn3Hf,111,none,CO,1.476524751,"SUNCAT alloys, DACAPO/RPBE",1
Zn3Ir,111,none,CO,1.846524751,"SUNCAT alloys, DACAPO/RPBE",1
Zn3Mo,111,none,CO,2.436524751,"SUNCAT alloys, DACAPO/RPBE",1
Zn3Nb,111,none,CO,1.986524751,"SUNCAT alloys, DACAPO/RPBE",1
Zn3Ni,111,none,CO,1.116524751,"SUNCAT alloys, DACAPO/RPBE",1
Zn3Pd,111,none,CO,0.356524750999,"SUNCAT alloys, DACAPO/RPBE",1
Zn3Rh,111,none,CO,1.406524751,"SUNCAT alloys, DACAPO/RPBE",1
Zn3Ru,111,none,CO,1.956524751,"SUNCAT alloys, DACAPO/RPBE",1
Zn3Sc,111,none,CO,0.836524751002,"SUNCAT alloys, DACAPO/RPBE",1
Zn3Ta,111,none,CO,2.266524751,"SUNCAT alloys, DACAPO/RPBE",1
Zn3Ti,111,none,CO,1.436524751,"SUNCAT alloys, DACAPO/RPBE",1
Zn3Zr,111,none,CO,1.326524751,"SUNCAT alloys, DACAPO/RPBE",1
ZnAg3,211,AB,O,1.64145,"SUNCAT alloys, DACAPO/RPBE",1
ZnAg3,211,BB,O,1.47952,"SUNCAT alloys, DACAPO/RPBE",1
ZnAu3,211,AB,O,1.48235,"SUNCAT alloys, DACAPO/RPBE",1
ZnAu3,211,BB,O,0.93453,"SUNCAT alloys, DACAPO/RPBE",1
ZnCo3,211,BB,O,3.05251,"SUNCAT alloys, DACAPO/RPBE",1
ZnCu3,211,AB,O,2.01938,"SUNCAT alloys, DACAPO/RPBE",1
ZnCu3,211,BB,O,1.98623,"SUNCAT alloys, DACAPO/RPBE",1
ZnFe3,211,AB,O,3.12583,"SUNCAT alloys, DACAPO/RPBE",1
ZnFe3,211,BB,O,3.4725,"SUNCAT alloys, DACAPO/RPBE",1
ZnIr,211,AA,O,2.8227,"SUNCAT alloys, DACAPO/RPBE",1
ZnIr,211,BB,O,2.10703,"SUNCAT alloys, DACAPO/RPBE",1
ZnNi,211,AA,O,2.63305,"SUNCAT alloys, DACAPO/RPBE",1
ZnNi,211,BB,O,2.31814,"SUNCAT alloys, DACAPO/RPBE",1
ZnNi3,211,AB,O,2.47987,"SUNCAT alloys, DACAPO/RPBE",1
ZnNi3,211,BB,O,2.81572,"SUNCAT alloys, DACAPO/RPBE",1
ZnPd,211,AA,O,1.54158,"SUNCAT alloys, DACAPO/RPBE",1
ZnPd,211,BB,O,2.09714,"SUNCAT alloys, DACAPO/RPBE",1
ZnPd3,211,AB,O,1.25758,"SUNCAT alloys, DACAPO/RPBE",1
ZnPd3,211,BB,O,1.1306,"SUNCAT alloys, DACAPO/RPBE",1
ZnPt,211,AA,O,1.31172,"SUNCAT alloys, DACAPO/RPBE",1
ZnPt,211,BB,O,1.80869,"SUNCAT alloys, DACAPO/RPBE",1
ZnPt3,211,AB,O,1.42908,"SUNCAT alloys, DACAPO/RPBE",1
ZnPt3,211,BB,O,1.3496,"SUNCAT alloys, DACAPO/RPBE",1
ZnRh,211,AA,O,2.46592,"SUNCAT alloys, DACAPO/RPBE",1
ZnRh,211,BB,O,2.02922,"SUNCAT alloys, DACAPO/RPBE",1
ZnRh3,211,AB,O,2.12295,"SUNCAT alloys, DACAPO/RPBE",1
ZnRh3,211,BB,O,2.46456,"SUNCAT alloys, DACAPO/RPBE",1
ZnRu,211,AA,O,3.01662,"SUNCAT alloys, DACAPO/RPBE",1
ZnRu,211,BB,O,2.48217,"SUNCAT alloys, DACAPO/RPBE",1
ZnZn3,211,AB,O,2.43451,"SUNCAT alloys, DACAPO/RPBE",1
Zr3Al,111,none,CO,2.306524751,"SUNCAT alloys, DACAPO/RPBE",1
Zr3As,111,none,CO,2.766524751,"SUNCAT alloys, DACAPO/RPBE",1
Zr3Au,111,none,CO,2.536524751,"SUNCAT alloys, DACAPO/RPBE",1
Zr3Bi,111,none,CO,2.706524751,"SUNCAT alloys, DACAPO/RPBE",1
Zr3Cd,111,none,CO,2.556524751,"SUNCAT alloys, DACAPO/RPBE",1
Zr3Ga,111,none,CO,2.366524751,"SUNCAT alloys, DACAPO/RPBE",1
Zr3Ge,111,none,CO,2.356524751,"SUNCAT alloys, DACAPO/RPBE",1
Zr3Pb,111,none,CO,2.536524751,"SUNCAT alloys, DACAPO/RPBE",1
Zr3Sb,111,none,CO,2.656524751,"SUNCAT alloys, DACAPO/RPBE",1
Zr3Si,111,none,CO,2.246524751,"SUNCAT alloys, DACAPO/RPBE",1
Zr3Sn,111,none,CO,2.406524751,"SUNCAT alloys, DACAPO/RPBE",1
Zr3Zn,111,none,CO,2.386524751,"SUNCAT alloys, DACAPO/RPBE",1
ZrPd3,211,AB,O,3.91758,"SUNCAT alloys, DACAPO/RPBE",1
ZrPd3,211,BB,O,3.01305,"SUNCAT alloys, DACAPO/RPBE",1
ZrPt3,211,AB,O,3.40413,"SUNCAT alloys, DACAPO/RPBE",1
ZrPt3,211,BB,O,2.39405,"SUNCAT alloys, DACAPO/RPBE",1
ZrRh3,211,AB,O,3.71428,"SUNCAT alloys, DACAPO/RPBE",1
ZrRh3,211,BB,O,3.11984,"SUNCAT alloys, DACAPO/RPBE",1
ZrRu3,211,AB,O,4.01444,"SUNCAT alloys, DACAPO/RPBE",1
ZrRu3,211,BB,O,3.64541,"SUNCAT alloys, DACAPO/RPBE",1
ZrZn3,211,AB,O,4.99729,"SUNCAT alloys, DACAPO/RPBE",1
ZrZn3,211,BB,O,4.2323,"SUNCAT alloys, DACAPO/RPBE",1
