pubId,comp,facet,E_true,n_rows,k_min,k_max,E_spread,dftFunctional,E_pred,residual,n_elements,in_domain,elems_in_mamun
AlonsoStrain2023,AgNd,101,-0.6229609593319765,4,1.0,1.0,0.9503990788653027,PBE,-0.6114502,0.011510764019476483,2,False,False
AlonsoStrain2023,AgNd,101+3%,-0.6434957580531773,1,1.0,1.0,0.0,PBE,-0.6114502,0.03204556274067727,2,False,False
AlonsoStrain2023,AgNd,101+5%,-0.6510730400004832,1,1.0,1.0,0.0,PBE,-0.6114502,0.03962284468798316,2,False,False
AlonsoStrain2023,AgNd,101-3%,-0.5949476559871982,1,1.0,1.0,0.0,PBE,-0.6114502,-0.016502539325301768,2,False,False
AlonsoStrain2023,AgNd,101-5%,-0.5750428007959272,1,1.0,1.0,0.0,PBE,-0.6114502,-0.03640739451657282,2,False,False
AlonsoStrain2023,AlNi3,111,-0.8285333043822902,3,1.0,1.0,1.6837096828967333,PBE,-0.5469282,0.2816050774345058,2,False,True
AlonsoStrain2023,AlNi3,111+3%,-0.8266928624434513,1,1.0,1.0,0.0,PBE,-0.5469282,0.2797646354956669,2,False,True
AlonsoStrain2023,AlNi3,111+5%,-0.8161072259463253,1,1.0,1.0,0.0,PBE,-0.5469282,0.2691789989985409,2,False,True
AlonsoStrain2023,AlNi3,111-3%,-0.8076556422311114,1,1.0,1.0,0.0,PBE,-0.5469282,0.260727415283327,2,False,True
AlonsoStrain2023,AlNi3,111-5%,-0.7485240805835929,1,1.0,1.0,0.0,PBE,-0.5469282,0.20159585363580845,2,False,True
AlonsoStrain2023,AlZr3,111,-1.152139652909682,4,1.0,1.0,1.6020047817073646,PBE,-0.95250267,0.19963698500578175,2,False,True
AlonsoStrain2023,AlZr3,111+3%,-1.176806772378768,1,1.0,1.0,0.0,PBE,-0.95250267,0.22430410447486793,2,False,True
AlonsoStrain2023,AlZr3,111+5%,-1.1728713259908543,1,1.0,1.0,0.0,PBE,-0.95250267,0.22036865808695416,2,False,True
AlonsoStrain2023,AlZr3,111-3%,-1.1028577958750247,1,1.0,1.0,0.0,PBE,-0.95250267,0.1503551279711246,2,False,True
AlonsoStrain2023,AlZr3,111-5%,-1.0760451948408445,1,1.0,1.0,0.0,PBE,-0.95250267,0.12354252693694434,2,False,True
AlonsoStrain2023,AuZn,101,0.2503421464934945,12,1.0,1.0,0.49013688846025616,PBE,0.50066715,0.25032500829547644,2,False,True
AlonsoStrain2023,AuZn,101+1%,0.3166776499056141,1,1.0,1.0,0.0,PBE,0.50066715,0.18398950488335686,2,False,True
AlonsoStrain2023,AuZn,101+3%,0.3243142526698648,1,1.0,1.0,0.0,PBE,0.50066715,0.17635290211910615,2,False,True
AlonsoStrain2023,AuZn,101+5%,0.3482391816505696,1,1.0,1.0,0.0,PBE,0.50066715,0.15242797313840134,2,False,True
AlonsoStrain2023,AuZn,101-1%,0.3360713392394245,1,1.0,1.0,0.0,PBE,0.50066715,0.16459581554954644,2,False,True
AlonsoStrain2023,AuZn,101-3%,0.3827321957796812,1,1.0,1.0,0.0,PBE,0.50066715,0.11793495900928974,2,False,True
AlonsoStrain2023,AuZn,101-5%,0.4439319586745114,1,1.0,1.0,0.0,PBE,0.50066715,0.05673519611445954,2,False,True
AlonsoStrain2023,CoZr,101,-0.7936604193382664,4,1.0,1.0,1.1865230051625986,PBE,-0.6753757,0.11828471934131812,2,False,True
AlonsoStrain2023,CoZr,101+2%,-0.8142300486360909,1,1.0,1.0,0.0,PBE,-0.6753757,0.1388543486391427,2,False,True
AlonsoStrain2023,CoZr,101-3%,-0.8241992112234584,1,1.0,1.0,0.0,PBE,-0.6753757,0.14882351122651016,2,False,True
AlonsoStrain2023,CuZn,101,0.1224789830012014,1,1.0,1.0,0.0,PBE,0.17193249,0.049453505678684465,2,False,True
AlonsoStrain2023,CuZn,101+2%,0.051629247071105,1,1.0,1.0,0.0,PBE,0.17193249,0.12030324160878086,2,False,True
AlonsoStrain2023,CuZn,101+5%,-0.0545151503756642,1,1.0,1.0,0.0,PBE,0.17193249,0.22644763905555007,2,False,True
AlonsoStrain2023,CuZn,101-3%,0.221254809803213,1,1.0,1.0,0.0,PBE,0.17193249,-0.04932232112332713,2,False,True
AlonsoStrain2023,CuZn,101-5%,0.2713531444169348,1,1.0,1.0,0.0,PBE,0.17193249,-0.09942065573704895,2,False,True
AlonsoStrain2023,FeNi3,111,-0.5712566088477615,5,1.0,1.0,0.8646679813100491,PBE,-0.26315588,0.3081007312575821,2,False,True
AlonsoStrain2023,FeNi3,111+3%,-0.6110695845854934,1,1.0,1.0,0.0,PBE,-0.26315588,0.347913706995314,2,False,True
AlonsoStrain2023,FeNi3,111+5%,-0.6186686356377322,1,1.0,1.0,0.0,PBE,-0.26315588,0.3555127580475528,2,False,True
AlonsoStrain2023,FeNi3,111-3%,-0.5411938801262295,1,1.0,1.0,0.0,PBE,-0.26315588,0.27803800253605004,2,False,True
AlonsoStrain2023,FeNi3,111-5%,-0.4990167793584987,1,1.0,1.0,0.0,PBE,-0.26315588,0.23586090176831925,2,False,True
AlonsoStrain2023,InPt3,111,-0.6272453917190433,4,1.0,1.0,1.8577047136132023,PBE,-0.37426415,0.25298124086111784,2,False,True
AlonsoStrain2023,InZr3,111,-1.204924023219064,3,1.0,1.0,2.064123196658329,PBE,-0.96233785,0.24258617169471108,2,False,True
AlonsoStrain2023,InZr3,111+3%,-1.2333371978493233,1,1.0,1.0,0.0,PBE,-0.96233785,0.27099934632497025,2,False,True
AlonsoStrain2023,InZr3,111+5%,-1.2388288632864717,1,1.0,1.0,0.0,PBE,-0.96233785,0.27649101176211865,2,False,True
AlonsoStrain2023,InZr3,111-3%,-1.159328220244788,1,1.0,1.0,0.0,PBE,-0.96233785,0.19699036872043507,2,False,True
AlonsoStrain2023,InZr3,111-5%,-1.1245317991779302,1,1.0,1.0,0.0,PBE,-0.96233785,0.1621939476535772,2,False,True
AlonsoStrain2023,Ir3Ti,111+5%,-0.8352756050298922,1,1.0,1.0,0.0,PBE,-0.5078254,0.3274502304266207,2,False,True
AlonsoStrain2023,Ir3Ti,111-3%,-0.6955828366408241,1,1.0,1.0,0.0,PBE,-0.5078254,0.1877574620375526,2,False,True
AlonsoStrain2023,Ir3Ti,111-5%,-0.6229114346133429,1,1.0,1.0,0.0,PBE,-0.5078254,0.11508606001007138,2,False,True
AlonsoStrain2023,Ir3Zr,111,-0.8252397745382041,5,1.0,1.0,1.7841688059052103,PBE,-0.5768919,0.24834787542931736,2,False,True
AlonsoStrain2023,Ir3Zr,111+3%,-0.878333402237331,1,1.0,1.0,0.0,PBE,-0.5768919,0.3014415031284443,2,False,True
AlonsoStrain2023,Ir3Zr,111+5%,-0.8961122319888091,1,1.0,1.0,0.0,PBE,-0.5768919,0.31922033287992235,2,False,True
AlonsoStrain2023,Ir3Zr,111-3%,-0.7318162908923114,1,1.0,1.0,0.0,PBE,-0.5768919,0.15492439178342465,2,False,True
AlonsoStrain2023,Ir3Zr,111-5%,-0.6459039655164815,1,1.0,1.0,0.0,PBE,-0.5768919,0.06901206640759483,2,False,True
AlonsoStrain2023,MgNd,101,-0.8740530515497085,5,1.0,1.0,1.3509428941215447,PBE,-0.8243936,0.04965948112658225,2,False,False
AlonsoStrain2023,MgNd,101+3%,-0.8692492899026547,1,1.0,1.0,0.0,PBE,-0.8243936,0.04485571947952849,2,False,False
AlonsoStrain2023,MgNd,101+5%,-0.8616570416925242,1,1.0,1.0,0.0,PBE,-0.8243936,0.037263471269397996,2,False,False
AlonsoStrain2023,MgNd,101-3%,-0.8655541200314474,1,1.0,1.0,0.0,PBE,-0.8243936,0.04116054960832116,2,False,False
AlonsoStrain2023,MgNd,101-5%,-0.8471400405105669,1,1.0,1.0,0.0,PBE,-0.8243936,0.022746470087440684,2,False,False
AlonsoStrain2023,MgPd,101,-0.3867179832268448,5,1.0,1.0,1.4562006086162,PBE,-0.7353093,-0.34859131958000944,2,False,False
AlonsoStrain2023,MgRh,101,-0.9863103503230376,5,1.0,1.0,2.1648914409888675,PBE,-0.77427256,0.21203778924973438,2,False,False
AlonsoStrain2023,MgSc,101,-1.0413339454134984,6,1.0,1.0,1.6676684360609215,PBE,-0.95419323,0.08714071096983389,2,False,False
AlonsoStrain2023,MgY,101,-1.023365044129605,2,1.0,1.0,0.49207583562019863,PBE,-0.97795814,0.04540690137218917,2,False,False
AlonsoStrain2023,MgY,101+3%,-0.995313916955638,1,1.0,1.0,0.0,PBE,-0.97795814,0.017355774198222207,2,False,False
AlonsoStrain2023,MgY,101+5%,-0.9742876806485584,1,1.0,1.0,0.0,PBE,-0.97795814,-0.003670462108857353,2,False,False
AlonsoStrain2023,MgY,101-3%,-1.0371010785929684,1,1.0,1.0,0.0,PBE,-0.97795814,0.059142935835552635,2,False,False
AlonsoStrain2023,MgY,101-5%,-1.036037113481143,1,1.0,1.0,0.0,PBE,-0.97795814,0.05807897072372725,2,False,False
AlonsoStrain2023,MnNi3,111,-0.6649190084572183,2,1.0,1.0,0.09943760765600018,PBE,-0.35249126,0.31242774888232816,2,False,True
AlonsoStrain2023,MnNi3,111-5%,-0.6457604254683247,1,1.0,1.0,0.0,PBE,-0.35249126,0.29326916589343455,2,False,True
AlonsoStrain2023,MnV,101,-0.9506740498909494,5,1.0,1.0,1.3431847925239708,PBE,-1.3115704,-0.3608963560691336,2,False,True
AlonsoStrain2023,MnV,101+3%,-0.9525735405477462,1,1.0,1.0,0.0,PBE,-1.3115704,-0.3589968654123368,2,False,True
AlonsoStrain2023,MnV,101+5%,-0.942193486058386,1,1.0,1.0,0.0,PBE,-1.3115704,-0.36937691990169697,2,False,True
AlonsoStrain2023,MnV,101-3%,-0.925518758202088,1,1.0,1.0,0.0,PBE,-1.3115704,-0.38605164775799505,2,False,True
AlonsoStrain2023,MnV,101-5%,-0.9039175453435746,1,1.0,1.0,0.0,PBE,-1.3115704,-0.4076528606165084,2,False,True
AlonsoStrain2023,MnZn3,111,-0.1666544878098648,5,1.0,1.0,0.69519466625934,PBE,0.0078143235,0.1744688113394659,2,False,True
AlonsoStrain2023,MnZn3,111+3%,-0.1699374052113853,1,1.0,1.0,0.0,PBE,0.0078143235,0.1777517287409864,2,False,True
AlonsoStrain2023,MnZn3,111+5%,-0.1687949352635769,1,1.0,1.0,0.0,PBE,0.0078143235,0.176609258793178,2,False,True
AlonsoStrain2023,MnZn3,111-3%,-0.1616821516363416,1,1.0,1.0,0.0,PBE,0.0078143235,0.16949647516594268,2,False,True
AlonsoStrain2023,MnZn3,111-5%,-0.1427843897690763,1,1.0,1.0,0.0,PBE,0.0078143235,0.15059871329867738,2,False,True
AlonsoStrain2023,Mo,110,-0.7428088736269274,4,1.0,1.0,0.7350681873140275,PBE,-0.9645791,-0.22177023175026989,1,False,True
AlonsoStrain2023,Nb,110,-0.8914516022232419,4,1.0,1.0,1.2080012225596874,PBE,-0.9200925,-0.02864092087475001,1,False,True
AlonsoStrain2023,Nb,110+2%,-0.9090115164035524,1,1.0,1.0,0.0,PBE,-0.9200925,-0.011081006694439566,1,False,True
AlonsoStrain2023,Nb,110+5%,-0.9291633148932306,1,1.0,1.0,0.0,PBE,-0.9200925,0.00907079179523862,1,False,True
AlonsoStrain2023,Nb,110-2%,-0.8809383480111137,1,1.0,1.0,0.0,PBE,-0.9200925,-0.03915417508687824,1,False,True
AlonsoStrain2023,Nb,110-5%,-0.8777256359717285,1,1.0,1.0,0.0,PBE,-0.9200925,-0.042366887126263464,1,False,True
AlonsoStrain2023,NbZn2,0001,-0.5496430148195941,4,1.0,1.0,0.5933371502324007,PBE,-0.4492051,0.10043791428324766,2,False,True
AlonsoStrain2023,NbZn3,111,-0.6713293302163947,6,1.0,1.0,1.60623547162686,PBE,-0.43709707,0.23423225761507638,2,False,True
AlonsoStrain2023,NbZn3,111+3%,-0.6724162889440777,1,1.0,1.0,0.0,PBE,-0.43709707,0.23531921634275932,2,False,True
AlonsoStrain2023,NbZn3,111+5%,-0.6565049764321884,1,1.0,1.0,0.0,PBE,-0.43709707,0.21940790383087005,2,False,True
AlonsoStrain2023,NbZn3,111-3%,-0.6406189705594443,1,1.0,1.0,0.0,PBE,-0.43709707,0.20352189795812592,2,False,True
AlonsoStrain2023,NbZn3,111-5%,-0.6157409628649475,1,1.0,1.0,0.0,PBE,-0.43709707,0.17864389026362915,2,False,True
AlonsoStrain2023,NdZn,101,-0.5728584069511271,5,1.0,1.0,1.1287575910318992,PBE,-0.56065166,0.012206746985611971,2,False,False
AlonsoStrain2023,NdZn,101+3%,-0.5840684086579131,1,1.0,1.0,0.0,PBE,-0.56065166,0.02341674869239796,2,False,False
AlonsoStrain2023,NdZn,101+5%,-0.5822444295990863,1,1.0,1.0,0.0,PBE,-0.56065166,0.02159276963357115,2,False,False
AlonsoStrain2023,NdZn,101-3%,-0.5437054908616119,1,1.0,1.0,0.0,PBE,-0.56065166,-0.01694616910390323,2,False,False
AlonsoStrain2023,NdZn,101-5%,-0.4882968546880875,1,1.0,1.0,0.0,PBE,-0.56065166,-0.07235480527742766,2,False,False
AlonsoStrain2023,Ni,111,-0.5182559080421925,3,1.0,1.0,0.5768496366945327,PBE,-0.37739858,0.14085732772946358,1,True,True
AlonsoStrain2023,Ni,111+2%,-0.5285263006517198,1,1.0,1.0,0.0,PBE,-0.37739858,0.1511277203389909,1,False,True
AlonsoStrain2023,Ni,111+5%,-0.5505532356182812,1,1.0,1.0,0.0,PBE,-0.37739858,0.1731546553055523,1,False,True
AlonsoStrain2023,Ni,111+8%,-0.5732770541071659,1,1.0,1.0,0.0,PBE,-0.37739858,0.195878473794437,1,False,True
AlonsoStrain2023,Ni,111-1%,-0.5147291766334092,1,1.0,1.0,0.0,PBE,-0.37739858,0.13733059632068034,1,False,True
AlonsoStrain2023,Ni,111-2%,-0.5103935868392,1,1.0,1.0,0.0,PBE,-0.37739858,0.13299500652647112,1,False,True
AlonsoStrain2023,Ni,111-3%,-0.5033391716278857,1,1.0,1.0,0.0,PBE,-0.37739858,0.12594059131515678,1,False,True
AlonsoStrain2023,Ni,111-5%,-0.4794630870746914,1,1.0,1.0,0.0,PBE,-0.37739858,0.10206450676196249,1,False,True
AlonsoStrain2023,Ni3Si,111,-0.9240859427736724,3,1.0,1.0,1.5537236233139993,PBE,-0.4227327,0.5013532319353545,2,False,False
AlonsoStrain2023,Ni3Si,111+3%,-0.9245975167868892,1,1.0,1.0,0.0,PBE,-0.4227327,0.5018648059485713,2,False,False
AlonsoStrain2023,Ni3Si,111+5%,-0.9128707709242008,1,1.0,1.0,0.0,PBE,-0.4227327,0.4901380600858829,2,False,False
AlonsoStrain2023,Ni3Si,111-3%,-0.8971771494907443,1,1.0,1.0,0.0,PBE,-0.4227327,0.47444443865242647,2,False,False
AlonsoStrain2023,Ni3Si,111-5%,-0.8613759480867884,1,1.0,1.0,0.0,PBE,-0.4227327,0.43864323724847054,2,False,False
AlonsoStrain2023,Ni3Zr,0001,-0.8898891245626146,4,1.0,1.0,1.8717700058259652,PBE,-0.46750703,0.4223820900224382,2,False,True
AlonsoStrain2023,Ni3Zr,0001+3%,-0.8915747337450739,1,1.0,1.0,0.0,PBE,-0.46750703,0.4240676992048975,2,False,True
AlonsoStrain2023,Ni3Zr,0001+5%,-0.8824827300923062,1,1.0,1.0,0.0,PBE,-0.46750703,0.41497569555212976,2,False,True
AlonsoStrain2023,Ni3Zr,0001-3%,-0.8661350830734591,1,1.0,1.0,0.0,PBE,-0.46750703,0.3986280485332827,2,False,True
AlonsoStrain2023,Ni3Zr,0001-5%,-0.8302214986397303,1,1.0,1.0,0.0,PBE,-0.46750703,0.3627144640995539,2,False,True
AlonsoStrain2023,Os,0001,-0.5893287773214979,3,1.0,1.0,0.2539647980083828,PBE,-0.2737185,0.31561027122370433,1,False,True
AlonsoStrain2023,Os,0001+2%,-0.6223950985950069,1,1.0,1.0,0.0,PBE,-0.2737185,0.3486765924972133,1,False,True
AlonsoStrain2023,Os,0001+5%,-0.6557710854249308,1,1.0,1.0,0.0,PBE,-0.2737185,0.3820525793271372,1,False,True
AlonsoStrain2023,Os,0001+8%,-0.7510212692795903,1,1.0,1.0,0.0,PBE,-0.2737185,0.47730276318179676,1,False,True
AlonsoStrain2023,Os,0001-1%,-0.5653476568404585,1,1.0,1.0,0.0,PBE,-0.2737185,0.29162915074266493,1,False,True
AlonsoStrain2023,Os,0001-2%,-0.5388839057413861,1,1.0,1.0,0.0,PBE,-0.2737185,0.26516539964359254,1,False,True
AlonsoStrain2023,Os,0001-3%,-0.5103637903739582,1,1.0,1.0,0.0,PBE,-0.2737185,0.2366452842761646,1,False,True
AlonsoStrain2023,Os,0001-5%,-0.4381435530813178,1,1.0,1.0,0.0,PBE,-0.2737185,0.16442504698352423,1,False,True
AlonsoStrain2023,Os2Y,0001,-0.4751840969620389,3,1.0,1.0,0.8771276658153511,PBE,-0.6878084,-0.21262429747002898,2,False,True
AlonsoStrain2023,OsZr,101,-1.1257825704415154,1,1.0,1.0,0.0,PBE,-0.99638134,0.12940122803047416,2,False,True
AlonsoStrain2023,OsZr,101+2%,-1.1498738970331033,1,1.0,1.0,0.0,PBE,-0.99638134,0.15349255462206202,2,False,True
AlonsoStrain2023,OsZr,101+5%,-1.17198845263556,1,1.0,1.0,0.0,PBE,-0.99638134,0.1756071102245187,2,False,True
AlonsoStrain2023,OsZr,101-3%,-1.0698782789186223,1,1.0,1.0,0.0,PBE,-0.99638134,0.07349693650758105,2,False,True
AlonsoStrain2023,OsZr,101-5%,-1.014491411853669,1,1.0,1.0,0.0,PBE,-0.99638134,0.01811006944262772,2,False,True
AlonsoStrain2023,Pd,111,-0.5375638815166894,3,1.0,1.0,0.5297308125573181,PBE,-0.27816802,0.25939585888409056,1,True,True
AlonsoStrain2023,Pd,111+2%,-0.5605361399448157,1,1.0,1.0,0.0,PBE,-0.27816802,0.2823681173122168,1,False,True
AlonsoStrain2023,Pd,111+5%,-0.599894685570689,1,1.0,1.0,0.0,PBE,-0.27816802,0.32172666293809016,1,False,True
AlonsoStrain2023,Pd,111+8%,-0.6392914631887834,1,1.0,1.0,0.0,PBE,-0.27816802,0.3611234405561845,1,False,True
AlonsoStrain2023,Pd,111-1%,-0.5282075192881166,1,1.0,1.0,0.0,PBE,-0.27816802,0.2500394966555177,1,False,True
AlonsoStrain2023,Pd,111-2%,-0.5167191451346298,1,1.0,1.0,0.0,PBE,-0.27816802,0.23855112250203092,1,False,True
AlonsoStrain2023,Pd,111-3%,-0.4933173550070933,1,1.0,1.0,0.0,PBE,-0.27816802,0.2151493323744944,1,False,True
AlonsoStrain2023,Pd,111-5%,-0.4242596247513575,1,1.0,1.0,0.0,PBE,-0.27816802,0.1460916021187586,1,False,True
AlonsoStrain2023,Pd3Y,111,-0.5182623027158115,2,1.0,1.0,0.18839733590903052,PBE,-0.4730473,0.04521501644376258,2,False,True
AlonsoStrain2023,Pd3Y,111+3%,-0.5327871951940324,1,1.0,1.0,0.0,PBE,-0.4730473,0.05973990892198344,2,False,True
AlonsoStrain2023,Pd3Y,111+5%,-0.5261968701324804,1,1.0,1.0,0.0,PBE,-0.4730473,0.05314958386043145,2,False,True
AlonsoStrain2023,Pd3Y,111-3%,-0.4781638795611798,1,1.0,1.0,0.0,PBE,-0.4730473,0.005116593289130833,2,False,True
AlonsoStrain2023,Pd3Y,111-5%,-0.4377462668799126,1,1.0,1.0,0.0,PBE,-0.4730473,-0.03530101939213637,2,False,True
AlonsoStrain2023,Pt,111,-0.4861206242567277,2,1.0,1.0,0.06319095590151841,PBE,-0.31542966,0.17069096655905008,1,True,True
AlonsoStrain2023,Pt,111+10%,-0.3393610594866914,1,1.0,1.0,0.0,PBE,-0.31542966,0.023931401789013762,1,False,True
AlonsoStrain2023,Pt,111+2%,-0.5559457155395648,3,1.0,1.0,0.10674862621817743,PBE,-0.31542966,0.24051605784188723,1,False,True
AlonsoStrain2023,Pt,111+5%,-0.6011699470691383,3,1.0,1.0,0.15587619470898068,PBE,-0.31542966,0.2857402893714607,1,False,True
AlonsoStrain2023,Pt,111+8%,-0.6103533809582586,3,1.0,1.0,0.21315316449909005,PBE,-0.31542966,0.294923723260581,1,False,True
AlonsoStrain2023,Pt,111-1%,-0.4369618987329886,2,1.0,1.0,0.054394876060541664,PBE,-0.31542966,0.12153224103531096,1,False,True
AlonsoStrain2023,Pt,111-2%,-0.3854846272588474,3,1.0,1.0,0.050800660428649225,PBE,-0.31542966,0.0700549695611698,1,False,True
AlonsoStrain2023,Pt,111-3%,-0.3739124420389998,3,1.0,1.0,0.08072257023741253,PBE,-0.31542966,0.0584827843413222,1,False,True
AlonsoStrain2023,Pt,111-5%,-0.3840886832549586,2,1.0,1.0,0.08622335148538701,PBE,-0.31542966,0.06865902555728098,1,False,True
AlonsoStrain2023,Pt,111-8%,-0.6371936015420943,1,1.0,1.0,0.0,PBE,-0.31542966,0.32176394384441664,1,False,True
AlonsoStrain2023,Pt3Zn,111,-0.512717847195745,4,1.0,1.0,1.448440738284262,PBE,-0.2541878,0.2585300546561484,2,False,True
AlonsoStrain2023,Pt3Zn,111+3%,-0.5471281387217459,1,1.0,1.0,0.0,PBE,-0.2541878,0.29294034618214937,2,False,True
AlonsoStrain2023,Pt3Zn,111+5%,-0.5619448732832097,1,1.0,1.0,0.0,PBE,-0.2541878,0.3077570807436132,2,False,True
AlonsoStrain2023,Pt3Zn,111-3%,-0.4499674436083296,1,1.0,1.0,0.0,PBE,-0.2541878,0.19577965106873302,2,False,True
AlonsoStrain2023,Pt3Zn,111-5%,-0.3717255991650745,1,1.0,1.0,0.0,PBE,-0.2541878,0.11753780662547797,2,False,True
AlonsoStrain2023,Re,0001,-0.8040510862701922,3,1.0,1.0,0.7315743816870963,PBE,-0.5252234,0.2788277119034319,1,False,True
AlonsoStrain2023,Re2Sm,0001,-0.6067203890925157,5,1.0,1.0,1.2014857288158964,PBE,-0.7733915,-0.1666710961217177,2,False,False
AlonsoStrain2023,Rh,111,-0.529934081590909,3,1.0,1.0,0.28059140923869563,PBE,-0.31964618,0.21028790191485314,1,True,True
AlonsoStrain2023,Rh,111+2%,-0.5668845557956956,1,1.0,1.0,0.0,PBE,-0.31964618,0.24723837611963972,1,False,True
AlonsoStrain2023,Rh,111+5%,-0.61234158071602,1,1.0,1.0,0.0,PBE,-0.31964618,0.29269540103996405,1,False,True
AlonsoStrain2023,Rh,111+8%,-0.6416426628056797,1,1.0,1.0,0.0,PBE,-0.31964618,0.3219964831296238,1,False,True
AlonsoStrain2023,Rh,111-1%,-0.509472345438553,1,1.0,1.0,0.0,PBE,-0.31964618,0.1898261657624971,1,False,True
AlonsoStrain2023,Rh,111-2%,-0.4862244356918381,1,1.0,1.0,0.0,PBE,-0.31964618,0.1665782560157822,1,False,True
AlonsoStrain2023,RhY,101,-0.854123570061347,5,1.0,1.0,1.7743898508924758,PBE,-0.6747621,0.1793614402777166,2,False,True
AlonsoStrain2023,RhY,101+3%,-0.8955376636222354,1,1.0,1.0,0.0,PBE,-0.6747621,0.22077553383860504,2,False,True
AlonsoStrain2023,RhY,101+5%,-0.9200639641785529,1,1.0,1.0,0.0,PBE,-0.6747621,0.24530183439492248,2,False,True
AlonsoStrain2023,RhY,101-3%,-0.8096032970352098,1,1.0,1.0,0.0,PBE,-0.6747621,0.13484116725157946,2,False,True
AlonsoStrain2023,RhY,101-5%,-0.7811699859739747,1,1.0,1.0,0.0,PBE,-0.6747621,0.10640785619034432,2,False,True
AlonsoStrain2023,RhZn,101,-0.7326769869541749,4,1.0,1.0,1.6484861791686853,PBE,-0.40354744,0.3291295509552583,2,False,True
AlonsoStrain2023,RhZn,101-3%,-0.6862106918124482,1,1.0,1.0,0.0,PBE,-0.40354744,0.2826632558135316,2,False,True
AlonsoStrain2023,RuZr,101,-1.0306215038654043,1,1.0,1.0,0.0,PBE,-0.8074329,0.2231886139270498,2,False,True
AlonsoStrain2023,RuZr,101+2%,-1.0379699380791862,1,1.0,1.0,0.0,PBE,-0.8074329,0.23053704814083176,2,False,True
AlonsoStrain2023,RuZr,101+5%,-1.0283790137254982,1,1.0,1.0,0.0,PBE,-0.8074329,0.22094612378714373,2,False,True
AlonsoStrain2023,RuZr,101-3%,-0.9929311521264026,1,1.0,1.0,0.0,PBE,-0.8074329,0.1854982621880481,2,False,True
AlonsoStrain2023,RuZr,101-5%,-0.9457414423486624,1,1.0,1.0,0.0,PBE,-0.8074329,0.13830855241030793,2,False,True
AlonsoStrain2023,TiZn3,111,-0.4820561959204497,6,1.0,1.0,1.3970723123347852,PBE,-0.3414025,0.14065369505260605,2,False,True
AlonsoStrain2023,TiZn3,111+3%,-0.4633914995501982,1,1.0,1.0,0.0,PBE,-0.3414025,0.12198899868235458,2,False,True
AlonsoStrain2023,TiZn3,111+5%,-0.4394320121064083,1,1.0,1.0,0.0,PBE,-0.3414025,0.09802951123856468,2,False,True
AlonsoStrain2023,TiZn3,111-3%,-0.4838616712368093,1,1.0,1.0,0.0,PBE,-0.3414025,0.14245917036896566,2,False,True
AlonsoStrain2023,TiZn3,111-5%,-0.4838911955739604,1,1.0,1.0,0.0,PBE,-0.3414025,0.14248869470611675,2,False,True
AlonsoStrain2023,VZn3,111,-0.609321253185044,6,1.0,1.0,1.3680731405620463,PBE,-0.39135697,0.21796427834487986,2,False,True
AlonsoStrain2023,VZn3,111+3%,-0.6088545779348351,1,1.0,1.0,0.0,PBE,-0.39135697,0.21749760309467092,2,False,True
AlonsoStrain2023,VZn3,111+5%,-0.5961701274063671,1,1.0,1.0,0.0,PBE,-0.39135697,0.20481315256620292,2,False,True
AlonsoStrain2023,VZn3,111-3%,-0.5884295771538746,1,1.0,1.0,0.0,PBE,-0.39135697,0.19707260231371038,2,False,True
AlonsoStrain2023,VZn3,111-5%,-0.5574671040085377,1,1.0,1.0,0.0,PBE,-0.39135697,0.16611012916837353,2,False,True
AlonsoStrain2023,YZn,101,-0.7834313880230184,5,1.0,1.0,1.2341735397203593,PBE,-0.6978199,0.08561149943125201,2,False,True
AlonsoStrain2023,YZn,101+3%,-0.779441654929542,1,1.0,1.0,0.0,PBE,-0.6978199,0.08162176633777563,2,False,True
AlonsoStrain2023,YZn,101+5%,-0.7636317048454657,1,1.0,1.0,0.0,PBE,-0.6978199,0.06581181625369936,2,False,True
AlonsoStrain2023,YZn,101-3%,-0.733443259530759,1,1.0,1.0,0.0,PBE,-0.6978199,0.03562337093899259,2,False,True
AlonsoStrain2023,YZn,101-5%,-0.6640311009978177,1,1.0,1.0,0.0,PBE,-0.6978199,-0.033788787593948655,2,False,True
AlonsoStrain2023,Zn,0001,0.6958435217093211,2,1.0,1.0,0.1163395505718654,PBE,0.5441221,-0.15172142183291726,1,False,True
AlonsoStrain2023,Zn,0001+2%,0.5295242781430716,1,1.0,1.0,0.0,PBE,0.5441221,0.014597821733332239,1,False,True
AlonsoStrain2023,Zn,0001+5%,0.431073219209793,1,1.0,1.0,0.0,PBE,0.5441221,0.11304888066661078,1,False,True
AlonsoStrain2023,Zn,0001+8%,0.3968814350810135,1,1.0,1.0,0.0,PBE,0.5441221,0.14724066479539033,1,False,True
AlonsoStrain2023,Zn,0001-1%,0.8340433374978602,1,1.0,1.0,0.0,PBE,0.5441221,-0.2899212376214564,1,False,True
AlonsoStrain2023,Zn,0001-2%,0.6364746767794713,1,1.0,1.0,0.0,PBE,0.5441221,-0.09235257690306753,1,False,True
AlonsoStrain2023,Zn,0001-3%,0.4080772868765052,1,1.0,1.0,0.0,PBE,0.5441221,0.13604481299989862,1,False,True
AlonsoStrain2023,Zn,0001-5%,0.3917322249326389,1,1.0,1.0,0.0,PBE,0.5441221,0.15238987494376494,1,False,True
AlonsoStrain2023,ZnZr,101,-0.9070683514801204,1,1.0,1.0,0.0,PBE,-0.7411556,0.165912727090472,2,False,True
AlonsoStrain2023,ZnZr,101+2%,-0.9450282319667168,1,1.0,1.0,0.0,PBE,-0.7411556,0.20387260757706838,2,False,True
AlonsoStrain2023,ZnZr,101-3%,-0.8539835674891947,1,1.0,1.0,0.0,PBE,-0.7411556,0.11282794309954625,2,False,True
AlonsoStrain2023,ZnZr,101-5%,-0.9264206795050997,1,1.0,1.0,0.0,PBE,-0.7411556,0.18526505511545122,2,False,True
AlonsoStrain2023,Zr,0001,-1.0400038529696758,3,1.0,1.0,1.3630530483969778,PBE,-0.985691,0.05431284201767994,1,False,True
AlonsoStrain2023,Zr,0001+1%,-1.03210153103646,2,1.0,1.0,0.016987930892355507,PBE,-0.985691,0.046410520084464224,1,False,True
AlonsoStrain2023,Zr,0001-1%,-1.0500479829242977,2,1.0,1.0,0.04415876979328459,PBE,-0.985691,0.06435697197230184,1,False,True
AlonsoStrain2023,Zr,0001-3%,-1.099016500873404,2,1.0,1.0,0.08785521817844733,PBE,-0.985691,0.11332548992140823,1,False,True
BoesAdsorption2018,Ag,111,0.3354821713665,14,1.0,4.0,0.8549299622135,RPBE,0.3410254,0.0055432407161721264,1,True,True
BoesAdsorption2018,Au,111,0.310850492767,14,1.0,4.0,0.33974723298049997,RPBE,0.29508796,-0.01576252942433337,1,True,True
BoesAdsorption2018,Cu,111,-0.03516214484195,13,1.0,4.0,0.91900937487195,RPBE,-0.059519447,-0.0243573025443148,1,True,True
BoesAdsorption2018,Ir,111,-0.304832694746,14,1.0,4.0,0.1524861615875,RPBE,-0.3169839,-0.012151213668840699,1,True,True
BoesAdsorption2018,Pd,111,-0.51013681988,14,1.0,4.0,0.63412638467125,RPBE,-0.27816802,0.23196879724740116,1,True,True
BoesAdsorption2018,Pt,111,-0.262858927715,14,1.0,4.0,0.10200397238825001,RPBE,-0.31542966,-0.05257072998267759,1,True,True
BoesAdsorption2018,Rh,111,-0.394557342107,14,1.0,4.0,0.40948862078385,RPBE,-0.31964618,0.07491116243094409,1,True,True
ClarkInfluence2018,Ag,100,0.5012345970026217,2,1.0,1.0,0.00010802919859997928,BEEF-vdW,0.3410254,-0.16020918491994962,1,False,True
ClarkInfluence2018,Ag,110,0.3814283108949894,1,1.0,1.0,0.0,BEEF-vdW,0.3410254,-0.04040289881231729,1,False,True
ClarkInfluence2018,Ag,111,0.4432038693485083,2,1.0,1.0,0.4403826609632233,BEEF-vdW,0.3410254,-0.10217845726583619,1,True,True
ClarkInfluence2018,Ag,211,0.3901235049052047,5,1.0,1.0,0.09030778412125079,BEEF-vdW,0.3410254,-0.04909809282253258,1,False,True
ClarkInfluence2018,Ag,311,0.455807298538275,1,1.0,1.0,0.0,BEEF-vdW,0.3410254,-0.11478188645560289,1,False,True
DStructure2024,Pd,111,-0.6370475800000577,1,1.0,1.0,0.0,PBE+D3,-0.27816802,0.3588795573674588,1,True,True
DStructure2024,Pd,533,-0.5858723100000134,1,1.0,1.0,0.0,PBE+D3,-0.27816802,0.3077042873674145,1,False,True
FantaQMCcopperCO2024,Cu,111,-0.5115499999956228,28,1.0,4.0,1.07166762885754,FNDMC,-0.059519447,0.452030552609358,1,True,True
Gauthierrole2021,Ag,100,0.6682308550000187,1,1.0,1.0,0.0,RPBE_-0.413VSHE,0.3410254,-0.32720544291734655,1,False,True
Gauthierrole2021,Ag,211,0.2131526249999922,1,1.0,1.0,0.0,RPBE_-0.413VSHE,0.3410254,0.1278727870826799,1,False,True
Gauthierrole2021,Au,100,0.3987135650000084,1,1.0,1.0,0.0,RPBE_-0.413VSHE,0.29508796,-0.10362560165734175,1,False,True
Gauthierrole2021,Au,211,0.1064172649999903,1,1.0,1.0,0.0,RPBE_-0.413VSHE,0.29508796,0.18867069834267633,1,False,True
Gauthierrole2021,Cu,100,1.7490136650000068,1,1.0,1.0,0.0,RPBE_-0.413VSHE,-0.059519447,-1.8085331123862716,1,False,True
Gauthierrole2021,Cu,211,-0.7031794450000035,1,1.0,1.0,0.0,RPBE_-0.413VSHE,-0.059519447,0.6436599976137387,1,False,True
Gauthierrole2021,Ni,100,0.070354855000005,1,1.0,1.0,0.0,RPBE_-0.413VSHE,-0.37739858,-0.44775343531273387,1,False,True
Gauthierrole2021,Ni,211,-0.4344811349999986,1,1.0,1.0,0.0,RPBE_-0.413VSHE,-0.37739858,0.05708255468726969,1,False,True
Gauthierrole2021,Pd,100,0.1209753049999449,1,1.0,1.0,0.0,RPBE_-0.413VSHE,-0.27816802,-0.3991433276325438,1,False,True
Gauthierrole2021,Pd,211,-0.3743459349999796,1,1.0,1.0,0.0,RPBE_-0.413VSHE,-0.27816802,0.09617791236738071,1,False,True
Gauthierrole2021,Pt,100,-0.3230058550000194,1,1.0,1.0,0.0,RPBE_-0.413VSHE,-0.31542966,0.0075761973023417695,1,False,True
Gauthierrole2021,Pt,211,-0.4854108950000011,1,1.0,1.0,0.0,RPBE_-0.413VSHE,-0.31542966,0.1699812373023235,1,False,True
HansenFirst2018,Ag4Zn,111,0.32864904042799026,1,2.0,2.0,0.0,BEEF-vdW,0.18018512,-0.14846391614992172,2,False,True
HansenFirst2018,Au4Zn,111,0.2660174798220396,1,2.0,2.0,0.0,BEEF-vdW,0.32639223,0.060374753549695015,2,False,True
HansenFirst2018,Cd,001,0.9189513987294048,1,2.0,2.0,0.0,BEEF-vdW,0.82891303,-0.09003836572082935,1,False,True
HansenFirst2018,Cu4W,111,-0.9552553320827428,1,2.0,2.0,0.0,BEEF-vdW,-0.57174927,0.38350606212043203,2,False,True
HansenFirst2018,Fe,111,-0.8166818978934316,1,2.0,2.0,0.0,BEEF-vdW,-0.90993077,-0.0932488677353831,1,True,True
HansenFirst2018,Ir4Sn,111,0.4405579023004975,1,2.0,2.0,0.0,BEEF-vdW,-0.36393702,-0.8044949226023164,2,False,True
HansenFirst2018,Ni4Re,111,-0.9568039319565286,1,2.0,2.0,0.0,BEEF-vdW,-0.4647289,0.49207504010701075,2,False,True
HansenFirst2018,Pd4Ta,111,-1.1349710198119283,1,2.0,2.0,0.0,BEEF-vdW,-0.2756193,0.8593517215922475,2,False,True
HansenFirst2018,Pt,111,-0.33478391521202866,1,2.0,2.0,0.0,BEEF-vdW,-0.31542966,0.019354257514351048,1,True,True
HansenFirst2018,Pt29Sn,111,-0.2637994117831113,1,2.0,2.0,0.0,BEEF-vdW,-0.33390185,-0.07010244058619719,2,False,True
HansenFirst2018,Re,001,-0.5693531973229256,1,2.0,2.0,0.0,BEEF-vdW,-0.5252234,0.0441298229561653,1,False,True
HansenFirst2018,Rh,111,-0.3554133424331667,1,2.0,2.0,0.0,BEEF-vdW,-0.31964618,0.03576716275711078,1,True,True
HansenFirst2018,Rh4Ta,111,-1.0667693567083916,1,2.0,2.0,0.0,BEEF-vdW,-0.5679829,0.49878644464479294,2,False,True
HansenFirst2018,Ru,001,-0.4405315072508529,1,2.0,2.0,0.0,BEEF-vdW,-0.41149864,0.029032871243543923,1,False,True
HansenFirst2018,Ti,001,-1.0041486126356176,1,2.0,2.0,0.0,BEEF-vdW,-1.010073,-0.005924333912844304,1,False,True
HansenFirst2018,Zn,001,0.6257971610175446,1,2.0,2.0,0.0,BEEF-vdW,0.5441221,-0.08167506114114076,1,False,True
HansenFirst2018,Zr,001,-0.94805315870326,1,2.0,2.0,0.0,BEEF-vdW,-0.985691,-0.03763785224873584,1,False,True
JiangModelling2021,Pt,100,-0.6602813649999746,1,1.0,1.0,0.0,RPBE-D3,-0.31542966,0.344851707302297,1,False,True
JiangModelling2021,Pt,111,-0.4138206849999619,1,1.0,1.0,0.0,RPBE-D3,-0.31542966,0.09839102730228427,1,True,True
KaiData-driven2022,Ni,100,-0.6820791300000053,9,2.0,2.0,0.16462230500000175,MS2,-0.37739858,0.3046805496872764,1,False,True
KaiData-driven2022,Ni,111,-0.8227042800000106,9,2.0,2.0,0.27051799000000176,MS2,-0.37739858,0.44530569968728173,1,True,True
KaiData-driven2022,Pd,111,-0.7428286849999495,9,2.0,2.0,0.17194854999995357,MS2,-0.27816802,0.4646606623673506,1,True,True
KaiData-driven2022,Pt,111,-0.5543855949999852,9,2.0,2.0,0.15708155999999462,MS2,-0.31542966,0.23895593730230758,1,True,True
KaiData-driven2022,Rh,111,-0.6298710750000964,9,2.0,2.0,0.11417125000009787,MS2,-0.31964618,0.3102248953240405,1,True,True
LandersUnderstanding2020,Pd,000,-0.3144620349999982,1,1.0,1.0,0.0,PBEsol_800eV,-0.27816802,0.03629401236739932,1,False,True
LandersUnderstanding2020,Pd,111-0.00MLH,-0.3571635787047853,2,1.0,1.0,0.3369789896132716,BEEF-vdW,-0.27816802,0.07899555607218645,1,False,True
LiuCatalytic2022,Ti,0001,-1.0427852161111115,4,1.0,18.0,0.27550300333333455,RPBE,-1.010073,0.03271226956264961,1,False,True
MontoyaThe2015,Ag,111,0.427493104075,4,1.0,1.0,0.013635557021,BEEF-vdW,0.3410254,-0.0864676919923279,1,True,True
MontoyaThe2015,Au,111,0.391961906073,4,1.0,1.0,0.208819964791,BEEF-vdW,0.29508796,-0.0968739427303334,1,True,True
MontoyaThe2015,Co,111,-0.354071412959,4,1.0,1.0,0.012955136335000006,BEEF-vdW,-0.39857784,-0.04450642617712364,1,True,True
MontoyaThe2015,Cu,111,0.0097933774814,4,1.0,1.0,0.014312984454599999,BEEF-vdW,-0.059519447,-0.0693128248676648,1,True,True
MontoyaThe2015,Fe,111,-0.354250667959,3,1.0,1.0,0.026909814871000026,BEEF-vdW,-0.90993077,-0.5556800976698146,1,True,True
MontoyaThe2015,Ir,111,-0.316183709016,4,1.0,1.0,0.16465833587800002,BEEF-vdW,-0.3169839,-0.0008001993988406841,1,True,True
MontoyaThe2015,Ni,111,-0.352500227589,4,1.0,1.0,0.024509158458000002,BEEF-vdW,-0.37739858,-0.024898352723728867,1,True,True
MontoyaThe2015,Pd,111,-0.279501537454,4,1.0,1.0,0.44857886621000004,BEEF-vdW,-0.27816802,0.0013335148214011494,1,True,True
MontoyaThe2015,Pt,111,-0.240624087406,4,1.0,1.0,0.058811490307,BEEF-vdW,-0.31542966,-0.07480557029167761,1,True,True
MontoyaThe2015,Re,111,-0.614156062531,4,1.0,1.0,0.012471794110999967,BEEF-vdW,-0.5252234,0.08893268816423971,1,True,True
MontoyaThe2015,Rh,111,-0.321843200916,4,1.0,1.0,0.2586311534467,BEEF-vdW,-0.31964618,0.002197021239944086,1,True,True
MontoyaThe2015,Ru,111,-0.441007298316,4,1.0,1.0,0.034400428895,BEEF-vdW,-0.41149864,0.029508662308691036,1,True,True
PasumarthiFacetDependence2023,Cu,100,0.0923866659213672,21,1.0,1.0,0.47326564699324086,BEEF-vdW_-0.23VSHE,-0.059519447,-0.15190611330763198,1,False,True
PasumarthiFacetDependence2023,Cu,111,-0.0242013976821908,21,1.0,1.0,0.5691187712363898,BEEF-vdW_-0.51VSHE,-0.059519447,-0.035318049704074,1,True,True
PasumarthiFacetDependence2023,Cu,211,0.0408836774367955,18,1.0,1.0,0.5178359228812042,BEEF-vdW_-0.73VSHE,-0.059519447,-0.1004031248230603,1,False,True
PasumarthiFacetDependence2023,Cu,310,0.0199558093663654,28,1.0,1.0,0.6000366190637578,BEEF-vdW_-0.42VSHE,-0.059519447,-0.0794752567526302,1,False,True
PasumarthiFacetDependence2023,Cu,511,0.1784994749104953,44,1.0,1.0,0.5669762148027075,BEEF-vdW_-0.42VSHE,-0.059519447,-0.2380189222967601,1,False,True
PengRole2020,Ag,111-fcc,0.4922596699470887,1,1.0,1.0,0.0,BEEF-vdW,0.3410254,-0.15123425786441658,1,False,True
PengRole2020,Ag,211-stepbridge,0.3952438712221919,1,1.0,1.0,0.0,BEEF-vdW,0.3410254,-0.05421845913951978,1,False,True
PengRole2020,Au,111-fcc,0.5094893747373135,1,1.0,1.0,0.0,BEEF-vdW,0.29508796,-0.21440141139464686,1,False,True
PengRole2020,Au,211-stepbridge,0.2827503047228674,1,1.0,1.0,0.0,BEEF-vdW,0.29508796,0.012337658619799241,1,False,True
PengRole2020,Cu,100-4foldhollow,0.1116843679410521,1,1.0,1.0,0.0,BEEF-vdW,-0.059519447,-0.1712038153273169,1,False,True
PengRole2020,Cu,111-fcc,0.0826879160449607,1,1.0,1.0,0.0,BEEF-vdW,-0.059519447,-0.1422073634312255,1,False,True
PengRole2020,Cu,211-stepbridge,-0.0155479731547529,1,1.0,1.0,0.0,BEEF-vdW,-0.059519447,-0.0439714742315119,1,False,True
PengRole2020,Ni,111-fcc,-0.377496265755326,1,1.0,1.0,0.0,BEEF-vdW,-0.37739858,9.768544259713963e-05,1,False,True
PengRole2020,Ni,211-stepbridge,-0.3382782652115566,1,1.0,1.0,0.0,BEEF-vdW,-0.37739858,-0.03912031510117231,1,False,True
PengRole2020,Pd,111-fcc,-0.3759426317265024,1,1.0,1.0,0.0,BEEF-vdW,-0.27816802,0.09777460909390351,1,False,True
PengRole2020,Pd,211-stepbridge,-0.2529668315255549,1,1.0,1.0,0.0,BEEF-vdW,-0.27816802,-0.025201191107043996,1,False,True
PengRole2020,Pt,111-fcc,-0.2393188252972322,1,1.0,1.0,0.0,BEEF-vdW,-0.31542966,-0.07611083240044542,1,False,True
PengRole2020,Pt,211-stepbridge,-0.3937796265890938,1,1.0,1.0,0.0,BEEF-vdW,-0.31542966,0.07834996889141621,1,False,True
PengRole2020,Rh,111-fcc,-0.3128134428989142,1,1.0,1.0,0.0,BEEF-vdW,-0.31964618,-0.00683273677714169,1,False,True
PengRole2020,Rh,211-stepbridge,-0.3561160083918366,1,1.0,1.0,0.0,BEEF-vdW,-0.31964618,0.036469828715780694,1,False,True
PengTrends2022,Cu,100,0.1116843679410521,1,1.0,1.0,0.0,BEEF-vdW,-0.059519447,-0.1712038153273169,1,False,True
SchumannSelectivity2018,Ag,111,0.44312846144,1,1.0,1.0,0.0,BEEF-vdW,0.3410254,-0.10210304935732789,1,True,True
SchumannSelectivity2018,Cu,111,0.0312227190007,1,1.0,1.0,0.0,BEEF-vdW,-0.059519447,-0.0907421663869648,1,True,True
SchumannSelectivity2018,Ir,111,-0.240447653945,1,1.0,1.0,0.0,BEEF-vdW,-0.3169839,-0.07653625446984069,1,True,True
SchumannSelectivity2018,Pd,111,-0.424950096465,1,1.0,1.0,0.0,BEEF-vdW,-0.27816802,0.1467820738324011,1,True,True
SchumannSelectivity2018,Pt,111,-0.289461685075,1,1.0,1.0,0.0,BEEF-vdW,-0.31542966,-0.025967972622677638,1,True,True
SchumannSelectivity2018,Rh,111,-0.362693644784,1,1.0,1.0,0.0,BEEF-vdW,-0.31964618,0.043047465107944105,1,True,True
SharadaAdsorption2019,Ni,100,-0.6439763449999986,1,2.0,2.0,0.0,SCAN,-0.37739858,0.2665777646872697,1,False,True
SongStrongly2026,Pt,111,-0.235707589999997,1,4.0,4.0,0.0,beef-vdW,-0.31542966,-0.07972206769768062,1,True,True
TangFrom2020,Ag,111,0.4922596699470887,1,1.0,1.0,0.0,BEEF-vdW,0.3410254,-0.15123425786441658,1,True,True
TangFrom2020,Ag,211,0.3952438712221919,1,1.0,1.0,0.0,BEEF-vdW,0.3410254,-0.05421845913951978,1,False,True
TangFrom2020,Au,111,0.5094893747373135,1,1.0,1.0,0.0,BEEF-vdW,0.29508796,-0.21440141139464686,1,True,True
TangFrom2020,Au,211,0.2827503047228674,1,1.0,1.0,0.0,BEEF-vdW,0.29508796,0.012337658619799241,1,False,True
TangFrom2020,Cu,100,0.1116843679410521,1,1.0,1.0,0.0,BEEF-vdW,-0.059519447,-0.1712038153273169,1,False,True
TangFrom2020,Cu,111,0.0826879160449607,1,1.0,1.0,0.0,BEEF-vdW,-0.059519447,-0.1422073634312255,1,True,True
TangFrom2020,Cu,211,-0.6339011197196669,1,1.0,1.0,0.0,BEEF-vdW,-0.059519447,0.5743816723334021,1,False,True
TangFrom2020,In,1011,0.7522697603126289,1,1.0,1.0,0.0,BEEF-vdW,0.8446748,0.09240506535570603,1,False,True
TangFrom2020,In,1012,0.62308241725259,1,1.0,1.0,0.0,BEEF-vdW,0.8446748,0.221592408415745,1,False,True
TangFrom2020,Ni,111,-0.377496265755326,1,1.0,1.0,0.0,BEEF-vdW,-0.37739858,9.768544259713963e-05,1,True,True
TangFrom2020,Ni,211,-0.3382782652115566,1,1.0,1.0,0.0,BEEF-vdW,-0.37739858,-0.03912031510117231,1,False,True
TangFrom2020,Pb,111,0.801284199609654,1,1.0,1.0,0.0,BEEF-vdW,0.7688896,-0.032394593610661104,1,True,True
TangFrom2020,Pb,211,0.7587757303699618,1,1.0,1.0,0.0,BEEF-vdW,0.7688896,0.0101138756290311,1,False,True
TangFrom2020,Pd,111,-0.3759426317265024,1,1.0,1.0,0.0,BEEF-vdW,-0.27816802,0.09777460909390351,1,True,True
TangFrom2020,Pd,211,-0.2529668315255549,1,1.0,1.0,0.0,BEEF-vdW,-0.27816802,-0.025201191107043996,1,False,True
TangFrom2020,Pt,111,-0.2393188252972322,1,1.0,1.0,0.0,BEEF-vdW,-0.31542966,-0.07611083240044542,1,True,True
TangFrom2020,Pt,211,-0.3937796265890938,1,1.0,1.0,0.0,BEEF-vdW,-0.31542966,0.07834996889141621,1,False,True
TangFrom2020,Rh,111,-0.3128134428989142,1,1.0,1.0,0.0,BEEF-vdW,-0.31964618,-0.00683273677714169,1,True,True
TangFrom2020,Rh,211,-0.3561160083918366,1,1.0,1.0,0.0,BEEF-vdW,-0.31964618,0.036469828715780694,1,False,True
TangFrom2020,Sn,111,-0.0407840837724506,1,1.0,1.0,0.0,BEEF-vdW,0.49534756,0.5361316432245075,1,True,True
TangFrom2020,Sn,211,-0.0253050234459806,1,1.0,1.0,0.0,BEEF-vdW,0.49534756,0.5206525828980375,1,False,True
TangFrom2020,Zn,0001,0.823242902981292,1,1.0,1.0,0.0,BEEF-vdW,0.5441221,-0.2791208031048882,1,False,True
TangModeling2020,Ag,111,0.3815121899897349,1,1.0,1.0,0.0,BEEF-vdW,0.3410254,-0.04048677790706279,1,True,True
TangModeling2020,Cu,111,0.0126025448262225,1,1.0,1.0,0.0,BEEF-vdW,-0.059519447,-0.0721219922124873,1,True,True
TangModeling2020,Ir,111,-0.2167906556642265,1,1.0,1.0,0.0,BEEF-vdW,-0.3169839,-0.10019325275061419,1,True,True
TangModeling2020,Ni,111,-0.31635248763268464,1,2.0,2.0,0.0,BEEF-vdW,-0.37739858,-0.06104609268004424,1,True,True
TangModeling2020,Pd,111,-0.2844112196398782,1,1.0,1.0,0.0,BEEF-vdW,-0.27816802,0.006243197007279322,1,True,True
TangModeling2020,Pt,111,-0.1797646002305555,1,1.0,1.0,0.0,BEEF-vdW,-0.31542966,-0.13566505746712212,1,True,True
TangModeling2020,Rh,111,-0.3200018064817413,1,1.0,1.0,0.0,BEEF-vdW,-0.31964618,0.00035562680568540506,1,True,True
TettehCompressively2022,Pt,111,-0.3140766850000034,10,1.0,1.0,0.056535250000010306,PBE,-0.31542966,-0.001352972697674204,1,True,True
WangAchieving2021,Ag,111,0.41403857078694273,1,2.0,2.0,0.0,BEEF-vdW,0.3410254,-0.07301315870427061,1,True,True
WangAchieving2021,Au,111,0.030983087104687,2,2.0,2.0,0.35546973800228443,BEEF-vdW,0.29508796,0.2641048762379796,1,True,True
WangAchieving2021,Au,211,0.29922666231141193,1,2.0,2.0,0.0,BEEF-vdW,0.29508796,-0.004138698968745302,1,False,True
WangAchieving2021,Co,111,-0.30613964665099047,1,2.0,2.0,0.0,BEEF-vdW,-0.39857784,-0.09243819248513319,1,True,True
WangAchieving2021,Cu,111,-0.4065799301606603,2,2.0,2.0,0.07441456650849432,BEEF-vdW,-0.059519447,0.3470604827743955,1,True,True
WangAchieving2021,Cu,211,-0.04517770203528925,1,2.0,2.0,0.0,BEEF-vdW,-0.059519447,-0.01434174535097555,1,False,True
WangAchieving2021,Fe,110,-0.36842433012498077,1,2.0,2.0,0.0,BEEF-vdW,-0.90993077,-0.5415064355038339,1,False,True
WangAchieving2021,Fe,111,-0.2410817148920614,1,2.0,2.0,0.0,BEEF-vdW,-0.90993077,-0.6688490507367533,1,True,True
WangAchieving2021,Ir,111,-0.6293607640691334,2,2.0,2.0,0.03283625045150984,BEEF-vdW,-0.3169839,0.31237685565429274,1,True,True
WangAchieving2021,Ir,211,-0.5867446057673078,1,2.0,2.0,0.0,BEEF-vdW,-0.3169839,0.2697606973524671,1,False,True
WangAchieving2021,Mo,111,-0.5218915757286595,1,2.0,2.0,0.0,BEEF-vdW,-0.9645791,-0.44268752964853775,1,True,True
WangAchieving2021,Ni,111,-0.37804056151071563,2,2.0,2.0,0.10612487790058367,BEEF-vdW,-0.37739858,0.0006419811979867518,1,True,True
WangAchieving2021,Ni,211,-0.3840795841824729,1,2.0,2.0,0.0,BEEF-vdW,-0.37739858,0.006681003869744018,1,False,True
WangAchieving2021,Os,111,-0.358946536667645,1,2.0,2.0,0.0,BEEF-vdW,-0.2737185,0.0852280305698514,1,True,True
WangAchieving2021,Os,211,-0.7120682723034406,1,2.0,2.0,0.0,BEEF-vdW,-0.2737185,0.43834976620564703,1,False,True
WangAchieving2021,Os,hcp0001,-0.32480924187984783,1,2.0,2.0,0.0,BEEF-vdW,-0.2737185,0.05109073578205425,1,False,True
WangAchieving2021,Pd,111,-0.3237550728226779,2,2.0,2.0,0.009541400067973882,BEEF-vdW,-0.27816802,0.045587050190079026,1,True,True
WangAchieving2021,Pd,211,-0.3509468656848185,1,2.0,2.0,0.0,BEEF-vdW,-0.27816802,0.0727788430522196,1,False,True
WangAchieving2021,Pt,111,-0.8040111885638908,1,2.0,2.0,0.0,BEEF-vdW,-0.31542966,0.48858153086621314,1,True,True
WangAchieving2021,Re,111,-0.4311762330471538,1,2.0,2.0,0.0,BEEF-vdW,-0.5252234,-0.09404714131960645,1,True,True
WangAchieving2021,Re,211,-0.8012876690627307,1,2.0,2.0,0.0,BEEF-vdW,-0.5252234,0.2760642946959705,1,False,True
WangAchieving2021,Rh,111,-0.44444708949595224,1,2.0,2.0,0.0,BEEF-vdW,-0.31964618,0.12480090981989633,1,True,True
WangAchieving2021,Ru,111,-0.37262801290489733,1,2.0,2.0,0.0,BEEF-vdW,-0.41149864,-0.03887062310241163,1,True,True
WangAchieving2021,Ru,211,-0.4897240450663958,1,2.0,2.0,0.0,BEEF-vdW,-0.41149864,0.07822540905908681,1,False,True
WangAchieving2021,Ru,hcp0001,-0.4571598404436372,1,2.0,2.0,0.0,BEEF-vdW,-0.41149864,0.04566120443632826,1,False,True
WangAchieving2021,W,111,-0.564687465208408,1,2.0,2.0,0.0,BEEF-vdW,-0.9115531,-0.3468656196419033,1,True,True
YangIntrinsic2016,Rh,111,-0.312787388,1,1.0,1.0,0.0,BEEF-vdW,-0.31964618,-0.006858791676055909,1,True,True
YangIntrinsic2016,Rh,211,-0.36076486946,1,1.0,1.0,0.0,BEEF-vdW,-0.31964618,0.04111868978394412,1,False,True
