stratum,n,MAE,RMSE,R2,bias_pred_minus_true,MAE_after_bias_shift
ALL,491,0.3469995718271203,0.6030397273720354,-0.9393090632735648,0.15787594009281164,0.31277746101861664
src=eqv2_361_relaxed,219,0.285027649719919,0.3639465036466103,-20.03203179078731,0.13050584178342498,0.25518563818182527
src=eqv2_500_sp,272,0.3968960826413742,0.7414895793346623,-0.6512457822712929,0.17991289424632514,0.3584066373989055
facet=111（域内晶面）,109,0.34094474537635056,0.4296744942746394,-11.297403389224055,0.11333426604261647,0.3094751183941447
不含Sb（元素域内）,364,0.33466133781657037,0.6387672592809686,-0.707844010998395,0.09337903595138482,0.3117857799479757
facet=111 且不含Sb,86,0.3372947243351332,0.4306935449192652,-19.159627485550548,0.06359841264799374,0.3167879843315349
含Sb（元素域外）,127,0.38236269922743665,0.48630820063565,-4.890198790527973,0.3427332086556413,0.24973150505014882
含Ir,43,0.13599517817730747,0.22378466937564365,-4.098066678914639,-0.042673810100585574,0.14691173424955029
含Pt,169,0.18895691121854902,0.24920163435284357,-3.3806948616805146,0.07804558988716687,0.15453087433812446
含Ru,52,0.38361270397858177,0.6926421628411767,-0.8812704454158244,0.052860680837036295,0.3805553608126155
含Ni,66,0.1983263368403299,0.3320595057433635,-0.5048935784783266,0.13591989504054186,0.18278593993247022
含Co,64,0.28942058794614284,0.3583401278085298,-18.43332443974856,0.1039795945238444,0.2710282459293027
含Fe,63,0.6193199650763419,1.223258522739664,-0.32536543932968764,0.35681150077683166,0.43392792834849636
含Mn,38,0.46269898254613173,0.6436825865309733,-6.923157317165319,0.42419299040399044,0.4126047773653192
含Ta,30,0.4627656587124444,0.5637768235785708,-7.613401070535572,-0.039570596153451286,0.4548515394817541
含Ti,53,0.5084370693211001,1.3018568530393129,-0.33354777978567385,-0.375231973852561,0.4924074387451114
含Nb,41,0.26290441257620273,0.4255153930680291,0.06124447599208771,-0.004239797678652502,0.2623873640788061
含Mo,34,0.3795484870242534,0.43563597295854584,-14.507437687487492,-0.026452363900877986,0.3846669786680349
含Cu,66,0.3652946089202227,0.453988451933263,-16.78393157428312,0.2743974648416316,0.2781224684552841
含Sn,136,0.4237401645055124,0.5225031397788158,-8.041265762147072,0.3471845294260663,0.2923365282837537
含Sb,127,0.38236269922743665,0.48630820063565,-4.890198790527973,0.3427332086556413,0.24973150505014882
