held_out_element,n_test,MAE,RMSE,R2
Mn,64,0.48247670005851706,0.8736173933306599,0.10090273668243543
Fe,82,0.28280934866983176,0.4835382337674108,0.23595503276585694
Bi,51,0.2788603077979785,0.4138431431418898,0.450194186760858
Ta,102,0.2471059589280948,0.3842101990890681,-0.42435796453167307
Au,101,0.22830759299163944,0.37739902078280296,0.5980772011944362
Tl,96,0.22024779479305265,0.38397095949649246,0.658630343166225
La,105,0.21778433871576253,0.30408073340846936,0.2834976249082758
Nb,105,0.21113621169057606,0.3355004759569395,0.2206404301024365
Pb,102,0.20140653532403946,0.34601873411157974,0.6959119366927853
Al,106,0.18662555663641564,0.23150397496683225,0.7534950758787744
Cr,91,0.18478715867499004,0.3531312966320641,0.20767445653425065
Mo,103,0.17683752660502622,0.27054544430549465,0.5655440622191271
Sn,104,0.17081635019581945,0.2654244953021913,0.7668501848174465
Y,99,0.15650638610062567,0.23098071890400307,0.66704715428534
W,105,0.15549778312694304,0.2523582260208318,0.02672630178164148
Re,99,0.15259187875259794,0.2839804538226205,0.42291579426237014
Ga,102,0.15128529481948175,0.20488244971847697,0.8611674402224936
Os,98,0.1481903855457269,0.20208877775004647,0.552912907443859
Cu,107,0.14776760796256821,0.22634338094138756,0.7710258369517702
In,103,0.14110454992752283,0.254081844884761,0.8211835657483336
Ag,104,0.13652705403533907,0.2390269652055084,0.8507838853990521
Hg,90,0.13487721803751987,0.19320312041207316,0.9134889643475289
Rh,106,0.1343576251770007,0.2911956621108089,0.4126849664406165
Ni,93,0.1324853357679687,0.25056725805206614,0.5470775643602788
Co,82,0.12853994484820727,0.2665545589852059,0.504005079199564
Pt,105,0.12425267627409815,0.22851895117485252,0.5380920440006052
V,101,0.12194078865535386,0.24327210862954043,0.6434901284790311
Pd,106,0.11553898261008072,0.16531077878473435,0.8282972192866999
Zn,104,0.11534783308483955,0.16105574094604552,0.9094050774887239
Ir,104,0.10688220266620127,0.19156573037830957,0.6042060778019
Ti,105,0.0930481956265607,0.13967254696086406,0.8388159043200663
Cd,101,0.09044142309366408,0.13438558784277363,0.9547928970281008
Ru,102,0.08246868586575225,0.16092309901733493,0.7571770340469414
Hf,104,0.07880339829685458,0.13786603029076003,0.8248450602755553
Sc,102,0.07716193398776766,0.11156523469451372,0.9150669723880719
Tc,99,0.07141212810076802,0.10340791833902803,0.8773844038832239
Zr,105,0.0495406499408191,0.07807278689406656,0.946755098942281
