comp,structure,facet,energy_eV,n_raw,site_spread
Ag,A1,111,0.33815532304382145,4,0.506712022703141
Al,A1,111,0.30250296793204257,3,0.2515159095198669
Au,A1,111,0.32240319723953803,4,0.2118449772024178
Bi,A1,111,0.9373754384442066,2,0.08288982090016361
Cd,A1,111,0.8254392339413528,4,0.1405767301985179
Co,A1,111,-0.4487178968547312,3,0.3404242081960547
Cr,A1,111,-0.8785783046577933,3,1.0041067313977692
Cu,A1,111,-0.0535604389505977,4,0.5744970764935715
Fe,A1,111,-0.9568485850604418,3,0.5738191049022134
Ga,A1,111,0.6488109577412899,4,0.17464211740298197
Hf,A1,111,-0.9968748979581221,4,1.2807693610011484
In,A1,111,0.8628978808419845,3,0.13178650079862564
Ir,A1,111,-0.3241198273562702,4,0.21262757659860654
La,A1,111,-0.6875738460575747,4,1.0748085734994675
Mo,A1,111,-0.9890869999571521,3,1.1391164206979738
Nb,A1,111,-0.9435531028566118,3,1.0655679956980748
Os,A1,111,-0.25851345295720307,4,0.19348368779901648
Pb,A1,111,0.7541599663427689,3,0.07891559830022743
Pd,A1,111,-0.2897280394563211,4,0.4222300635992724
Pt,A1,111,-0.31231403235776156,4,0.11802556789916707
Re,A1,111,-0.5119850445580312,4,0.5686116623000999
Rh,A1,111,-0.28427501425809965,4,0.24898974069947144
Ru,A1,111,-0.4111656428567301,4,0.5069687620998593
Sc,A1,111,-1.0030774607575665,3,1.1788266734001809
Sn,A1,111,0.45765207444222256,4,0.4181733906007139
Ta,A1,111,-1.0196725954583314,3,1.0936221161973663
Tc,A1,111,-0.5594789777596532,4,0.7405930507011362
Ti,A1,111,-1.0104374598585935,3,1.254298126899812
Tl,A1,111,0.952849191839988,3,0.05654879319990869
V,A1,111,-0.9956605899596696,3,1.1666382864023035
W,A1,111,-0.8795113830592243,3,0.8520982268018997
Y,A1,111,-0.9701319580571806,3,1.187510506299077
Zn,A1,111,0.5527372213337287,4,0.2206263629050227
Zr,A1,111,-0.9923391684578462,3,1.3013821204003762
AgAl,L10,101,0.3565099457419194,7,0.6309617865008477
AgAu,L10,101,0.319611853440648,8,0.6510029706987552
AgBi,L10,101,0.5529278370459281,4,0.12617415279964916
AgCd,L10,101,0.5179861071456173,9,0.45347444679646287
AgCo,L10,101,-0.23696979215944225,6,1.0278395480054314
AgCu,L10,101,0.0519798657487911,8,0.7857234028997482
AgFe,L10,101,-0.30707665735732803,7,0.5805113366004662
AgGa,L10,101,0.5760452682452808,9,0.33424273419950623
AgHf,L10,101,-0.7885401892626476,5,0.8520563212005072
AgHg,L10,101,0.8759339024409485,4,0.2708883739032899
AgIn,L10,101,0.6587715486394075,10,0.2249725652000052
AgIr,L10,101,-0.31564797116058685,5,0.39534875390381785
AgLa,L10,101,-0.557652413556724,5,1.0048856573012017
AgMn,L10,101,2.436977796141065,4,1.3120246286998736
AgMo,L10,101,-0.6168012543630255,5,1.1569737552053994
AgNb,L10,101,-0.65941591425414,3,0.5258217611990403
AgNi,L10,101,-0.291363443763629,4,0.3704631271029939
AgOs,L10,101,0.21894075374532918,4,0.15085542229644489
AgPb,L10,101,0.6026781380433306,7,0.4128274421018432
AgPd,L10,101,-0.19923590226150623,4,0.3129462889046408
AgPt,L10,101,-0.340017534158477,2,0.2082128017063951
AgRe,L10,101,-0.6132330256577632,6,1.5639993220975157
AgRh,L10,101,-0.2951587514607752,6,0.8755178403007449
AgRu,L10,101,-0.22204870195761828,4,0.11940300820424454
AgSc,L10,101,-0.7761592817577991,3,0.9586856255991734
AgSn,L10,101,0.6815708787480901,7,0.2663314195960993
AgTa,L10,101,-0.7509863026561732,3,0.6306006913946476
AgTc,L10,101,-0.4841148731565852,2,0.5880649445971358
AgTi,L10,101,-0.6904830151533758,5,0.7119138846974238
AgTl,L10,101,0.5993133143429361,4,0.5418706272976124
AgV,L10,101,-0.6302911619559097,5,0.5524701415997697
AgW,L10,101,-0.7226739462630292,3,0.5993745400046464
AgY,L10,101,-0.8020107766596709,4,1.24779215700255
AgZn,L10,101,0.43932956123992994,7,0.26322632849769434
AgZr,L10,101,-0.7236569574588145,6,0.8551524325011997
AlAu,L10,101,0.2635778996418878,3,0.4857263313006115
AlBi,L10,101,-0.007878648058039062,3,0.21696670389974315
AlCd,L10,101,0.3112805440423756,2,0.005355744498956483
AlCo,L10,101,-0.5014731510591162,3,0.9765726205987448
AlCr,L10,101,-0.5565228689583535,3,0.5884480807999353
AlCu,L10,101,0.33161520294473235,8,0.44366882459871704
AlFe,L10,101,-0.4489709627586933,6,1.249956278497848
AlGa,L10,101,0.2968157887380869,3,0.37384264480351703
AlHf,L10,101,-0.7161285199590282,4,0.7320279954001307
AlHg,L10,101,0.32567169256347483,1,0.0
AlIn,L10,101,0.2940169618423454,1,0.0
AlIr,L10,101,-0.4380794703565414,4,1.3299472706985398
AlLa,L10,101,-0.6369331886080261,3,0.39242448254117335
AlMn,L10,101,-0.41750793626030713,4,1.1834950585034676
AlMo,L10,101,-0.5090157383574194,3,0.5651886063005804
AlNb,L10,101,-0.5882064437582528,5,0.6008998740999232
AlNi,L10,101,-0.15915625495742347,6,0.7687845885993738
AlOs,L10,101,-0.47022536645724244,4,1.4307730670007004
AlPb,L10,101,0.31725684424330325,1,0.0
AlPd,L10,101,0.1806880787417242,8,0.2788992694004264
AlPt,L10,101,0.15662341934242363,4,0.3030795771992416
AlRe,L10,101,-0.30334298335671406,5,0.42185549900023034
AlRh,L10,101,-0.2053098912574285,4,0.9278053307007212
AlRu,L10,101,-0.47893505015869664,5,1.269153365497914
AlSc,L10,101,-0.7062105147278714,5,1.3105516764808272
AlSn,L10,101,0.2672231366405242,3,0.2701104005009256
AlTa,L10,101,-0.6545292938580758,4,0.6585584835011105
AlTc,L10,101,-0.5566971579582685,6,1.2965361811002367
AlTi,L10,101,-0.740299303758519,4,0.746087845400325
AlV,L10,101,-0.6535091391587855,5,0.6455495371992583
AlW,L10,101,-0.7872179881587442,4,0.7443913515999157
AlY,L10,101,-0.7685483937375182,6,1.3938385114797711
AlZn,L10,101,0.4380779736393663,5,0.32605061110371025
AlZr,L10,101,-0.6815838041574978,6,1.2133645863195852
AuBi,L10,101,0.4926344853420517,1,0.0
AuCd,L10,101,0.5153372149443669,3,0.47606370499852346
AuCo,L10,101,-0.07118470805923494,6,0.5280099647061434
AuCu,L10,101,0.164787242641097,5,0.23855458309844835
AuFe,L10,101,-0.1319357552556255,6,0.6375344242005667
AuHf,L10,101,-0.7750506899601248,4,0.8817125119021512
AuHg,L10,101,0.5184404011424988,2,1.1836997146019712e-05
AuIn,L10,101,0.5106184889419012,4,0.3504626237991033
AuIr,L10,101,-0.25040650135903775,2,0.01292050920164911
AuLa,L10,101,-0.4661164475573685,3,0.7819188433022646
AuMn,L10,101,2.7355318480413473,1,0.0
AuMo,L10,101,-0.5152569414594552,4,0.7431487438007025
AuNb,L10,101,-0.6223029880593174,5,0.8396437124029035
AuNi,L10,101,-0.17596254975703118,5,0.38952306869759923
AuPb,L10,101,0.5020889446432477,6,0.5629651640992961
AuPd,L10,101,-0.12606326645888544,5,0.24175559429932036
AuPt,L10,101,-0.24752127836015347,6,0.27011203320216737
AuRe,L10,101,0.915233807544638,1,0.0
AuRh,L10,101,-0.24239900745939735,5,0.3432706550011062
AuSc,L10,101,-0.6233578373566786,3,0.9672159861984255
AuSn,L10,101,0.5387188687427908,5,0.30801925959895016
AuTa,L10,101,-0.7162545086602847,3,0.7969969432015205
AuTi,L10,101,-0.6281077205594272,5,0.9854820358013967
AuTl,L10,101,0.2780317704428228,4,1.1955400413971802
AuV,L10,101,-0.5488374218575416,4,0.7657169131998671
AuW,L10,101,-0.6580915362564781,5,0.6998705343976326
AuY,L10,101,-0.6962519645594227,5,1.1169258092013479
AuZn,L10,101,0.524432211947925,7,0.10208867670007749
AuZr,L10,101,-0.6872889428586575,3,0.8624189604015555
BiCu,L10,101,0.17446551554260736,1,0.0
BiGa,L10,101,0.8939351852395987,1,0.0
BiHf,L10,101,-0.2824438241577525,2,0.22189604609957314
BiHg,L10,101,0.46308645993943287,3,0.3939592046008329
BiIn,L10,101,0.8237215154413491,2,0.06537140400178032
BiIr,L10,101,-0.48379078556078525,3,0.26441301700106123
BiLa,L10,101,-0.33760184355830347,1,0.0
BiMn,L10,101,0.4562210277445331,2,0.013801477798551787
BiMo,L10,101,-0.620225126755912,2,0.3190000055001292
BiNb,L10,101,-0.4183871360573619,2,0.22829684389944305
BiOs,L10,101,-0.4789867517601749,2,0.3313512526001432
BiPb,L10,101,0.759293666041259,3,0.1989837887995236
BiPd,L10,101,0.3205782656414442,4,0.7270323936027125
BiPt,L10,101,-0.009530515158047592,3,0.14396291480079526
BiRe,L10,101,-0.8045950418554355,4,0.17135770339882583
BiRh,L10,101,0.010456654542423394,3,0.04644887990070856
BiRu,L10,101,-0.09315232225614523,2,0.0830577152009937
BiSc,L10,101,-0.30859790975861756,1,0.0
BiSn,L10,101,0.9018761473426196,1,0.0
BiTc,L10,101,-0.3105365848559529,2,0.0631678262980131
BiTi,L10,101,-0.14647615815826498,2,0.3301344954998058
BiTl,L10,101,0.4887998571403216,3,0.33998392810099176
BiV,L10,101,-0.4717083869572605,2,0.4106203267983801
BiW,L10,101,-0.8800546583579205,1,0.0
BiY,L10,101,-0.2975915852611877,2,0.7390708458005975
BiZr,L10,101,-0.1473950866556777,2,0.281788301999768
CdCu,L10,101,0.1719347208427564,4,0.8227404089047923
CdFe,L10,101,-0.35435657285685807,5,1.390959546999511
CdGa,L10,101,0.6277596868394824,7,0.2873915341042448
CdHf,L10,101,-0.8495894732577369,3,0.9097360195009969
CdHg,L10,101,0.8832392065424131,3,0.17126314379856922
CdIn,L10,101,0.691230239744101,8,0.19774063669683528
CdIr,L10,101,-0.4416690599564106,3,0.1716504979012825
CdLa,L10,101,-0.5019433636580004,4,0.9041482977991109
CdMn,L10,101,0.579831324143953,3,0.6070705995989556
CdMo,L10,101,-0.6520467993604768,2,0.7237019923013577
CdNb,L10,101,-0.7326810686599572,5,0.8678933466035232
CdNi,L10,101,-0.3147166614571404,2,0.3341279021988157
CdPb,L10,101,0.6613563580404218,5,0.09152031949997763
CdPd,L10,101,-0.009191053056355258,2,0.27816823549801484
CdPt,L10,101,-0.2506792955600474,2,0.011281159502686933
CdRe,L10,101,-0.6615913283557973,1,0.0
CdRh,L10,101,-0.4932215709586387,3,1.0040192468004534
CdRu,L10,101,-0.27795190505545975,2,0.5915768458980892
CdSc,L10,101,-0.7526811636589343,3,0.9337714267021511
CdSn,L10,101,0.5711483075438366,5,0.22153535909819766
CdTa,L10,101,-0.8513863769576062,3,0.9690347951000149
CdTi,L10,101,-0.7743505410571458,3,0.8495638944987149
CdTl,L10,101,0.7361237169434673,7,0.3941090031985368
CdV,L10,101,-0.6743833998579873,5,0.8819258491021174
CdW,L10,101,-0.818570536458509,3,0.7484893860018929
CdY,L10,101,-0.7315892118594718,3,1.1129310420001275
CdZn,L10,101,0.5824954546415313,5,0.08224940099898959
CdZr,L10,101,-0.7891495881585513,4,0.849341713499598
CoCr,L10,101,-0.8218424332580696,2,0.34442006389872404
CoCu,L10,101,-0.3274339017579848,4,0.20703087530273478
CoGa,L10,101,-0.20632120235583784,3,1.0972598700027447
CoHf,L10,101,-0.7001018311557061,5,1.012205111401272
CoHg,L10,101,-0.22145889525469897,3,1.2597156412957702
CoIn,L10,101,-0.23711523706057847,3,1.2660222877020715
CoIr,L10,101,-0.2903481870589246,8,0.20520771249721292
CoLa,L10,101,-0.6657599762538382,3,1.3194040837988723
CoMo,L10,101,-0.7002693172607621,6,0.8913333688033163
CoNi,L10,101,-0.31523599086264653,4,0.15795378389884718
CoOs,L10,101,-0.3730498411595988,8,0.23731945839972468
CoPb,L10,101,-0.21795706226018297,3,1.4049131365973153
CoPd,L10,101,-0.24722059255779527,6,0.23304645479947794
CoPt,L10,101,-0.2265422538611972,6,0.22995673830155283
CoRe,L10,101,-0.5378762682584863,6,0.4484217009958229
CoRh,L10,101,-0.32717185615817357,7,0.40489409919973696
CoRu,L10,101,-0.41089244066003516,6,0.18866087820060784
CoSc,L10,101,-0.801564782158465,5,1.6081985009004711
CoSn,L10,101,0.09062955484208146,4,1.1137015323984087
CoTi,L10,101,-0.6703603328560064,5,1.091358673198556
CoTl,L10,101,-0.30153778006112475,4,1.6197219776004204
CoV,L10,101,-0.7558862565628885,4,0.16022715889994288
CoW,L10,101,-0.6961881538581736,6,0.7654468402033672
CoY,L10,101,-0.7642674988591978,5,1.470030522399611
CoZn,L10,101,-0.28614157915487226,4,0.42581366690137656
CoZr,L10,101,-0.6983764933602004,4,1.0235039583021717
CrCu,L10,101,-0.632293103458295,5,0.30331060179742053
CrFe,L10,101,-0.6638087840537708,5,0.9071810065943282
CrGa,L10,101,-0.3052468277591913,3,0.5895218420992023
CrHf,L10,101,-0.9850956340551136,3,1.5727299585996661
CrIr,L10,101,-0.5588404625586634,7,0.8665542743983679
CrLa,L10,101,-0.7592103991582633,3,1.6356403651006985
CrMn,L10,101,-2.308307951257092,7,0.7056962196002132
CrMo,L10,101,-0.7782740143584022,5,0.12706940739735728
CrNb,L10,101,-0.8770520181596737,5,1.3140608566027367
CrOs,L10,101,-0.6130424099564777,7,0.9834681212996657
CrPb,L10,101,-1.0139933075579108,3,2.2404199023003457
CrPd,L10,101,-0.5999023047579328,4,0.3591857772007643
CrPt,L10,101,-0.43206316935808786,5,0.44073149179894244
CrRe,L10,101,-0.6340068763592797,5,0.8474797746021068
CrRh,L10,101,-0.6004727913559407,4,0.1974822645970562
CrRu,L10,101,-0.61795828245792,6,0.9061996279997402
CrSc,L10,101,-0.9091928802581322,1,0.0
CrSn,L10,101,-0.4243003057590329,3,1.38957680060048
CrTa,L10,101,-0.9064487482564516,6,1.2653437717017368
CrTc,L10,101,-0.5766187480612359,8,0.7315805042017018
CrTi,L10,101,-0.941223808359581,5,1.506024924598023
CrTl,L10,101,-0.14423557285678612,2,1.401216333899356
CrV,L10,101,-0.8788667453581809,5,1.0407441386996652
CrW,L10,101,-0.7321943930573696,4,0.8998214157982147
CrZn,L10,101,-0.6304055857608262,3,0.7156276944006095
CrZr,L10,101,-0.959658568556705,5,1.5743893088001641
CuFe,L10,101,-0.4068556317569971,4,0.3192191931011621
CuGa,L10,101,0.40488185414236,5,0.30052279550000094
CuHf,L10,101,-0.900437073351867,3,0.9718243701936444
CuHg,L10,101,0.15185108673998116,5,0.9580369062023237
CuIn,L10,101,0.5264374187400165,4,0.4854026519024046
CuIr,L10,101,-0.38168523775581775,3,0.3161890695046168
CuLa,L10,101,-0.4418257975548556,4,0.8313393423013622
CuMn,L10,101,1.2319306414438245,6,0.91270804679516
CuMo,L10,101,-0.6376167385596716,5,0.34056434690137394
CuNb,L10,101,-0.6933164005594961,6,0.8668055716043455
CuNi,L10,101,-0.3379883811566913,5,0.21679731299809646
CuOs,L10,101,-0.33469417115608735,4,0.3349344476009719
CuPb,L10,101,0.26229991704261124,3,0.09090085230127443
CuPd,L10,101,-0.22658483965548726,6,0.7646358049023547
CuPt,L10,101,-0.30979670725989195,9,0.25706716789864004
CuRe,L10,101,-0.6352791446615527,5,0.4040267363016028
CuRh,L10,101,-0.32186903765884267,5,0.20561860439920565
CuRu,L10,101,-0.2778132629527761,6,0.20258725620078621
CuSc,L10,101,-0.7085063392578093,4,0.5319716700978461
CuSn,L10,101,0.33811423384125305,4,0.22481936510303058
CuTa,L10,101,-0.7544451416533491,5,0.786634848198446
CuTc,L10,101,-0.48191741785464615,5,0.24622411169548286
CuTi,L10,101,-0.7582701098571931,5,0.6351520674943458
CuTl,L10,101,0.11309935504053215,3,0.19390492000093218
CuV,L10,101,-0.6598280306634194,6,0.8224628528041649
CuW,L10,101,-0.7465658133578188,3,0.4838522833015304
CuY,L10,101,-0.7041307486569792,5,1.0066103147983085
CuZn,L10,101,0.15917217353947422,7,0.6813099215942202
CuZr,L10,101,-0.800465306157065,4,0.9601936805047444
FeGa,L10,101,-0.07479865195543312,4,0.32487031730124727
FeHf,L10,101,-0.8501132923547345,4,1.3510305148010957
FeHg,L10,101,-0.29299680705568676,3,0.7267741574978572
FeIn,L10,101,-0.15076820985902373,3,0.7080838825022511
FeIr,L10,101,-0.16889997126324374,7,0.22881195539957844
FeLa,L10,101,-0.5849809423588965,5,1.235884183399321
FeNb,L10,101,-0.47461565125829,2,0.3245934414990188
FeNi,L10,101,-0.14146123625593532,7,0.6978532184948563
FeOs,L10,101,-0.38233395715994334,7,0.24287738359998912
FePb,L10,101,0.15743772003864365,2,0.02354002390347887
FePd,L10,101,0.03718925404339757,5,0.09560406790114939
FePt,L10,101,0.07909056754672861,7,0.6539509158974397
FeRh,L10,101,1.257930846645678,4,0.5337457161949715
FeRu,L10,101,-0.3861679051614999,9,0.6760175796007388
FeSc,L10,101,-0.7481535975593658,4,0.0757400298025459
FeSn,L10,101,0.020213432341762427,2,0.1376787178014638
FeTa,L10,101,-0.7314279843585325,5,0.7894906828987587
FeTc,L10,101,-0.5427003023641817,5,0.21434515920554986
FeTi,L10,101,-0.7972667440544399,5,1.3997256943985121
FeTl,L10,101,-0.36002075845951254,1,0.0
FeV,L10,101,-0.9640035462607273,4,0.12937802119995467
FeW,L10,101,-0.70616888136189,5,0.1864005646057194
FeY,L10,101,-0.7977594061548814,6,1.3845362998981727
FeZn,L10,101,-0.38484094195789,4,0.5693858261947753
FeZr,L10,101,-0.7780525137595475,5,1.268470495899237
GaHf,L10,101,-0.5681539668575795,4,0.8936627993025468
GaHg,L10,101,0.5618039183473513,3,0.5148914924939163
GaIn,L10,101,0.6473242637448777,5,0.16737422889855225
GaIr,L10,101,-0.38162591695342485,3,1.2787085068994202
GaLa,L10,101,-0.49011321455961365,4,1.048151621602301
GaMn,L10,101,-0.1297021087584369,3,0.43102478289802093
GaMo,L10,101,-0.3720148561614849,3,0.46763906050182413
GaNb,L10,101,-0.47875926465982843,5,0.8620337832981022
GaNi,L10,101,0.084107394236554,3,0.6094247924993397
GaOs,L10,101,-0.5129443819596133,3,1.5356118623021757
GaPb,L10,101,0.638584511442815,7,0.16314966160280164
GaPd,L10,101,0.41219287253719017,3,0.20169662770058494
GaPt,L10,101,0.14131130154513016,4,0.5638036828968325
GaRe,L10,101,-0.17632269245856946,2,0.009896508199744858
GaRh,L10,101,-0.017959513358590584,2,0.056953290397359524
GaSc,L10,101,-0.49390348815265384,5,0.8550053548970027
GaSn,L10,101,0.59604359444441,5,0.22849888839846244
GaTa,L10,101,-0.5493334853590284,3,0.5079910938002286
GaTc,L10,101,-0.44274336545547044,4,1.3846787514994503
GaTi,L10,101,-0.49769539455789413,4,0.8534187952027423
GaTl,L10,101,0.5097405136412192,5,0.7288539235014468
GaV,L10,101,-0.47273575275809776,3,0.7025610600030632
GaW,L10,101,-0.5119821873585977,3,1.6871613109033206
GaY,L10,101,-0.4915380026641003,3,1.057874385100149
GaZn,L10,101,0.5877169109380986,5,0.19852922260179184
GaZr,L10,101,-0.5045243634585574,4,0.7981398213014472
HfHg,L10,101,-0.7465794190565873,2,0.789408640597685
HfIn,L10,101,-0.6485404764598286,4,0.7879814035004529
HfIr,L10,101,-0.4705539439591746,5,0.7377214332991571
HfLa,L10,101,-0.8974375624556785,6,0.23305366579734255
HfMo,L10,101,-0.8695185465576003,4,0.08303281669941498
HfNb,L10,101,-0.9404942711580304,5,0.25731207040007575
HfNi,L10,101,-0.7641575647566867,3,0.7862959303965908
HfOs,L10,101,-0.9600706849587084,4,1.7264693793986226
HfPb,L10,101,-0.5425050606599768,4,0.5343059986007574
HfPd,L10,101,-0.8281139769560184,3,0.9430128208005044
HfPt,L10,101,-0.7392532981602642,3,1.006898347302922
HfRe,L10,101,-0.9952181328580707,5,1.808708712200314
HfRh,L10,101,-0.4928969390557256,3,0.37161525699775666
HfRu,L10,101,-0.8050686559572284,2,0.2615042561010341
HfSc,L10,101,-0.9922797115568471,7,1.380322344997694
HfSn,L10,101,-0.36996719955911317,2,0.46129731140172225
HfTa,L10,101,-0.9892985684591338,4,0.08557177490001777
HfTc,L10,101,-0.8825617791580669,5,1.5745954349986278
HfTi,L10,101,-1.0341502761575327,6,1.257965269000124
HfTl,L10,101,-0.5947250668604909,3,1.9231698609000887
HfV,L10,101,-1.0123649782571817,5,0.9558921048010234
HfW,L10,101,-0.8887315522578945,6,1.0287452788979863
HfY,L10,101,-0.9793830122571023,7,1.4642115039969212
HfZn,L10,101,-0.7604056591580672,5,1.349329531098192
HfZr,L10,101,-0.9995041979591122,8,1.3440292978011712
HgIn,L10,101,0.7328914126419761,4,0.3732691648983746
HgLa,L10,101,-0.4621769194590968,2,0.6959621634014184
HgMn,L10,101,1.6984137623412892,2,0.44548028639837867
HgMo,L10,101,0.3753417199414173,1,0.0
HgNb,L10,101,-0.6444970009569886,4,0.9907712485983211
HgNi,L10,101,-0.14624350086430127,3,1.2450195890996838
HgPb,L10,101,0.8996727054409632,2,0.07849354980135104
HgPd,L10,101,0.13630345444201453,3,0.2731207958968298
HgPt,L10,101,-0.15377357115627888,2,0.02712022580089979
HgRh,L10,101,-0.29552338406116974,3,1.4254397719014378
HgSc,L10,101,-0.6605302204579573,3,0.9771388894987467
HgTa,L10,101,-0.7547314054563401,2,0.6854429226987122
HgTi,L10,101,-0.6626992398550726,4,0.9477112744971237
HgTl,L10,101,0.8336789771429096,6,0.3091259466018528
HgY,L10,101,-0.672301320860214,3,1.0960216160019627
HgZr,L10,101,-0.6831250569584597,3,0.9265544234003755
InIr,L10,101,-0.42357947625984593,2,0.18572681070145336
InLa,L10,101,-0.340624620060197,6,0.8317456082004355
InMn,L10,101,0.3467976586407815,2,0.46351136560042505
InMo,L10,101,-0.37931022815880056,3,1.2276474335012608
InNb,L10,101,-0.5868456024608975,4,1.8202525974993478
InNi,L10,101,-0.04998717606119385,6,1.0540770364023047
InOs,L10,101,-0.6411939471608719,3,1.8265544820023933
InPb,L10,101,0.7697382115411813,10,0.12293953570042504
InPd,L10,101,0.3145411481428084,2,0.15631320949978544
InPt,L10,101,0.056918459839863544,3,0.7272268189008173
InRh,L10,101,-0.14365801125583744,2,0.0766450804003398
InRu,L10,101,-0.36469254495656855,3,0.13716197370013106
InSc,L10,101,-0.5583373240578737,4,0.9836800979974214
InSn,L10,101,0.5754111068427221,6,0.36009803880006075
InTa,L10,101,-0.6713051120559328,2,0.6255207342001086
InTc,L10,101,-0.48492427575817487,4,1.5974293235994992
InTi,L10,101,-0.5968573509589703,5,1.6216241895017447
InTl,L10,101,0.6213757601445025,7,0.5684391420982138
InV,L10,101,-0.5328899181613167,2,0.8233284469024511
InW,L10,101,-0.5536571020556664,2,0.4370072056990466
InY,L10,101,-0.5240675793565686,5,1.0535134886995365
InZn,L10,101,0.5212371872412689,7,0.38449086750188144
InZr,L10,101,-0.5973389923592265,3,0.903857952402177
IrLa,L10,101,-0.8481957061585206,4,1.9103188767003303
IrMn,L10,101,0.1877977330450733,4,0.7512805937985831
IrMo,L10,101,-0.6051530134563734,6,0.34676282799773617
IrNb,L10,101,-0.7355022089568308,5,0.3341250449993822
IrNi,L10,101,-0.2969021848611817,8,0.21483319540129742
IrOs,L10,101,-0.20348128625752793,7,0.24410774630086962
IrPb,L10,101,-0.38656138175699084,2,1.6011723854971933
IrPd,L10,101,-0.36158010675623586,6,0.40262888749930426
IrPt,L10,101,-0.3870200295559414,10,0.2870360173001245
IrRe,L10,101,-0.38765623175910946,6,0.3524901441014663
IrRh,L10,101,-0.24611513005854135,7,0.23905132690197206
IrRu,L10,101,-0.29163242825867997,6,0.17804122739835293
IrSc,L10,101,-0.7752222577573491,2,0.3426811203971738
IrSn,L10,101,-0.17633997165737014,2,0.34685942840224016
IrTa,L10,101,-0.6516986297565097,4,0.2899590641973191
IrTc,L10,101,-0.4564697398591022,7,0.6065233787012403
IrTi,L10,101,-0.5217167879590932,3,0.9706406748991867
IrTl,L10,101,-0.2954856962596466,1,0.0
IrV,L10,101,-0.684479775659355,4,0.30096375600260217
IrW,L10,101,-0.5593578870602585,5,0.3441577461999259
IrY,L10,101,-0.7626078765560749,4,1.7951675111980876
IrZn,L10,101,-0.45923713755379936,4,1.518696041595831
IrZr,L10,101,-0.503276449358026,3,0.8148937342994031
LaMn,L10,101,-0.3887037339581809,4,0.39088377399821184
LaMo,L10,101,-0.8722224056573111,5,0.6286931733993697
LaNb,L10,101,-0.8446183615587586,8,1.1671089073024632
LaNi,L10,101,-0.43281189056048675,5,0.30528723670431646
LaOs,L10,101,-0.9485461197573102,1,0.0
LaPb,L10,101,-0.451336992557998,3,0.8560531293005624
LaPd,L10,101,-0.30752482875593046,6,0.6804252794972854
LaPt,L10,101,-0.2077416366582554,2,0.38166850279958453
LaRe,L10,101,-0.850289350054453,3,1.933683523297077
LaRh,L10,101,-0.7462173715602773,4,1.5245832243999757
LaRu,L10,101,-0.8112963893572385,5,1.775190273699991
LaSc,L10,101,-0.8400835844595065,5,0.1405386342012207
LaSn,L10,101,-0.39279251645618274,3,0.8610092747003364
LaTa,L10,101,-0.8865168177571547,7,1.278813542900025
LaTc,L10,101,-0.7351876453567172,4,0.9323787480971077
LaTi,L10,101,-0.8972936142590413,3,0.16595583549860748
LaTl,L10,101,-0.4132384700596674,3,0.848729321402061
LaV,L10,101,0.06905650574211109,1,0.0
LaW,L10,101,-0.856283337557187,3,0.6951686793981935
LaY,L10,101,-0.8467770406577699,5,0.5050589310994837
LaZn,L10,101,-0.44590396765758555,4,0.22022132149868412
LaZr,L10,101,-0.8797745171604845,5,0.25429636879925965
MnMo,L10,101,-0.6508342600563708,4,0.09098738449756638
MnNb,L10,101,-0.7620614719589582,2,0.18178755469853058
MnPb,L10,101,2.739388517443359,1,0.0
MnRe,L10,101,-0.6035985630578296,6,0.8816287007939536
MnRh,L10,101,1.3509743232434914,4,0.13094417240063194
MnRu,L10,101,-0.21372269876061978,6,0.8232341594994068
MnSc,L10,101,-0.7527115043585297,2,0.09896589829804725
MnSn,L10,101,0.7874445229399782,3,0.9485574124009872
MnTa,L10,101,-0.8384575682566435,3,0.3314905748993624
MnTi,L10,101,-0.8175842598566021,5,1.3926265163972857
MnTl,L10,101,1.574204135341489,1,0.0
MnV,L10,101,-1.3852587621576902,5,1.0874606424986268
MnW,L10,101,-0.6618876602578609,4,0.7119081702985568
MnY,L10,101,-0.5304935476587787,5,1.2811720895006147
MnZn,L10,101,-0.1883271305623282,5,0.6466377204997116
MnZr,L10,101,-0.7553742743611735,5,1.228896163902391
MoNb,L10,101,-0.8513363079573253,7,1.0045619777993124
MoNi,L10,101,-0.6066137204606719,5,0.17574785200122278
MoOs,L10,101,-0.644105837257456,6,0.2956840672995895
MoPd,L10,101,-0.6042444252588837,6,0.5860587852985191
MoPt,L10,101,-0.47026114945671793,4,0.3978351941004803
MoRe,L10,101,-0.7670182975589057,7,1.0833034233000944
MoRh,L10,101,-0.6385340343576615,5,0.21674561140025617
MoRu,L10,101,-0.6656460966578095,5,0.23330346639704658
MoSc,L10,101,-0.8803568407556384,5,0.38436691959941527
MoSn,L10,101,-0.30261303795757044,1,0.0
MoTa,L10,101,-0.8092143102576017,2,0.046832696400088025
MoTc,L10,101,-0.7153773497584268,4,0.05121005570254056
MoTi,L10,101,-0.8623505237546567,5,0.2570898893973208
MoV,L10,101,-0.8654654109586488,4,0.11307037499864236
MoW,L10,101,-0.7665932557565327,7,0.9178916794007819
MoY,L10,101,-0.8349214488580117,5,0.9376675526000326
MoZn,L10,101,-0.6216231116549977,5,0.7204909128995496
MoZr,L10,101,-0.8716874299597919,5,1.5186360405023152
NbNi,L10,101,-0.7151740806575333,5,0.2342422591027571
NbOs,L10,101,-0.6599582371554504,3,0.8833477799998946
NbPb,L10,101,-0.13365442625851642,3,1.3809076618999825
NbPd,L10,101,-0.6374099320591711,7,0.8158476293028798
NbPt,L10,101,-0.5907364221556861,4,0.46648012769946945
NbRe,L10,101,-0.8832238321583361,4,1.383538322399545
NbRh,L10,101,-0.7299510865586569,5,0.29295585389991174
NbRu,L10,101,-0.6286197026556408,2,0.2389166305983963
NbSc,L10,101,-0.9421714448571663,6,1.3976915073981218
NbSn,L10,101,-0.1079143619562899,3,1.0371372696972685
NbTa,L10,101,-0.9725415261554815,4,0.13149057699774858
NbTc,L10,101,-0.8001642121552948,4,1.1965012834989466
NbTi,L10,101,-0.9596631944577609,4,0.11646689979897928
NbTl,L10,101,-0.5816905418568865,2,0.700777353700687
NbV,L10,101,-0.9187873421569464,4,0.10829368859776878
NbW,L10,101,-1.3500004278602944,4,0.552431365402299
NbY,L10,101,-0.9171841834567829,5,0.5171520781987056
NbZn,L10,101,-0.7527215725631038,4,0.8001223067039973
NbZr,L10,101,-0.9376193884554311,4,0.12423425329689053
NiOs,L10,101,-0.3470011997623885,8,0.6590205328029697
NiPb,L10,101,-0.1360548784568607,2,0.22886678620125167
NiPd,L10,101,-0.2947020083583709,3,0.08277403649844928
NiPt,L10,101,-0.28446454155252354,4,0.1099923592992127
NiRe,L10,101,-0.5273061422549006,5,0.18484039989562007
NiRh,L10,101,-0.2919482163551663,3,0.01699432549503399
NiRu,L10,101,-0.3931489856540509,5,0.2405796543971519
NiSn,L10,101,0.18595144074154746,2,0.15189775429462316
NiTa,L10,101,-0.7533702920618168,4,0.32218292110337643
NiTi,L10,101,-0.6018371701638614,4,0.7958657659037272
NiTl,L10,101,-0.17920968426093964,2,0.32816874520358397
NiV,L10,101,-0.7307859318597991,5,0.9891884984026547
NiW,L10,101,-0.6159996070627756,4,0.22495719070138875
NiY,L10,101,-0.5896553138581737,3,0.1854254446006962
NiZn,L10,101,-0.3478827125718169,2,0.32708205860399175
NiZr,L10,101,-0.7126098158541652,4,0.7090530158020556
OsPb,L10,101,-0.550632964960613,4,0.1602055259027111
OsPd,L10,101,-0.365895288056862,4,0.21453169320011511
OsPt,L10,101,-0.3084410360597474,5,0.28063440319965594
OsRe,L10,101,-0.45477814415696116,5,0.10840198989899363
OsRh,L10,101,-0.32514474415708605,7,0.375621453000349
OsRu,L10,101,-0.3685326153599533,7,0.21026739720036858
OsSc,L10,101,-0.9887059044585556,3,0.7546700437014806
OsSn,L10,101,-0.47190580555886186,4,0.48463080099827494
OsTa,L10,101,-0.5921112774549044,3,0.6645655325992266
OsTc,L10,101,-0.5086146426610583,7,0.7077543526029331
OsTi,L10,101,-0.9127955314570215,4,1.7252417377967504
OsV,L10,101,-0.6761930929560265,2,0.32424676839946187
OsW,L10,101,-0.6412320430563057,7,0.8554206006992899
OsY,L10,101,-1.025804408657649,4,2.182934357198974
OsZn,L10,101,-0.3316856804585484,6,0.5520259157055989
OsZr,L10,101,-0.9844546699596037,6,1.759811215903028
PbPd,L10,101,0.1459305699400204,3,0.2517616283003008
PbPt,L10,101,-0.21092604875863685,3,0.1119549803006521
PbRh,L10,101,0.033844566839462686,2,0.03824777690169867
PbRu,L10,101,-0.21768467625858534,2,0.09144562419896829
PbSc,L10,101,-0.4584220206588441,3,0.7304879672010429
PbSn,L10,101,0.5554386313424686,3,0.20230221699966933
PbTa,L10,101,-0.3629775474573478,2,0.02463269709915039
PbTc,L10,101,-0.43211949685698414,3,1.7183327673992608
PbTi,L10,101,-0.3925134637565577,3,0.5638451802988129
PbTl,L10,101,0.7083804865442573,5,0.16569991239884985
PbV,L10,101,0.2872547969427899,1,0.0
PbW,L10,101,-0.47317494435898766,1,0.0
PbY,L10,101,-0.515090407759061,4,1.032379631400545
PbZn,L10,101,0.47465361104062254,3,0.11455217080219882
PbZr,L10,101,-0.4794373722570242,2,0.5968180304007547
PdPt,L10,101,-0.306656241459649,7,0.477934487600578
PdRe,L10,101,-0.5346972982578961,3,0.3007372212014161
PdRh,L10,101,-0.3482116981603838,5,0.2890580953026074
PdRu,L10,101,-0.40091212135573073,4,0.2496902977982245
PdSc,L10,101,-0.4248483430555723,4,0.8148686997992627
PdSn,L10,101,0.40717672614212574,2,0.15112100529950112
PdTa,L10,101,-0.6868651255562952,4,0.44009624189857277
PdTc,L10,101,-0.5313112497560439,5,0.30030401600015466
PdTi,L10,101,-0.6002902030586199,3,0.4699299869025708
PdTl,L10,101,0.14423013064245538,4,0.26690435520140454
PdV,L10,101,-0.5959200548595334,5,0.3292380165985378
PdW,L10,101,-0.6570209042574504,3,0.386405324399675
PdY,L10,101,-0.5593933978588836,3,0.7878186794987414
PdZn,L10,101,0.02394969134277858,3,0.24011719679401722
PdZr,L10,101,-0.7327033820574513,4,0.7974947754992172
PtRe,L10,101,-0.407946808357309,4,0.4028205918002641
PtRh,L10,101,-0.29188998395963495,7,0.12974564700198243
PtRu,L10,101,-0.26279475606040137,6,0.23094029380445136
PtSc,L10,101,-0.31415855605789034,4,0.8486857831994712
PtSn,L10,101,0.09047934794310208,3,0.7355422096989059
PtTa,L10,101,-0.6402336573582659,4,0.5720305005997943
PtTc,L10,101,-0.317942435055528,7,0.3842773941978521
PtTi,L10,101,-0.4675625965601,3,0.47538328430164256
PtTl,L10,101,-0.12949230905994114,1,0.0
PtV,L10,101,-0.5279507798577185,5,0.4876658227003645
PtW,L10,101,-0.5967384371606101,4,0.5998797193024075
PtY,L10,101,-0.40125512075880465,3,0.4473024967010133
PtZn,L10,101,-0.18441726285433901,2,0.0209816096976283
PtZr,L10,101,-0.6218896471573032,4,0.7975622597004985
ReRh,L10,101,-0.5128989389586138,6,0.44971247290231986
ReRu,L10,101,-0.5409469367577628,8,0.29006913420016645
ReSc,L10,101,-0.7408489736580748,5,0.1993127743990044
ReSn,L10,101,-0.4978314514582678,3,1.4980835542992281
ReTa,L10,101,-0.8680319886579753,4,1.2614940411986026
ReTc,L10,101,-0.5787217798560675,7,0.805272060999414
ReTi,L10,101,-0.9373894522604758,3,1.72327625950129
ReV,L10,101,-0.8003759167577016,4,0.2883057005019509
ReW,L10,101,-0.8024086071590943,5,0.9452648348997172
ReY,L10,101,0.36948378924446956,2,0.16923058959946502
ReZn,L10,101,-0.6297775470584099,4,0.4340872882021358
ReZr,L10,101,-1.009977451459207,4,1.8529827220991137
RhRu,L10,101,-0.3754184560557121,5,0.2807018873972993
RhSc,L10,101,-0.6155066728597092,4,1.4470370390990865
RhSn,L10,101,0.20759020523931326,2,0.09834044469971559
RhTa,L10,101,-0.6896970142579164,5,0.2543203146997257
RhTc,L10,101,-0.5373319044583411,5,0.3862020554006449
RhTi,L10,101,-0.5065067128589078,2,0.241797227798088
RhTl,L10,101,-0.11673234695896895,4,0.04727324879786465
RhV,L10,101,-0.6771317496558993,4,0.25509801609950955
RhW,L10,101,-0.6240996196601998,6,0.3946967691008467
RhY,L10,101,-0.672236965960991,3,0.5210507893025351
RhZn,L10,101,-0.3876823546588355,5,1.32406852330314
RhZr,L10,101,-0.5173599731560614,5,0.730701576499996
RuSc,L10,101,-0.8256713470572947,4,1.7517469861995778
RuSn,L10,101,-0.1516723080557938,2,0.2110256425003172
RuTa,L10,101,-0.5788449113560716,2,0.20842042450021836
RuTc,L10,101,-0.5539392841555753,5,0.2486323191988049
RuTi,L10,101,-0.7697258303587375,3,1.4178582720996928
RuTl,L10,101,-0.31489829745530074,2,0.01626982239758945
RuV,L10,101,-0.6000750970588058,6,0.848486323699035
RuW,L10,101,-0.6813141393567719,6,0.28742078629875323
RuY,L10,101,-0.8822797332568086,4,0.7294935272002476
RuZn,L10,101,-0.48487107745947355,3,1.419850145401142
RuZr,L10,101,-0.8398800433596705,4,1.4550427643007424
ScSn,L10,101,-0.3893600725559452,3,0.7755292020992783
ScTa,L10,101,-1.00175090585887,4,0.11489367370086256
ScTc,L10,101,-0.8403143370587429,2,0.012473426300857682
ScTi,L10,101,-0.9865953895559585,5,0.16582916649713297
ScTl,L10,101,-0.5010432111548369,3,0.96633515369831
ScV,L10,101,-0.9152101335593841,6,0.43421055570070166
ScW,L10,101,-0.9728735050584589,6,1.422797410403291
ScY,L10,101,-0.9876037073581472,4,0.14853320269867254
ScZn,L10,101,-0.7132581270625167,4,1.1502160802047001
ScZr,L10,101,-0.9718579761583612,7,0.3998552312004904
SnTa,L10,101,-0.042844187856616145,2,0.07041802739695413
SnTc,L10,101,-0.24512259485615573,4,1.2520848888998444
SnTi,L10,101,-0.26790967985922975,4,0.5322010620002402
SnTl,L10,101,0.5398356238447661,4,0.2499449963979714
SnV,L10,101,-0.12926591035918022,2,0.39052335920132464
SnW,L10,101,-0.4668319708571005,2,1.4707986998000706
SnY,L10,101,-0.42705287336045217,3,0.9915063641019515
SnZn,L10,101,0.5590407383433842,3,0.03577398999914294
SnZr,L10,101,-0.32999231605842283,3,0.5367433222018008
TaTc,L10,101,-0.7731275253563297,6,1.1065907894990232
TaTi,L10,101,-1.010037860759411,5,0.4251498452031228
TaTl,L10,101,-0.6807001144579488,2,0.5698659709996718
TaV,L10,101,-0.9063755496563033,5,1.1220433181006229
TaW,L10,101,-0.9135914644566299,5,0.14040951619972475
TaY,L10,101,-0.9710515668584492,5,0.16847669809794752
TaZn,L10,101,-0.8231181028595245,4,0.8454336146023707
TaZr,L10,101,-0.9901263387573351,5,0.2787008983978012
TcTi,L10,101,-0.8280957453598319,4,1.4427372322024894
TcTl,L10,101,-0.39130405375814803,2,1.7299484909017337
TcV,L10,101,-0.7158123235558094,4,1.1137090154006728
TcW,L10,101,-0.559483467556646,7,0.6019763563999732
TcY,L10,101,-0.8660009309596433,3,1.797044960600033
TcZn,L10,101,-0.41351711465446783,4,0.6222495176989469
TcZr,L10,101,-0.9086985855601313,6,1.6157391835004091
TiTl,L10,101,-0.5016681205551947,3,0.8694835798996792
TiV,L10,101,-0.9599188454585317,5,0.36830267919867765
TiW,L10,101,-0.9260783602576055,4,0.10444695129990578
TiY,L10,101,-0.9631374078589658,4,0.10646140999961062
TiZn,L10,101,-0.7977060718539803,5,0.873967063598684
TiZr,L10,101,-1.0243551302582716,4,0.13130989340061205
TlW,L10,101,-0.06852207425887968,1,0.0
TlY,L10,101,-0.5402051545561051,4,0.9836041782000393
TlZn,L10,101,0.5333062523432375,3,0.06110520329821156
TlZr,L10,101,-0.5605906987575224,3,0.688658355797088
VW,L10,101,-0.9020726135595112,5,0.1535474445008731
VZn,L10,101,-0.6942655335578536,4,0.6838856152025983
VZr,L10,101,-0.9766520777584162,3,0.17403516749982373
WY,L10,101,-0.932389088359713,6,1.1744574775002548
WZn,L10,101,-0.7703786314586694,4,0.6371862545056501
WZr,L10,101,-0.9184333220573251,6,1.0970276207990537
YZn,L10,101,-0.6480782911521317,5,0.8962100568969618
YZr,L10,101,-0.9500130853566304,7,1.0066156209995825
ZnZr,L10,101,-0.7499974409647336,4,1.276464248105185
Ag3Al,L12,111,0.24775502414652806,8,0.6682971656991867
Ag3Au,L12,111,0.3406195860452783,7,0.5658876667948789
Ag3Bi,L12,111,0.43802531964414015,4,0.4527093986980617
Ag3Co,L12,111,-0.08835427495702675,6,0.6544886128976941
Ag3Cr,L12,111,-0.3059894264578986,5,1.0643104215996573
Ag3Cu,L12,111,0.17736107893964004,9,0.6692445299995597
Ag3Fe,L12,111,-0.016753776958438493,5,0.29816071129607735
Ag3Ga,L12,111,0.3677878398457608,7,0.5361492977026501
Ag3Hf,L12,111,-0.297241238759824,2,0.04833653360401513
Ag3Hg,L12,111,0.8014798826416438,3,0.3135321498994017
Ag3Ir,L12,111,-0.5486835413603046,3,0.9084143626023433
Ag3La,L12,111,0.0406928558377615,8,0.5162449866984389
Ag3Mo,L12,111,-0.43233691585825795,5,1.2832521277014166
Ag3Nb,L12,111,-0.37115552076190284,6,1.2118282316005207
Ag3Ni,L12,111,-0.0399177395583763,5,0.5249337177010602
Ag3Os,L12,111,-0.6063403820580504,5,0.9474837872039643
Ag3Pb,L12,111,0.34611519704870375,5,0.7355883329946664
Ag3Pd,L12,111,0.13061736364127796,7,0.5288963755010627
Ag3Pt,L12,111,-0.22712035965284372,4,0.9466132950983592
Ag3Re,L12,111,-0.6347889315574946,5,1.5192692493001232
Ag3Rh,L12,111,-0.2688362274556937,5,0.9646141698030988
Ag3Ru,L12,111,-0.39491609295416197,5,1.14040732869762
Ag3Sc,L12,111,-0.09236754596255992,4,0.405076959701546
Ag3Sn,L12,111,0.37344386204588886,4,0.45967605719488347
Ag3Ta,L12,111,-0.47959356565749545,3,0.02356070460518822
Ag3Tc,L12,111,-0.4454118497587558,5,1.246377165101876
Ag3Ti,L12,111,-0.22012254415946586,3,0.24255261580401566
Ag3Tl,L12,111,0.7931348314459967,2,0.37657602840045
Ag3V,L12,111,-0.2819521144546968,4,0.6012638264000998
Ag3W,L12,111,-0.5802978632554812,5,0.8496467531949747
Ag3Y,L12,111,-0.03262753765645243,5,0.5521204752003541
Ag3Zn,L12,111,0.39508235444466777,5,0.4709476927018841
Ag3Zr,L12,111,-0.24889205185806418,5,0.574199111899361
AgAl3,L12,111,0.3362416824411696,4,0.7386365521997504
AgAu3,L12,111,0.3214871259451968,8,0.7374135364989343
AgBi3,L12,111,0.5619426963394574,3,0.5853032613013056
AgCd3,L12,111,0.776154927943054,5,0.20700107880111318
AgCo3,L12,111,-0.36584508305438135,5,1.199770867395273
AgCr3,L12,111,-0.8646380488562215,4,1.435549481298949
AgCu3,L12,111,-0.053750918660597335,9,0.9009638857023674
AgFe3,L12,111,0.8750464030463547,2,0.03222317659674445
AgGa3,L12,111,0.6736503251386523,8,0.12238143019931158
AgHf3,L12,111,-1.0657516725577523,3,1.6059765553000034
AgHg3,L12,111,0.9169062191404294,1,0.0
AgIn3,L12,111,0.6964427164430447,8,0.16273822540097171
AgIr3,L12,111,-0.34590240395388605,5,1.2622071154983132
AgLa3,L12,111,-0.7339733372600392,3,0.36527690940056345
AgMo3,L12,111,-0.9597363930579093,3,1.6264997891012172
AgNb3,L12,111,-1.039290914660313,2,0.055695988401566865
AgNi3,L12,111,-0.3702986341586154,4,1.224894866005343
AgOs3,L12,111,-0.38174877635808,5,1.2811738583041006
AgPb3,L12,111,0.6533934907429568,5,0.26819036529923324
AgPd3,L12,111,-0.29106493476044193,7,0.497450764196401
AgPt3,L12,111,-0.3025258254556036,5,0.09590529789420543
AgRe3,L12,111,-0.6690813977611185,2,0.37932737140363315
AgRh3,L12,111,-0.450878344657184,2,0.09627741349686403
AgRu3,L12,111,-0.43057865235365966,2,0.02163468289654702
AgSc3,L12,111,-1.1699184827584475,2,0.024177042501833057
AgSn3,L12,111,0.6960582195397649,7,0.36152092200063635
AgTa3,L12,111,-1.0373963221563542,3,0.1768090959994879
AgTc3,L12,111,-0.6613775828581936,2,0.20996208550059237
AgTi3,L12,111,-1.1141933780590705,2,0.021440937798615778
AgTl3,L12,111,0.6428769712411224,6,0.3236071647988865
AgV3,L12,111,-1.023126536357239,2,0.005037507402448682
AgW3,L12,111,-1.0488953087578636,3,1.7885901115987508
AgY3,L12,111,-1.0834441061587938,4,1.5415078887999698
AgZn3,L12,111,0.5287924280355867,3,0.11805550041026436
AgZr3,L12,111,-1.0387228770586887,3,1.5666207308022422
Al3Au,L12,111,0.3352901004118678,3,0.4310092724599599
Al3Bi,L12,111,0.3132471107410595,1,0.0
Al3Cd,L12,111,0.30151587497132937,3,0.08357826892006415
Al3Co,L12,111,0.12561223774267205,3,0.5408393157995306
Al3Cr,L12,111,0.0508349467718574,6,0.31424916995001695
Al3Cu,L12,111,0.34586730134199684,6,0.41771623929889756
Al3Fe,L12,111,0.1905376472432465,4,0.5202106377983
Al3Ga,L12,111,0.29572570064286197,3,0.08961783559789183
Al3Hf,L12,111,-0.1796038411584675,6,1.0915375880804277
Al3Hg,L12,111,0.31989621238247423,5,0.11475094998968416
Al3In,L12,111,0.2749036857922249,3,0.1038665324995236
Al3Ir,L12,111,-0.018446325007033693,3,0.5108286968697939
Al3La,L12,111,-0.271641040867479,5,1.241383468010099
Al3Mn,L12,111,0.1516074088713424,3,0.14232342891045846
Al3Mo,L12,111,0.1472798464319851,4,0.050112756640373846
Al3Nb,L12,111,0.03578296979142692,5,0.3722362207900005
Al3Ni,L12,111,0.526165168842482,1,0.0
Al3Os,L12,111,-0.2302932070169561,3,0.618049576649355
Al3Pb,L12,111,0.1938590688223769,5,0.318335911630129
Al3Pd,L12,111,0.3953969180611523,5,0.41145626047000405
Al3Pt,L12,111,0.45028268748049527,4,0.034144300250773085
Al3Re,L12,111,-0.08579980629926354,3,0.538225662370678
Al3Rh,L12,111,0.41439903557241564,2,0.16692728192992945
Al3Ru,L12,111,0.0368318325827488,3,0.43308672555940575
Al3Sc,L12,111,-0.23496131991757352,2,0.06808914104931318
Al3Sn,L12,111,0.30158227075119726,3,0.12314960756066284
Al3Ta,L12,111,-0.007006387118025259,5,0.9898505513692726
Al3Tc,L12,111,0.1655575969225822,2,0.34687085720997857
Al3Ti,L12,111,-0.15830222563815255,6,1.0460239634694517
Al3Tl,L12,111,0.38560054775192043,3,0.023041783520056924
Al3V,L12,111,-0.019722538907416265,2,0.0637513743395175
Al3W,L12,111,-0.01947301051856698,3,0.7644702236402736
Al3Y,L12,111,-0.2886036651679831,7,1.2040495853998436
Al3Zn,L12,111,0.37413897684112385,5,0.42165086929890094
Al3Zr,L12,111,-0.18069297678809448,6,1.0512412020998454
AlAu3,L12,111,0.3127471015423282,4,0.1871262921995367
AlCd3,L12,111,0.320634321141398,3,0.6064806568010681
AlCo3,L12,111,-0.5420023303513233,1,0.0
AlCr3,L12,111,-0.9366599151571506,2,0.23395830830122577
AlCu3,L12,111,-0.041301982658268344,5,0.5553537319065072
AlFe3,L12,111,-0.53569146625793,3,1.7095515178989444
AlGa3,L12,111,0.3208846659408948,6,0.6271351856048568
AlHf3,L12,111,-1.0385934869582059,4,1.5650168918982672
AlHg3,L12,111,0.23416429854026433,2,0.922334890201455
AlIn3,L12,111,0.25520618134126494,5,0.6023971805007022
AlIr3,L12,111,-0.2943101644550268,6,1.1742003299987118
AlLa3,L12,111,-0.679119677256466,4,0.730901988399637
AlMo3,L12,111,-0.8961292390585811,3,1.8299293738018605
AlNb3,L12,111,-0.9920329042570017,4,1.8129887906998192
AlNi3,L12,111,-0.5874389467562366,3,1.450824727602594
AlOs3,L12,111,-0.32142345125882343,4,1.1696409266005503
AlPb3,L12,111,0.1969010294424436,6,0.7253450155985774
AlPd3,L12,111,-0.2357480010605002,3,1.008676475201355
AlPt3,L12,111,-0.2789783184552732,5,1.2477222238994727
AlRe3,L12,111,-0.5452315053580321,4,0.5323454183999274
AlRh3,L12,111,-0.34716133875824084,4,1.0909862854023231
AlRu3,L12,111,-0.4449715695581915,3,0.20215486739834887
AlSc3,L12,111,-1.1436588169571849,3,0.7234222591996513
AlSn3,L12,111,0.26789512174312335,6,0.737905246198352
AlTa3,L12,111,-1.0317385311600162,2,0.05047058640047908
AlTc3,L12,111,-0.5548239262561481,3,0.3393908559992269
AlTi3,L12,111,-1.0808609295590657,3,0.49350361700089707
AlTl3,L12,111,0.15212619394245053,4,0.894006070902833
AlV3,L12,111,-1.0439829736596664,3,0.4062405184995441
AlW3,L12,111,-0.925317393956874,3,0.44308037840164616
AlY3,L12,111,-1.0991291560576144,3,0.7156615725998563
AlZn3,L12,111,0.45813153903966963,4,0.3595920431034756
AlZr3,L12,111,-1.041334897859059,4,1.5394426809016295
Au3Bi,L12,111,0.32530338644303924,4,0.0733931839968136
Au3Cd,L12,111,0.39675980024279056,5,0.16814703220006777
Au3Co,L12,111,0.14510810584127398,7,0.4070571320989984
Au3Cr,L12,111,-0.05651518705687408,4,0.5569666865994805
Au3Cu,L12,111,0.28385745554354,7,0.4093521401991893
Au3Fe,L12,111,0.21868292594174932,5,0.3219233244017232
Au3Ga,L12,111,0.4808360374418328,2,0.07788415079994593
Au3Hf,L12,111,-0.08531734846016548,5,0.647384673000488
Au3Hg,L12,111,0.37979200574503125,2,0.21802209739689715
Au3In,L12,111,0.35155842624320144,4,0.3407140095005161
Au3Ir,L12,111,-0.4685147228583162,4,1.1008755826005654
Au3La,L12,111,0.21123272104253488,5,0.532337935299438
Au3Mn,L12,111,0.33297386734287215,5,0.22802187279739883
Au3Mo,L12,111,-0.19196202715735922,5,0.9531877014997008
Au3Nb,L12,111,-0.09296823726160142,5,0.6137286810007936
Au3Ni,L12,111,0.11235457954265371,2,0.006372361800458748
Au3Os,L12,111,-0.47865871855807995,2,0.8166733588004718
Au3Pb,L12,111,0.31793250284411556,3,0.23383817009744234
Au3Pd,L12,111,0.1715285908403814,8,0.3411195951994159
Au3Pt,L12,111,-0.23016191205803693,5,0.7989802447991678
Au3Re,L12,111,-0.43461423665482357,7,1.2096007076979731
Au3Rh,L12,111,-0.0826730822545585,6,0.6407343467981264
Au3Ru,L12,111,-0.17200438185952294,7,0.803897886100458
Au3Sc,L12,111,0.18568490514101654,6,0.5031028406992846
Au3Sn,L12,111,0.36799083674216604,4,0.44216444329867954
Au3Ta,L12,111,-0.3479194479577643,4,0.8884840648024692
Au3Tc,L12,111,-0.2132515336588483,6,0.9121140222996473
Au3Ti,L12,111,0.08245906464165387,6,0.4137031045029289
Au3Tl,L12,111,0.47772632054423525,1,0.0
Au3V,L12,111,-0.011167960160463508,4,0.5084830756022711
Au3W,L12,111,-0.3924270675588275,4,0.8980594786007714
Au3Y,L12,111,0.21489673394265196,8,0.4351720699996804
Au3Zn,L12,111,0.4564876993399878,4,0.13145547430031002
Au3Zr,L12,111,0.068916911340267,7,0.6982983966991014
AuBi3,L12,111,0.3279457478429606,3,0.8480684929018025
AuCd3,L12,111,0.6808788932439995,8,0.13364449409709778
AuCo3,L12,111,-0.31050325086013686,4,0.775916148100805
AuCr3,L12,111,-0.8698846757569925,3,1.1017011760013702
AuCu3,L12,111,-0.05074392465664346,7,0.543401539696788
AuFe3,L12,111,1.0180645386363096,1,0.0
AuGa3,L12,111,0.6293537297397336,6,0.11027032350102672
AuHf3,L12,111,-1.08070840976049,3,1.449815049301833
AuIn3,L12,111,0.5299479594441721,5,0.3747558588984248
AuIr3,L12,111,-0.34770801535975693,4,0.7093369665999489
AuLa3,L12,111,-0.7790389264582416,3,1.1178017437014205
AuMo3,L12,111,-0.9662132467592244,3,1.312361913798668
AuNb3,L12,111,-1.0414997987563481,3,1.4622533726978872
AuNi3,L12,111,-0.374049859455198,3,0.47361468039889587
AuPb3,L12,111,0.3562046340421432,3,0.5728792237023299
AuPd3,L12,111,-0.31546783185601157,8,0.670525914098107
AuPt3,L12,111,-0.2847493086582915,6,0.7305973568982154
AuRe3,L12,111,-0.6697868529581399,2,0.3264352440019138
AuRh3,L12,111,-0.42366832135937216,3,0.29970073960066657
AuRu3,L12,111,-0.3908508482554396,3,0.5108779494985356
AuSc3,L12,111,-1.1755339598593935,2,0.019220488902647048
AuSn3,L12,111,0.4230548407404342,3,0.5199295441998402
AuTa3,L12,111,-1.1318215928576763,2,0.022125576200778596
AuTc3,L12,111,-0.6456265454571337,2,0.15932999959841254
AuTi3,L12,111,-1.1019900248565762,2,0.0024158267005987
AuTl3,L12,111,0.5369757075432346,3,0.2947122125988244
AuV3,L12,111,-1.020260497359203,2,0.015772398401168175
AuW3,L12,111,-1.0323465695609855,2,0.10836117280268809
AuY3,L12,111,-1.0823610930574148,4,1.3821465962009825
AuZn3,L12,111,0.45180516433995876,3,0.27110402419930324
AuZr3,L12,111,-1.0465269659570993,2,0.04574696219788166
Bi3Cd,L12,111,0.9762737035426028,2,0.24463170150193037
Bi3Cu,L12,111,1.0283198289480708,1,0.0
Bi3Hf,L12,111,-0.25185741235961245,3,1.4774256240998511
Bi3Nb,L12,111,1.0322041179433938,2,0.22742036520139663
Bi3Pd,L12,111,0.4174933780423373,3,0.8298559137001575
Bi3Pt,L12,111,0.9924398505436614,2,0.2821419138999772
Bi3Re,L12,111,1.1227773452419854,2,0.15195272129858495
Bi3Rh,L12,111,0.08564075583947783,3,1.164109124300012
Bi3Ru,L12,111,-0.2991963766607739,2,1.4742312798007333
Bi3W,L12,111,-0.9786668086589714,3,2.2329351390981174
BiCd3,L12,111,0.6993060342402089,3,0.0669820459006587
BiCu3,L12,111,0.10025476544345224,3,0.41755542009923374
BiPd3,L12,111,-0.21030372445872558,2,0.1845231152001361
BiPt3,L12,111,-0.2801820139565905,2,0.14384087170037674
BiRh3,L12,111,-0.426395854457013,2,0.04727229640047881
BiRu3,L12,111,-0.48740731455743,2,0.024928212700615404
Cd3Co,L12,111,-0.012274511055665016,2,0.11814815519755939
Cd3Cr,L12,111,-0.24839109025830908,7,1.273825151998608
Cd3Cu,L12,111,0.4914009933427508,9,0.49996536819890025
Cd3Fe,L12,111,0.11283948634175545,5,0.889792932299315
Cd3Ga,L12,111,0.7090460769441336,5,0.1753651238977909
Cd3Hf,L12,111,-0.36763858536048133,5,1.245172517203173
Cd3In,L12,111,0.7558789094410088,7,0.09701919600047404
Cd3Ir,L12,111,-0.5294110788590558,5,1.4166111743979855
Cd3La,L12,111,-0.001025597058259109,5,0.658399705102056
Cd3Mn,L12,111,0.2023007204416274,5,0.7681047121004667
Cd3Mo,L12,111,-0.40662351875923264,5,1.4410399221997068
Cd3Nb,L12,111,-0.3962951658567988,4,1.4825615006993758
Cd3Ni,L12,111,0.09888535264056486,5,0.9096025477010699
Cd3Os,L12,111,-0.757736902759433,2,1.6205521970005066
Cd3Pb,L12,111,0.6501279886406621,4,0.18465604270022595
Cd3Pd,L12,111,0.39241373404095725,5,0.6048878383990086
Cd3Pt,L12,111,0.6438431113429317,2,0.15536230770158
Cd3Re,L12,111,-0.7768923564571821,4,1.9083587046989123
Cd3Rh,L12,111,-0.12180944685948702,3,0.8393090124009177
Cd3Ru,L12,111,-0.42703423355757764,3,1.399816852499498
Cd3Sc,L12,111,-0.09615020035832345,5,0.9192395952995867
Cd3Sn,L12,111,0.6956241979433173,4,0.1627701988982153
Cd3Ta,L12,111,-0.481345570557977,5,1.4482746128014696
Cd3Tc,L12,111,-0.4756434251603139,1,0.0
Cd3Ti,L12,111,-0.22047833295707164,5,1.124973167799908
Cd3Tl,L12,111,0.7074218294447121,7,0.5638937525982328
Cd3V,L12,111,-0.2440442077558771,8,1.255234470598225
Cd3W,L12,111,-0.6197230767565713,2,1.6804840453987708
Cd3Y,L12,111,-0.09968849665798984,5,0.842627168600302
Cd3Zn,L12,111,0.5908048588471786,5,0.3177077367945458
Cd3Zr,L12,111,-0.31790243425618314,5,1.1357740463972732
CdCo3,L12,111,-0.4686789434553873,2,0.12943407659622608
CdCr3,L12,111,-0.8233479031577815,3,1.892231333800737
CdCu3,L12,111,0.03172738503874939,5,0.9280106407022686
CdFe3,L12,111,0.7984746574448138,1,0.0
CdGa3,L12,111,0.6196447079428538,6,0.2690867083001649
CdHf3,L12,111,-1.0935788499582202,3,1.9129304892012442
CdHg3,L12,111,0.978912799645542,5,0.6187388409998675
CdIn3,L12,111,0.6948066319392012,7,0.15256905920250574
CdIr3,L12,111,-0.43097131255760246,4,1.694743899101013
CdLa3,L12,111,-0.7159930071602219,4,1.2382879009019234
CdMo3,L12,111,-0.9257277415553915,4,2.0812791577991447
CdNb3,L12,111,-1.0646543735592502,3,2.1134899532007694
CdNi3,L12,111,-0.49511262616485396,2,0.09184563160670223
CdOs3,L12,111,-0.464302536655822,5,0.2976193408976542
CdPb3,L12,111,0.6986881997409284,8,0.2611118679997162
CdPd3,L12,111,-0.28096134795757166,2,0.014527885698043974
CdPt3,L12,111,-0.34411992235888533,4,0.12392105030085077
CdRe3,L12,111,-0.6061296299585308,3,0.5909946583014971
CdRh3,L12,111,-0.42713464355890096,3,0.43489301720182993
CdRu3,L12,111,-0.48286859175911445,2,0.08065835130037158
CdSc3,L12,111,-1.1753614396575074,2,0.015037010698506492
CdSn3,L12,111,0.8041487751407033,2,0.08626702579931589
CdTa3,L12,111,-1.0698910682576468,2,0.014959730397094972
CdTc3,L12,111,-0.6043863326585495,3,1.8264833242028544
CdTi3,L12,111,-1.1196625941583704,2,0.000822055899334373
CdTl3,L12,111,0.7341375579426597,4,0.15080875479907263
CdV3,L12,111,-1.0439628371559309,2,0.04896647699933965
CdW3,L12,111,-1.0379981018586193,3,2.3826199276008992
CdY3,L12,111,-1.1095851302588642,3,1.6332056266001018
CdZn3,L12,111,0.5215459004475917,7,0.4479075417984859
CdZr3,L12,111,-1.0761065565593242,3,1.8704759684987948
Co3Cu,L12,111,-0.38321111605816327,6,0.9481538675026968
Co3Fe,L12,111,0.3253775374405734,3,0.1721943174052285
Co3Hf,L12,111,-0.6377591901609492,5,1.314149701698625
Co3Hg,L12,111,-0.3066649490565112,4,1.4547880656973575
Co3In,L12,111,-0.4410148983579063,2,0.14184396430209745
Co3Ir,L12,111,-0.27231465865676796,3,0.14853293069609208
Co3La,L12,111,-0.3811193770588659,3,0.052050751401111484
Co3Mo,L12,111,-0.5248709954530284,3,0.7402312752965372
Co3Nb,L12,111,-0.5683234937596069,3,1.0548208596010227
Co3Ni,L12,111,-0.34278044196159385,2,0.5979425409022951
Co3Os,L12,111,-0.43064899375801247,5,0.22770649290032452
Co3Pb,L12,111,-0.3410001371584883,1,0.0
Co3Pd,L12,111,-0.3373044231547908,7,0.6831366218029871
Co3Pt,L12,111,-0.3056619374610534,5,0.2851246897043893
Co3Re,L12,111,-0.466742853553086,5,0.3072716267997748
Co3Rh,L12,111,-0.28555939155828014,7,0.45214816390216583
Co3Ru,L12,111,-0.3727363660572962,6,0.5960401931006345
Co3Sc,L12,111,-0.6379649082582262,3,0.16539255990210222
Co3Sn,L12,111,0.821398071341747,1,0.0
Co3Ta,L12,111,-0.5856761932581946,3,0.9974134112999309
Co3Tc,L12,111,-0.44098088415827874,4,0.5152802071970655
Co3Ti,L12,111,-0.5997914183598994,5,1.3476443301988184
Co3Tl,L12,111,1.2518493743419015,1,0.0
Co3V,L12,111,-0.5055949953593597,2,0.015902604900475126
Co3W,L12,111,-0.5425541772628719,3,0.6152763285062974
Co3Y,L12,111,-0.40970847335754,2,0.11312955970061012
Co3Zn,L12,111,-0.5095173802610304,2,1.5438329656026326
Co3Zr,L12,111,-0.6151398633582801,5,1.312215924699558
CoCr3,L12,111,-0.8427703004553848,3,0.8376450362993637
CoCu3,L12,111,-0.2800658213591021,5,0.47558111109538004
CoHf3,L12,111,-1.0161517144578909,2,0.23459355809973204
CoHg3,L12,111,0.18985981174139965,3,1.1874264231009874
CoIn3,L12,111,0.8620600422446216,1,0.0
CoIr3,L12,111,-0.21329466375661355,4,0.4491105571942171
CoMn3,L12,111,-0.6750926645536026,2,0.10283440470084315
CoMo3,L12,111,-0.8436342618578863,2,0.8962806704003015
CoNi3,L12,111,-0.3012198151545533,3,0.14207308420009213
CoOs3,L12,111,-0.26171555245579725,3,0.1316077219962608
CoPd3,L12,111,-0.20431232195457483,7,0.48316927759879036
CoRe3,L12,111,-0.6620280709603037,6,0.2655571196009987
CoTc3,L12,111,-0.7481893806607047,3,0.14169239700277103
CoTi3,L12,111,-1.0623380043607256,1,0.0
CoV3,L12,111,-1.0710604774567116,1,0.0
CoZn3,L12,111,-0.09890902655658351,1,0.0
Cr3Cu,L12,111,-0.9631512857585847,4,1.3005791125033284
Cr3Ga,L12,111,-0.9200387936570849,4,2.069256760296412
Cr3Hf,L12,111,0.13801573074036355,1,0.0
Cr3Hg,L12,111,-0.7516616891579986,3,1.6945086565974634
Cr3In,L12,111,-0.7614070381596036,3,1.980533090802055
Cr3Ir,L12,111,-0.8275780487592499,5,1.1066269807015487
Cr3La,L12,111,-0.647101130357413,4,0.22546236999914981
Cr3Mo,L12,111,-1.300261283558001,4,1.436609908902028
Cr3Nb,L12,111,-1.0583096311592897,2,1.1323645960001159
Cr3Os,L12,111,-0.8185210117580652,5,1.0968416309988243
Cr3Pb,L12,111,-0.57807346865863,2,0.1707840874005342
Cr3Pd,L12,111,-0.90646834046035,4,1.0943697489019542
Cr3Pt,L12,111,-0.877356649557413,6,0.8243577175016981
Cr3Re,L12,111,-0.9411810864575898,5,0.9094668989018828
Cr3Rh,L12,111,-0.8606802890562619,6,0.9432434373011347
Cr3Ru,L12,111,-0.8355762908604163,6,1.0800671735014475
Cr3Sc,L12,111,-0.7849714162575481,2,0.26967923610209255
Cr3Sn,L12,111,-0.6839200374588188,2,0.22074418820193387
Cr3Ta,L12,111,-1.1572455969571536,2,1.0939372239990917
Cr3Tc,L12,111,-0.9420172923591679,3,1.059479720701347
Cr3Ti,L12,111,-0.8945411827580472,2,1.227685937701608
Cr3Tl,L12,111,-0.6750760656568389,3,2.130677207500412
Cr3W,L12,111,-0.6389513208586948,2,0.6444480204008869
Cr3Zn,L12,111,-0.9649200256598931,4,1.849054622798576
Cr3Zr,L12,111,0.2859297384430022,1,0.0
CrCu3,L12,111,-0.41801597265927626,3,0.4908062885006075
CrGa3,L12,111,0.594557716839546,3,0.5053881888015894
CrHf3,L12,111,-1.0657992924561484,3,0.23814287499772036
CrHg3,L12,111,-0.1804063048575415,3,1.5921957580976596
CrIn3,L12,111,-0.09667714885924283,5,1.2716886501984845
CrIr3,L12,111,-0.3149695913589028,4,0.6580206505022943
CrLa3,L12,111,-0.7116176887566041,5,0.46728436010016594
CrMo3,L12,111,-0.8125506980568105,4,0.9428417972994794
CrNb3,L12,111,0.19181739874059645,1,0.0
CrNi3,L12,111,-0.5695141278547169,1,0.0
CrOs3,L12,111,-0.44922239585773127,4,0.8591733225985081
CrPb3,L12,111,-0.18263586956069844,3,1.2230446279027092
CrPd3,L12,111,-0.22574536846056503,5,0.34441230869924766
CrPt3,L12,111,-0.20134981856151057,5,0.21465468859969405
CrRe3,L12,111,-0.6771724306554177,6,1.0693827595969196
CrRh3,L12,111,-0.4214436547581215,3,0.09612421349811484
CrRu3,L12,111,-0.510914140558242,3,0.7849503274992458
CrSc3,L12,111,-1.0741549560579813,3,0.20240929380088346
CrSn3,L12,111,-0.03494009715993229,2,0.9457893344006152
CrTa3,L12,111,-1.1248591521570859,2,0.05925659790227655
CrTc3,L12,111,-0.6237930834567749,3,0.18924360999881173
CrTi3,L12,111,-1.0720474343570174,3,0.20095838280030875
CrTl3,L12,111,-0.25868692545824956,2,1.272907856200618
CrV3,L12,111,-1.033015153158857,2,0.017773523501091404
CrW3,L12,111,-1.2157972840568334,3,1.3901115043008758
CrY3,L12,111,-1.02772308335895,3,0.8747390505996009
CrZn3,L12,111,-0.3669187081604548,7,1.1874688729003537
CrZr3,L12,111,-1.0105652172596535,5,1.0254302520988858
Cu3Fe,L12,111,-0.23066668325824935,4,0.48235497689893236
Cu3Ga,L12,111,-0.05481529195728285,5,0.7410258477029856
Cu3Hf,L12,111,-0.30782116075621957,5,0.5369136654990143
Cu3Hg,L12,111,0.04901899504423568,5,0.985442851400876
Cu3In,L12,111,-0.01770971286074996,4,0.870002228904923
Cu3Ir,L12,111,-0.44230893565597285,5,0.8239673701973516
Cu3La,L12,111,-0.3049759384584547,6,0.9036236623942386
Cu3Mn,L12,111,-0.16454764646093167,3,0.5376334066022537
Cu3Mo,L12,111,-0.4550276725558149,4,0.40977391669730423
Cu3Nb,L12,111,-0.3839594291630135,5,0.6601587850018404
Cu3Ni,L12,111,-0.19024172356054692,4,0.33230746060144156
Cu3Os,L12,111,-0.5754687950529558,4,0.5630938739996054
Cu3Pb,L12,111,0.05879237174033847,3,1.1244266272042296
Cu3Pd,L12,111,-0.05512795075534882,5,0.4017739058981533
Cu3Pt,L12,111,-0.15805868375807108,7,0.48834515489579644
Cu3Re,L12,111,-0.6107450888584651,5,1.141716468395316
Cu3Rh,L12,111,-0.3278170380644667,5,0.6126237628050148
Cu3Ru,L12,111,-0.42844636835704364,5,0.7890461849965504
Cu3Sc,L12,111,-0.26196331215666646,4,0.7849048844000208
Cu3Sn,L12,111,0.026842533538939506,3,0.8040093168019666
Cu3Ta,L12,111,-0.4375084393604709,5,0.4177752879986656
Cu3Tc,L12,111,-0.47858837715372715,4,0.46972195590205956
Cu3Ti,L12,111,-0.3270285881580719,4,0.6541122794005787
Cu3V,L12,111,-0.38200265855900284,4,0.4822059946018271
Cu3W,L12,111,-0.5425994841561703,3,0.5006313667981885
Cu3Y,L12,111,-0.17418156475375213,4,0.735582210298162
Cu3Zn,L12,111,-0.03363095745496025,6,0.5681773686083034
Cu3Zr,L12,111,-0.28575300065764964,4,0.4375492565013701
CuFe3,L12,111,0.3254214839480767,3,0.4157249101990601
CuGa3,L12,111,0.5065819522360755,3,0.3096075881039724
CuHf3,L12,111,-1.0394257471552635,2,0.02178461760195205
CuHg3,L12,111,0.5045968818422182,1,0.0
CuIn3,L12,111,0.2898759334430281,5,0.5744576199940639
CuIr3,L12,111,-0.2681845147589854,3,0.09170739770343062
CuLa3,L12,111,-0.6943588686580995,2,0.022318504998111166
CuMo3,L12,111,-0.9551784862551074,4,1.3722741699966718
CuNb3,L12,111,-1.026397208660427,5,1.3764160148020892
CuNi3,L12,111,-0.3829591386592881,3,0.30089722410048125
CuOs3,L12,111,-0.24889926286320474,6,0.9488521117018536
CuPb3,L12,111,0.23073974584352186,3,0.6857819764991291
CuPd3,L12,111,-0.2259924477611719,7,0.7395467729002121
CuPt3,L12,111,-0.23335884155582676,6,0.9656179976955173
CuRe3,L12,111,-0.5808688941606022,4,0.2695469887985382
CuRh3,L12,111,-0.41197899115556424,5,0.2751366152006085
CuRu3,L12,111,-0.46453546605968654,5,0.2585907332977513
CuSc3,L12,111,-1.1997319551582848,4,1.2955134413023188
CuSn3,L12,111,0.9081010234376947,2,0.05588605990487849
CuTa3,L12,111,-1.0334242763555892,3,0.19038349480251782
CuTc3,L12,111,-0.6146530516625432,3,0.2793221341999015
CuTi3,L12,111,-1.0786550386573879,5,0.6188925852984539
CuTl3,L12,111,0.2815080247465005,4,0.7205954046003171
CuV3,L12,111,-1.039755685159406,4,0.4313936332036974
CuW3,L12,111,-0.938827165758056,4,1.41036997140327
CuY3,L12,111,-1.0598673468584536,3,1.2413456442009192
CuZn3,L12,111,0.40883294703328943,7,0.4534485959011363
CuZr3,L12,111,-1.0128132858580727,5,1.2120949031996133
Fe3Ga,L12,111,-0.40121212685969,2,0.2085895432974212
Fe3Hf,L12,111,-0.6587663785603297,4,1.2324611274016206
Fe3In,L12,111,1.7738788211436542,1,0.0
Fe3La,L12,111,-0.3568645100594665,4,0.2407895901997108
Fe3Mo,L12,111,-0.5932589175563123,2,0.034860776002460625
Fe3Nb,L12,111,-0.6470126933627114,4,1.0371794474049238
Fe3Pb,L12,111,0.35082562363916736,2,0.07927778179873712
Fe3Sc,L12,111,-0.4845928411586726,4,1.5357845184989856
Fe3Sn,L12,111,0.006009634141292963,3,1.6040757040973403
Fe3Ta,L12,111,-0.6617877945600128,4,0.9561727903055726
Fe3Ti,L12,111,-0.753943499758833,4,1.3960868521025986
Fe3Tl,L12,111,0.16373293754534757,3,2.0270853738984442
Fe3V,L12,111,-0.6768769149557272,4,1.137044001596223
Fe3W,L12,111,-0.6227423158552199,4,0.7374272781962645
Fe3Y,L12,111,-0.3135951443609599,5,1.447687391198997
Fe3Zn,L12,111,0.18116250923870325,3,0.6694835820017033
Fe3Zr,L12,111,-0.5071444115592101,3,1.1349804263954866
FeGa3,L12,111,0.3900788612382087,4,0.6602465417017811
FeHg3,L12,111,0.24073639194196517,1,0.0
FeIn3,L12,111,0.17043224424290315,3,0.7799182623020897
FeIr3,L12,111,-0.26235964595886685,3,0.09422349829765153
FeLa3,L12,111,-0.6816263899590638,2,0.07128811140137259
FeMo3,L12,111,-0.8273882493585631,4,0.965021388099558
FeNb3,L12,111,-0.9777507374555796,1,0.0
FeNi3,L12,111,-0.29955924035945714,2,0.15232728600676637
FeOs3,L12,111,-0.3028444708606628,4,0.5580735097028082
FePb3,L12,111,0.8329180107439527,1,0.0
FePd3,L12,111,-0.15939761986280132,2,0.033600208604184445
FePt3,L12,111,-0.24366052725869736,2,0.1315077202016255
FeRe3,L12,111,-0.5837384705582451,4,0.9134184000067762
FeRh3,L12,111,-0.32335477925786904,3,0.09235584499765537
FeRu3,L12,111,-0.4449698007583436,3,0.22047357089468278
FeSc3,L12,111,-1.139676566958741,2,0.020925282100506593
FeSn3,L12,111,1.0284722127408088,1,0.0
FeTa3,L12,111,-1.0007093901576525,2,0.04942471680260496
FeTc3,L12,111,-0.6634664647562829,3,0.101569211397873
FeW3,L12,111,-0.8384083155569613,3,0.9931723809968389
FeZn3,L12,111,-0.04987697007069869,5,0.8764509187021758
FeZr3,L12,111,-0.9623771219584967,3,0.27011774760103435
Ga3Hf,L12,111,0.17819959774445238,5,0.4511356282964698
Ga3Hg,L12,111,0.5644650556432964,4,0.5136450751015218
Ga3In,L12,111,0.6012831464477415,4,0.14887919549801154
Ga3Ir,L12,111,0.6911115981429532,2,0.13349741660204018
Ga3La,L12,111,0.04792455324152911,7,0.8321567723032786
Ga3Mn,L12,111,0.4074263905431792,4,0.21110809299716493
Ga3Mo,L12,111,0.046970658143465016,3,1.0315041050998843
Ga3Nb,L12,111,0.022342859142582938,3,0.6672566022971296
Ga3Ni,L12,111,0.4735695095451149,2,0.20247460110113025
Ga3Os,L12,111,-0.3149883671567011,3,1.1389403630018933
Ga3Pb,L12,111,0.5562084414423509,7,0.28785752899420913
Ga3Pd,L12,111,0.6394286086370187,5,0.21464856609964045
Ga3Pt,L12,111,0.26034110553976575,6,0.5688556124005117
Ga3Re,L12,111,-0.24854075285745125,3,1.198914389104175
Ga3Rh,L12,111,0.2696450858429955,3,0.5515627780041541
Ga3Ru,L12,111,0.02916107954027325,5,0.8850230488023954
Ga3Sc,L12,111,0.15955340513849592,5,0.5941051914996933
Ga3Sn,L12,111,0.5496465522456049,3,0.25029411839932436
Ga3Ta,L12,111,-0.19115480156230547,4,1.5218069830007153
Ga3Tc,L12,111,0.027786904641317278,6,0.9543160214961972
Ga3Ti,L12,111,0.296155368342653,6,0.951571481396968
Ga3Tl,L12,111,0.4313262851437969,4,0.21622941139503382
Ga3V,L12,111,0.10865179034684047,2,0.6288791631959612
Ga3W,L12,111,-0.20848545975511001,3,1.368705941204098
Ga3Y,L12,111,0.05538591464667775,5,0.7606074316936429
Ga3Zn,L12,111,0.5717753939470924,5,0.15948251940426417
Ga3Zr,L12,111,0.22152678754449084,6,0.9855436695943354
GaHf3,L12,111,-1.0425425390558019,3,1.7532783069036668
GaHg3,L12,111,0.7381302843432707,5,0.7411938779987395
GaIn3,L12,111,0.6319875195413545,4,0.20233963270584354
GaIr3,L12,111,-0.27271711495902196,3,0.09274197449849453
GaLa3,L12,111,-0.6963548236589929,4,0.9262907451993669
GaMo3,L12,111,-0.8959656986616835,3,2.0539604251025594
GaNb3,L12,111,-1.0163262754567484,3,1.9736437126994133
GaNi3,L12,111,-0.566984149560966,3,1.5973704110001563
GaOs3,L12,111,-0.30655841655877225,3,0.019130555301671848
GaPb3,L12,111,0.6936501481477819,9,0.17803837019891944
GaPd3,L12,111,-0.2286773950608847,2,0.02076895270147361
GaPt3,L12,111,-0.33819219456106,4,1.479006197398121
GaRe3,L12,111,-0.5275522691581216,3,0.3651279270052328
GaRh3,L12,111,-0.3767198405539318,4,1.4137196927986224
GaRu3,L12,111,-0.4510052858522329,2,0.1568347156935488
GaSc3,L12,111,-1.1606232099574925,2,0.024201804797485238
GaSn3,L12,111,0.5841722200430297,4,0.2328713495953707
GaTa3,L12,111,-1.0281375126569117,2,0.03079485099442536
GaTc3,L12,111,-0.5397026962591269,2,0.10580479929922149
GaTi3,L12,111,-1.0903123954585396,2,0.0027596424988587387
GaTl3,L12,111,0.49861704414891506,4,0.44131803309574025
GaV3,L12,111,-1.0459566152630657,2,0.04643105640570866
GaW3,L12,111,-0.9225437376580601,3,1.084023708695895
GaY3,L12,111,-1.1026086756564553,3,1.4019332178977493
GaZn3,L12,111,0.4639421219553981,5,0.30735040378931444
GaZr3,L12,111,-1.0671291127573284,3,1.7280559391001589
Hf3Hg,L12,111,-1.1037337303559696,2,0.03245175219853991
Hf3In,L12,111,-1.0809342641577757,3,2.1417186347025563
Hf3Ir,L12,111,-1.0621359599562936,5,0.9364846737989865
Hf3La,L12,111,-0.8797006381600738,4,1.9683278326992877
Hf3Mn,L12,111,-1.0208296234586385,3,1.2312420572998235
Hf3Mo,L12,111,-1.1031101814578221,5,1.3059319998974388
Hf3Nb,L12,111,-1.059876598758791,4,1.3115134629006207
Hf3Ni,L12,111,-1.0183171963571738,2,1.0577429541008314
Hf3Os,L12,111,-1.1064650729558423,3,1.0004674808988057
Hf3Pb,L12,111,-1.0606635519606868,2,0.015474569801881444
Hf3Pd,L12,111,-1.0477418181571636,4,1.2628796448989306
Hf3Pt,L12,111,-1.065279963258007,3,1.063990415801527
Hf3Re,L12,111,-1.1010495994587188,3,1.1071614122993196
Hf3Rh,L12,111,-1.084838417455984,4,1.1200148454990995
Hf3Ru,L12,111,-1.1211457506569502,3,1.1659955534996698
Hf3Sc,L12,111,-0.997516270256682,7,1.5216690212000685
Hf3Sn,L12,111,-1.0387681840574885,3,2.3418391790000896
Hf3Ta,L12,111,-1.0555910779575868,6,1.3856289730974822
Hf3Tc,L12,111,-1.1359518727576585,4,0.3810697162989527
Hf3Ti,L12,111,-1.0413520409556156,6,1.313084239998716
Hf3Tl,L12,111,-1.0971772834591036,3,2.3827185688023746
Hf3V,L12,111,-1.0617528235588622,4,1.2034306624009332
Hf3W,L12,111,-1.1007051032565585,4,1.2023585338974954
Hf3Y,L12,111,-0.9765232318559072,5,1.725562696097768
Hf3Zn,L12,111,-1.0627718899549734,3,1.5395503018953605
Hf3Zr,L12,111,-0.9944119956589645,7,1.3591770589009684
HfHg3,L12,111,-0.19939454455649752,7,1.6926444046985125
HfIn3,L12,111,-0.07434993625699349,3,0.9123985174010159
HfIr3,L12,111,-0.5797401659574177,4,1.4727686678997998
HfLa3,L12,111,-0.8007995980578642,6,0.6109898553004314
HfMo3,L12,111,0.14420904174133398,1,0.0
HfNb3,L12,111,-0.9739582868560035,1,0.0
HfNi3,L12,111,-0.4243616674566226,4,1.1178388871994684
HfOs3,L12,111,-0.634295861257641,4,1.386125036602607
HfPb3,L12,111,-0.26483384105719665,5,1.5400681345017802
HfPd3,L12,111,-0.3219042764567064,6,0.888802301898977
HfPt3,L12,111,-0.31240614295799674,3,0.20544309099932434
HfRe3,L12,111,-0.7863235499598602,4,0.35860563040114357
HfRh3,L12,111,-0.6121823941602713,4,1.2840398973021365
HfRu3,L12,111,-0.6367160417566708,2,0.09018995499718585
HfSc3,L12,111,-1.0084736143571433,3,0.07390639069853933
HfSn3,L12,111,-0.10107614115892716,5,1.3915888103001635
HfTc3,L12,111,-0.7590604644601342,2,0.07311385909997625
HfTi3,L12,111,-1.0188369337547272,2,0.07672997989720898
HfTl3,L12,111,-0.2527024619584779,2,1.3136628901011136
HfV3,L12,111,-0.9497764824581907,5,1.2519255663028162
HfW3,L12,111,-0.8350277092567637,4,1.00296575809989
HfY3,L12,111,-0.9774296430577749,5,0.8069718201986689
HfZn3,L12,111,-0.4376459928525662,5,1.0022598947980441
HfZr3,L12,111,-1.0042099986594337,4,0.12588720889834804
Hg3In,L12,111,0.8916720144416388,6,0.5933572866015311
Hg3Ir,L12,111,-0.47069653165723935,1,0.0
Hg3La,L12,111,0.18173585304342055,6,0.8292511407016718
Hg3Mn,L12,111,0.2647281248437423,1,0.0
Hg3Mo,L12,111,-0.37518062855721723,2,1.385892107100517
Hg3Nb,L12,111,-0.19282762136114684,3,1.128496905999782
Hg3Ni,L12,111,0.289998520643195,1,0.0
Hg3Os,L12,111,-0.787379895856219,3,2.193089101499936
Hg3Pb,L12,111,0.6891276161450435,4,0.6533680480970361
Hg3Pd,L12,111,0.5965457805405379,3,0.7278056050017767
Hg3Pt,L12,111,0.009033090941585442,3,1.2428267598006641
Hg3Re,L12,111,-0.8287088178576312,1,0.0
Hg3Rh,L12,111,0.043459845340322545,2,0.38943898559955414
Hg3Ru,L12,111,-0.3705628567613246,2,1.4212670422020892
Hg3Sc,L12,111,0.10244705063908555,4,0.8236719906999497
Hg3Sn,L12,111,0.9812795097432456,1,0.0
Hg3Ta,L12,111,-0.4207137093571589,3,1.8733912600982876
Hg3Tc,L12,111,-0.4845306630586208,4,1.9080320319990278
Hg3Ti,L12,111,0.020140369740175856,6,1.453049938500044
Hg3Tl,L12,111,1.1242690733425036,8,0.3584824989011395
Hg3V,L12,111,-0.12220197115945552,2,1.1182711401015695
Hg3W,L12,111,-0.6456587909551388,2,1.6189869981972151
Hg3Y,L12,111,0.09365246744076217,6,0.9976029386016307
Hg3Zn,L12,111,0.7714689915419797,5,0.9151399283000501
Hg3Zr,L12,111,-0.06475057635813641,5,0.9452267390006455
HgIn3,L12,111,0.6789447081401079,4,0.3843665115018666
HgIr3,L12,111,-0.39809479075753984,3,0.12521835299776285
HgLa3,L12,111,-0.7385569588577425,5,1.3279347165989748
HgMo3,L12,111,-0.8987178580564148,3,1.9231076829019003
HgNb3,L12,111,-1.0770148725559636,3,2.032292408297508
HgPb3,L12,111,0.7374540815408466,4,0.3286650808004197
HgPd3,L12,111,-0.28269022336004923,4,1.4755382424991694
HgPt3,L12,111,-0.30304978075852773,4,1.620681043001241
HgRe3,L12,111,-0.5835288068583111,3,0.6190365334987291
HgRh3,L12,111,-0.4347795456587562,3,0.4238971691011102
HgRu3,L12,111,-0.43243338025692424,3,0.2344347797006776
HgSc3,L12,111,-1.1866740283576007,2,0.016168187899893383
HgSn3,L12,111,0.6001172747428711,4,0.5562576939992141
HgTa3,L12,111,-1.0718248452567138,2,0.016124785699503263
HgTc3,L12,111,-0.5585816822594722,2,0.3011511063996295
HgTi3,L12,111,-1.1292660357566717,3,1.9322443132004992
HgTl3,L12,111,0.7026299047402347,5,0.19877099569930579
HgV3,L12,111,-1.0455620502570753,2,0.0594668058984098
HgW3,L12,111,-1.0320309174594229,3,2.221859561501333
HgY3,L12,111,-1.1136935050571708,2,0.03897146370036353
HgZn3,L12,111,0.4417749122449379,3,0.666586794097384
HgZr3,L12,111,-1.0851435931571984,2,0.04616316029932932
In3Ir,L12,111,-0.19088608906074,5,1.2081250344017462
In3La,L12,111,0.1284522899450451,5,0.6469190861971583
In3Mn,L12,111,0.3228660628419959,2,0.5736686259006092
In3Mo,L12,111,-0.1961359813567185,5,1.3494644997008436
In3Nb,L12,111,-0.17750189775958347,4,1.4324808535020566
In3Ni,L12,111,0.205453431340203,2,0.6077593197005626
In3Os,L12,111,-0.4251898458596486,2,1.205608661599399
In3Pb,L12,111,0.7593290408413225,8,0.16667503240023507
In3Pd,L12,111,0.530727429443715,8,0.4715151861018967
In3Pt,L12,111,0.016432954745170036,4,0.9464258085972688
In3Re,L12,111,-0.4833269675609415,3,1.5065754109018599
In3Rh,L12,111,0.18412923034432538,6,0.804497897199326
In3Ru,L12,111,-0.07591118945762787,2,0.8866912427984062
In3Sc,L12,111,0.25046010784083705,7,0.8877716706992942
In3Sn,L12,111,0.5244443209421945,6,0.3655011312002898
In3Ta,L12,111,-0.41061746955799094,4,1.744939106200036
In3Tc,L12,111,-0.17246806385716695,5,1.2488036041977466
In3Ti,L12,111,0.10266310904356146,5,1.1492160617999616
In3Tl,L12,111,0.6774235917410181,7,0.5675459285012039
In3V,L12,111,-0.06494731465770087,3,0.8957635180995567
In3W,L12,111,-0.48202190955905166,4,1.6976519796990033
In3Y,L12,111,0.18162768784262084,7,0.9096852703005425
In3Zn,L12,111,0.5155840222442123,7,0.40984575470065465
In3Zr,L12,111,0.11530429343932269,5,1.1607445728004677
InIr3,L12,111,-0.4110567973575314,4,0.16280707030091435
InLa3,L12,111,-0.7335825818581441,4,1.2414083664007194
InMo3,L12,111,-0.8618099696568322,2,0.24518273209832842
InNb3,L12,111,-1.0141778006609172,2,0.0016386695024266373
InNi3,L12,111,-0.5471882758565414,3,1.6511311256981571
InOs3,L12,111,-0.48742908365872495,3,0.2229579702980118
InPb3,L12,111,0.7328836574424997,5,0.13346462680055993
InPd3,L12,111,-0.2625199209569189,3,1.4572377705007966
InPt3,L12,111,-0.3557186386596811,3,0.1472255597000185
InRe3,L12,111,-0.5746485078588819,1,0.0
InRh3,L12,111,-0.4134156161553335,3,0.3160844416997861
InRu3,L12,111,-0.47331426676007027,3,0.2602001506020315
InSc3,L12,111,-1.1649932221580173,2,0.005762690801930148
InSn3,L12,111,0.5849059751426751,3,0.2608242435999273
InTa3,L12,111,-1.0621582732592003,2,0.06610937679943163
InTc3,L12,111,-0.5714972935556659,2,0.31368956779988366
InTi3,L12,111,-1.1078865956578454,2,0.006190453699673526
InTl3,L12,111,0.6974265439430667,3,0.2519029914983548
InV3,L12,111,-0.9724932259586865,3,2.1340003976984008
InW3,L12,111,-0.9655457514554371,2,0.381871363697428
InY3,L12,111,-1.1210083331597787,3,1.7191657079019933
InZn3,L12,111,0.48038895444281593,7,0.13787790509377373
InZr3,L12,111,-1.091705890458769,2,0.06279421389990603
Ir3La,L12,111,-0.5874529606580552,7,2.066153029900306
Ir3Mn,L12,111,-0.3018482620563816,6,0.7601649744974566
Ir3Mo,L12,111,-0.3286034469556114,6,0.5974010342979454
Ir3Nb,L12,111,-0.4701523039575193,6,1.0565189861008548
Ir3Ni,L12,111,-0.2619860336626232,5,0.47687569259869633
Ir3Os,L12,111,-0.3043910297592163,8,0.30931547389991465
Ir3Pb,L12,111,-0.4035197882576256,3,0.1475923691978096
Ir3Pd,L12,111,-0.33795014925905775,4,0.518275772301422
Ir3Pt,L12,111,-0.3562847715574833,8,0.25425990549774724
Ir3Re,L12,111,-0.21390841645822434,7,0.26743184800216113
Ir3Rh,L12,111,-0.31745439885614246,8,0.3131849327000964
Ir3Ru,L12,111,-0.25309117655976365,4,0.2685597597992455
Ir3Sc,L12,111,-0.5486239484589248,4,0.21427821919860435
Ir3Sn,L12,111,-0.38975695055611936,3,0.14425516509800218
Ir3Ta,L12,111,-0.4661780812557197,6,0.9625782139992225
Ir3Tc,L12,111,-0.23675386985902946,6,0.31573504759944626
Ir3Ti,L12,111,-0.5300880979584406,6,1.3931346890021814
Ir3Tl,L12,111,-0.4104955625579976,3,0.1815008826997655
Ir3V,L12,111,-0.4171173167587483,6,0.9819812911991903
Ir3W,L12,111,-0.2957284218600478,6,0.3498411157997907
Ir3Y,L12,111,-0.6007035439569961,7,1.8596648856000684
Ir3Zn,L12,111,-0.30749108666256575,4,1.3673766651991173
Ir3Zr,L12,111,-0.5908406417574668,8,1.5311848421988543
IrLa3,L12,111,-0.6590037978594125,3,0.48544265270174947
IrMo3,L12,111,-0.8022590806567393,4,0.7322669114000746
IrNb3,L12,111,-1.0972035424592548,3,0.9852474736981094
IrNi3,L12,111,-0.3343985194651111,4,0.058088549405511
IrOs3,L12,111,-0.26447995705800054,7,0.20958248669921886
IrPb3,L12,111,-0.37695004885515004,2,1.1491068081995763
IrPd3,L12,111,-0.4272943743589792,5,0.6383645073983644
IrPt3,L12,111,-0.4133130292602516,9,0.2748759302048711
IrRe3,L12,111,-0.6276868964586981,4,0.6141784852006822
IrRh3,L12,111,-0.239029285755322,3,0.10025299679909949
IrRu3,L12,111,-0.3956644059571488,5,0.20856654969975352
IrSc3,L12,111,-1.1564397317588089,2,0.03171990199916763
IrSn3,L12,111,-0.16756606915711814,1,0.0
IrTa3,L12,111,-1.11518346435966,3,0.3564503527995839
IrTc3,L12,111,-0.6508402466597261,5,0.3563730724999914
IrTi3,L12,111,-1.058097790558321,4,0.41473754519756767
IrTl3,L12,111,1.0518623019425206,2,0.16946950550118345
IrV3,L12,111,-1.0334248206590644,2,0.05912135740072699
IrW3,L12,111,-0.8566636166605974,4,0.7767892253032187
IrY3,L12,111,-0.08683397495676104,1,0.0
IrZn3,L12,111,-0.39388845495611235,4,1.1204902284007403
IrZr3,L12,111,-1.0892386343575424,2,0.06614992179675028
La3Mn,L12,111,-0.6969091194577857,6,0.6862949110000045
La3Mo,L12,111,-0.6923620972583819,3,0.4431937137997011
La3Nb,L12,111,-0.7849097824573334,5,0.566042635600752
La3Ni,L12,111,-0.06490881055921705,1,0.0
La3Os,L12,111,-0.6581620136593926,3,0.3864608356016106
La3Pb,L12,111,-0.7877530999603266,3,0.5212550107025891
La3Pd,L12,111,-0.6983046553604879,3,0.8452265360028832
La3Pt,L12,111,-0.006656856959097013,1,0.0
La3Re,L12,111,-0.6596744223597568,3,0.33758197920178645
La3Rh,L12,111,-0.6802345276582571,2,0.017154192399175372
La3Ru,L12,111,-0.6836850672579828,3,0.5181014834997768
La3Sc,L12,111,-0.7672402064553978,5,0.7717363433985156
La3Sn,L12,111,-0.7636050377577419,4,1.480933443599497
La3Ta,L12,111,-0.8123674293592273,4,0.33534016930207144
La3Tc,L12,111,-0.674320949757174,3,0.4389703708984598
La3Ti,L12,111,-0.7609894794577201,6,0.586408995797683
La3Tl,L12,111,-0.7536168271608119,3,1.449824709299719
La3V,L12,111,-0.7504468369579342,5,0.5298782982026751
La3W,L12,111,-0.7925120989593495,5,0.4786881069012452
La3Y,L12,111,-0.774886877358739,6,0.9158374920007191
La3Zn,L12,111,-0.6909913237568333,4,0.9618127577996347
La3Zr,L12,111,-0.7775393071596852,6,0.6421907001022191
LaMo3,L12,111,-0.5860508940595253,3,0.25237170760010486
LaNb3,L12,111,-0.7269528002570667,2,0.13391824060090585
LaNi3,L12,111,1.153537365645235,1,0.0
LaOs3,L12,111,-0.7266028618605276,4,2.0469668272999115
LaPb3,L12,111,0.46716245314112825,5,0.34732569550033077
LaPd3,L12,111,-0.4584775318571417,4,1.628108934401098
LaPt3,L12,111,-0.4477235928597736,5,0.25137277760222787
LaRe3,L12,111,-0.8793428085582207,5,0.9188729218985827
LaRh3,L12,111,-0.7599132691566126,4,0.5005924545002927
LaRu3,L12,111,-0.6323063009612895,3,0.3709170129004633
LaSc3,L12,111,-0.905740980158015,5,0.4309269580007822
LaSn3,L12,111,0.4416808969445185,5,0.44771991939705913
LaTa3,L12,111,-0.7127434237581554,2,0.06474540620183689
LaTc3,L12,111,-0.7991037845594917,3,0.5385896145999141
LaTi3,L12,111,-0.9534132838552694,4,0.2250208654004382
LaTl3,L12,111,0.24536300754064655,5,0.9594373399995675
LaV3,L12,111,-0.6446462553567187,3,0.33464900020044297
LaW3,L12,111,-0.6718834900557056,3,0.37364944399814704
LaY3,L12,111,-0.9223803332579052,4,1.428076963100466
LaZn3,L12,111,-0.014136994162043948,5,0.4892640832986217
LaZr3,L12,111,-0.9346391976605162,5,0.18579810449955403
Mn3Mo,L12,111,-0.5378897378568297,2,0.07957846759745735
Mn3Ni,L12,111,-0.6458247804611972,3,0.3848099210008513
Mn3Os,L12,111,-0.6139260995614393,3,0.20364020069973776
Mn3Re,L12,111,-0.6520610853612823,3,0.19713531940215034
Mn3Tc,L12,111,-0.5977541020538126,3,0.16169521309348056
Mn3V,L12,111,-0.457629080857231,1,0.0
Mn3W,L12,111,-0.5946405754575323,2,0.24755447620191262
MnMo3,L12,111,-0.8090834235581212,4,1.054104519997054
MnNb3,L12,111,-0.9277822010580792,4,1.1611843087011948
MnNi3,L12,111,-0.4143813481559562,2,0.05775330499454867
MnOs3,L12,111,-0.36029123965178655,5,0.787055264096125
MnPb3,L12,111,0.09736110694305466,3,0.938312870599475
MnPd3,L12,111,-0.3235214490550504,5,0.8711032014980447
MnPt3,L12,111,-0.3015768285613092,3,0.13163588580209762
MnRh3,L12,111,-0.3174666439581131,3,0.0651160251982219
MnRu3,L12,111,-0.3961298566564153,3,0.11519476769899484
MnSn3,L12,111,0.2053766951439968,3,0.8311487266000768
MnTa3,L12,111,-0.9561711576597816,3,0.11085713699867483
MnTc3,L12,111,-0.5818177550563348,3,0.10813776729992242
MnTi3,L12,111,-1.0072485578557178,3,0.20228983589913696
MnTl3,L12,111,0.1456128770414864,2,0.8833081873999618
MnW3,L12,111,-0.856705930457764,4,1.1127781141003652
MnY3,L12,111,-1.0687000260577122,2,0.010512437900615623
MnZn3,L12,111,0.010720468942082562,5,0.7872877854024409
MnZr3,L12,111,-0.9771543998567438,3,0.44461618889909005
Mo3Nb,L12,111,-0.8220423008596924,3,0.9493362022003566
Mo3Ni,L12,111,-0.9021245872599764,4,1.0524832656992658
Mo3Os,L12,111,-0.8011363389586847,4,0.6668099276030262
Mo3Pb,L12,111,-0.7173124871578409,2,0.2970937529025832
Mo3Pd,L12,111,-0.9337080241557203,4,1.2279673032971914
Mo3Pt,L12,111,-0.8804545295560899,4,0.9343861318993731
Mo3Re,L12,111,-0.8338876883599085,5,1.035664045401063
Mo3Rh,L12,111,-0.8254814116580462,4,0.9613275787996827
Mo3Ru,L12,111,-0.7930961913579893,5,0.8549321564023558
Mo3Sc,L12,111,-1.0760185276548953,4,0.5687361543969018
Mo3Sn,L12,111,-0.7794485938565856,2,0.2818926576001104
Mo3Ta,L12,111,-0.8588636570557071,5,0.840477333196759
Mo3Tc,L12,111,-0.8043939497574399,5,0.8934549043005973
Mo3Ti,L12,111,-1.1454253800575032,5,1.4925804601989512
Mo3Tl,L12,111,-0.809946568656386,3,2.3403954789973795
Mo3V,L12,111,0.200890082241159,1,0.0
Mo3W,L12,111,-1.1134760859594905,4,1.2520956373991794
Mo3Zn,L12,111,-0.9450295925625767,3,1.8494995290020597
Mo3Zr,L12,111,-0.523143072557076,2,0.7698987586991279
MoNb3,L12,111,-1.2987431604587698,1,0.0
MoNi3,L12,111,-0.43470716346106997,2,0.13385279729845934
MoOs3,L12,111,-0.4940402253587024,6,0.8639223893987946
MoPb3,L12,111,0.9176339876439954,3,0.2043338188996131
MoPd3,L12,111,-0.27561363076071643,5,0.3283468437002739
MoPt3,L12,111,-0.1194836898566507,5,0.2229332079004962
MoRe3,L12,111,-0.6747238142588401,7,1.0886805288027972
MoRh3,L12,111,-0.4604838270560947,4,0.2391877919981198
MoRu3,L12,111,-0.5634327917568669,2,0.07218391009882907
MoSc3,L12,111,-1.0382367456613508,4,0.2331295856020006
MoSn3,L12,111,0.8263202025418934,2,0.11202600199976587
MoTa3,L12,111,-1.2211973831572038,2,0.04800305809840211
MoTc3,L12,111,-0.6309865488574076,7,0.9530361341021489
MoTi3,L12,111,-1.069648614858096,3,0.20784816920058802
MoTl3,L12,111,0.9584482062428208,3,0.34820816069986904
MoV3,L12,111,-1.2635298609556855,1,0.0
MoW3,L12,111,-0.8657768452567041,6,1.017943039900274
MoY3,L12,111,-1.0205652648573675,4,0.8861248377979791
MoZn3,L12,111,-0.46668407705780623,4,1.2421618497028248
MoZr3,L12,111,-1.0432210548596856,2,0.094706500400207
Nb3Ni,L12,111,-0.9947773084595326,3,1.0761204342998099
Nb3Os,L12,111,-0.9712537474578937,3,0.7965665951996925
Nb3Pb,L12,111,-1.0178737869564145,2,0.058182700697216205
Nb3Pd,L12,111,-1.0093088677558342,4,1.2793702877970645
Nb3Pt,L12,111,-1.002887797457305,5,0.48938599029861507
Nb3Re,L12,111,-1.262723451559367,2,1.136038949200156
Nb3Rh,L12,111,-1.0693680654576099,3,1.1312187246985559
Nb3Ru,L12,111,-0.020986643757140655,1,0.0
Nb3Sc,L12,111,-0.9336950987589887,5,1.6905945712023822
Nb3Sn,L12,111,-1.0363595684602558,2,0.08769902490166714
Nb3Ta,L12,111,-1.139370438958366,2,0.39182447149869404
Nb3Tc,L12,111,-0.9847930435562091,3,0.970240939699579
Nb3Ti,L12,111,-1.051363109057064,3,1.3898921805011923
Nb3Tl,L12,111,-1.0260240045599573,3,2.4315530707026483
Nb3V,L12,111,-1.1575975762598034,3,1.3638794581020193
Nb3W,L12,111,-1.230589664358348,4,1.2007571440008178
Nb3Y,L12,111,-0.8540211191602509,3,1.7037644728006853
Nb3Zn,L12,111,-1.0538035620620292,2,0.07908961510111112
Nb3Zr,L12,111,-0.9884188243549659,2,1.3375468658996397
NbNi3,L12,111,-0.369979988957283,2,0.6026864375016885
NbOs3,L12,111,-0.5753770926594086,6,1.2109414125989133
NbPb3,L12,111,-0.1997786332567273,5,1.3876952694990905
NbPd3,L12,111,-0.21335711375556343,5,0.28074379290046636
NbPt3,L12,111,-0.13232106845950398,5,0.3329774049016123
NbRe3,L12,111,-0.7754637587595141,6,1.1868050512021
NbRh3,L12,111,-0.5750346374579465,4,0.26378252929862356
NbRu3,L12,111,-0.6157123908551227,3,0.13222732519716374
NbSc3,L12,111,-0.9757647145588351,3,0.017159634702693438
NbSn3,L12,111,-0.022608034057128634,3,0.9134031616995344
NbTa3,L12,111,-1.0850588297571164,2,0.010908771699178033
NbTc3,L12,111,-0.7178890964596292,4,0.10536696820054203
NbTi3,L12,111,-0.988968902557616,5,0.2816590478978469
NbTl3,L12,111,-0.3399597099587197,3,1.6636919004995434
NbV3,L12,111,-1.0922720233602092,3,0.2804399779015512
NbW3,L12,111,-1.261291996760491,5,1.405450969501544
NbY3,L12,111,-0.9829120566582503,6,0.8301504770006431
NbZn3,L12,111,-0.4821281699614417,7,1.445162582800549
NbZr3,L12,111,-1.046353901455376,4,1.2277731500980735
Ni3Os,L12,111,-0.4447194561571166,2,0.08936599419394042
Ni3Pb,L12,111,-0.4663587649619956,1,0.0
Ni3Pd,L12,111,-0.37625398155702783,3,0.2750100823031971
Ni3Pt,L12,111,-0.3387032243544752,3,0.22525052949640667
Ni3Re,L12,111,-0.47449456046066985,4,0.7441872662020614
Ni3Rh,L12,111,-0.323434508557483,5,0.3718517239030916
Ni3Ru,L12,111,-0.34792801945783935,1,0.0
Ni3Sc,L12,111,-0.6414939526575552,4,1.7051195996973547
Ni3Sn,L12,111,-0.5179895085593387,3,1.4383519816983608
Ni3Ta,L12,111,-0.4861841628580521,3,0.5488259931007633
Ni3Tc,L12,111,-0.40934778635616453,2,0.07259480199718382
Ni3Ti,L12,111,-0.48734785766188793,2,0.059100132501043845
Ni3Tl,L12,111,-0.47276922275975153,3,1.8293205191002926
Ni3V,L12,111,-0.3814804720595646,3,0.5216781476992765
Ni3Y,L12,111,-0.40830341345915144,3,1.4579224089029594
Ni3Zn,L12,111,-0.5048955266601922,3,1.4802737036006874
Ni3Zr,L12,111,-0.47593921285348983,4,1.1824089159999858
NiOs3,L12,111,-0.17354481835988622,4,0.4591312853008276
NiPb3,L12,111,0.03459260774346262,2,0.7129649243943277
NiPd3,L12,111,-0.2528377025582529,2,0.1969460643013008
NiPt3,L12,111,-0.24806523395724867,4,0.4966914304968668
NiRe3,L12,111,-0.5993545396549678,3,0.10880417419684818
NiRh3,L12,111,-0.34607941406190434,5,0.4999641436006641
NiSn3,L12,111,0.1846612129457128,1,0.0
NiTa3,L12,111,-1.0005866668570604,2,1.1318732945001102
NiTi3,L12,111,-1.049743079357512,3,0.3335036729986314
NiTl3,L12,111,0.8748961962419628,1,0.0
NiV3,L12,111,-1.0122951810580787,3,0.2975017876015045
NiW3,L12,111,-0.8927591092569571,4,1.0770522882012301
NiZn3,L12,111,0.10430966984952761,2,0.4062854172952939
NiZr3,L12,111,-0.9371754347584726,1,0.0
Os3Pb,L12,111,-0.36583324615909874,2,0.24115544719825266
Os3Pd,L12,111,-0.29171134125769527,6,0.6279399623017525
Os3Pt,L12,111,-0.2725388804601323,5,0.3577317367962678
Os3Re,L12,111,-0.37543886465843457,3,0.09942236930146464
Os3Rh,L12,111,-0.19669313446044612,3,0.1368942136032274
Os3Ru,L12,111,-0.3224339460566341,5,0.5229027960995154
Os3Sc,L12,111,-0.5398432430547189,3,0.1794662875981885
Os3Sn,L12,111,-0.41129530515806323,3,0.11725426130215055
Os3Ta,L12,111,-0.5704625806565389,4,1.1120540190968313
Os3Tc,L12,111,-0.4098113322570214,5,0.6429448634989967
Os3Ti,L12,111,-0.5682607715561687,3,0.13648495440065744
Os3V,L12,111,-0.517219154359708,6,1.1207623422014876
Os3W,L12,111,-0.4705925841544456,4,0.1277921417968173
Os3Y,L12,111,-0.6374130613575915,7,1.70385644720227
Os3Zn,L12,111,-0.31975729825987287,4,1.420684446406085
Os3Zr,L12,111,-0.6356328925566856,4,1.476629146898631
OsPb3,L12,111,-0.5384339654583243,1,0.0
OsPd3,L12,111,-0.42750635106037294,5,0.7136019429017324
OsPt3,L12,111,-0.2164556741617787,3,0.17403788870433345
OsRe3,L12,111,-0.5212702491580501,4,0.23087947630119743
OsRh3,L12,111,-0.3162123352585411,8,0.324119555298239
OsRu3,L12,111,-0.4004157856570316,4,0.2640011726980447
OsSc3,L12,111,-1.1284099655594844,2,0.0018831638008123264
OsSn3,L12,111,-0.3469573893553104,3,1.5642547009992995
OsTa3,L12,111,-1.04215300805933,5,0.8691469750992837
OsTc3,L12,111,-0.5683892093574912,3,0.20980058599889162
OsTi3,L12,111,-1.0860901411606108,2,0.015800017899891827
OsTl3,L12,111,1.019189321244113,1,0.0
OsV3,L12,111,-1.1901901473601981,1,0.0
OsW3,L12,111,-0.8617310566578169,5,0.7191110236999521
OsY3,L12,111,-1.0267817055564308,2,0.8870916583000508
OsZn3,L12,111,-0.6151028558515179,3,1.525448546395637
OsZr3,L12,111,-0.9961365170592842,3,0.18338785620289855
Pb3Pd,L12,111,0.37743169034459356,3,0.5704338725990965
Pb3Pt,L12,111,-0.09846371216096372,2,0.9538659452009597
Pb3Re,L12,111,-0.5563624579581017,3,1.7068064333980146
Pb3Rh,L12,111,-0.015388037557357848,5,1.1559995876996254
Pb3Ru,L12,111,0.8688117308420544,2,0.2489664749991789
Pb3Sc,L12,111,0.2283633756424308,3,0.7029629721000674
Pb3Sn,L12,111,0.5312258060412489,3,0.22261048089785618
Pb3Ta,L12,111,-0.4237616564559801,4,1.5783659804001218
Pb3Tc,L12,111,-0.26922725505843914,3,1.4218594339981792
Pb3Ti,L12,111,-0.033616127256181016,4,1.2585560281986545
Pb3Tl,L12,111,0.6826507625419538,7,0.5832407743982913
Pb3V,L12,111,-0.12513154865789033,4,1.2896455784029968
Pb3W,L12,111,-0.4990932433601927,2,1.3385985859022185
Pb3Y,L12,111,0.3865192040402974,6,0.516628259101708
Pb3Zn,L12,111,0.42248095264315566,2,0.3750364082006854
Pb3Zr,L12,111,-0.07981302975801441,4,1.3143314738008485
PbPd3,L12,111,-0.31462142166034823,3,1.565367646602681
PbPt3,L12,111,-0.3692775270601203,3,0.2033514880022267
PbRh3,L12,111,-0.4634393915575572,2,0.0663189043989405
PbRu3,L12,111,-0.4525665388564164,3,0.5250893667980563
PbSc3,L12,111,-1.1693530301590442,2,0.01576818060129881
PbSn3,L12,111,0.5401982156409133,4,0.20334087549781543
PbTa3,L12,111,-1.0422403565598586,2,0.10256133850270999
PbTc3,L12,111,-0.5291438630583514,2,0.22943931379995774
PbTi3,L12,111,-1.1063676562580156,2,0.0005597382005362306
PbTl3,L12,111,0.6637309594416649,5,0.2536949972018192
PbV3,L12,111,-0.9390292102570754,2,0.013450859099975787
PbW3,L12,111,-0.7618633730589579,2,0.39557134300048347
PbY3,L12,111,-1.103241068255528,3,2.2812209233998146
PbZn3,L12,111,0.5020718014430088,5,0.1421479155033012
PbZr3,L12,111,-1.0787992590585134,2,0.04182430519722402
Pd3Pt,L12,111,-0.3042111625536279,8,0.47671446519962046
Pd3Re,L12,111,-0.4208409225566072,6,0.7776472001969523
Pd3Rh,L12,111,-0.3009608988604384,8,0.47627187209945987
Pd3Ru,L12,111,-0.29293789445998186,8,0.5206709184021747
Pd3Sc,L12,111,-0.46196208546004414,4,1.3745992467011092
Pd3Sn,L12,111,-0.25721424545824334,3,1.203326034697966
Pd3Ta,L12,111,-0.2494644433563451,4,0.5870771713998693
Pd3Tc,L12,111,-0.3018165607563503,2,0.049497371197503526
Pd3Ti,L12,111,-0.284559373259043,3,0.1764515384020342
Pd3Tl,L12,111,-0.2901782518592597,3,1.797891098598484
Pd3V,L12,111,-0.2213671927592884,5,0.4637057910003932
Pd3W,L12,111,-0.36182636985810746,3,0.73655896299897
Pd3Y,L12,111,-0.49909079425466985,5,1.559333522196539
Pd3Zn,L12,111,-0.201806289557652,3,1.0915151386943762
Pd3Zr,L12,111,-0.2776876824600265,4,0.8252992314010044
PdPt3,L12,111,-0.2856422502581779,6,0.08145836599578615
PdRe3,L12,111,-0.7395368407587455,3,0.26956277140197926
PdRh3,L12,111,-0.3802535108579548,6,0.2539543216007587
PdRu3,L12,111,-0.41565320825517915,4,0.3737748884996108
PdSc3,L12,111,-1.1533185860562014,4,1.3312872952010366
PdSn3,L12,111,0.5187282976449126,3,0.4326776023990533
PdTa3,L12,111,-1.0053599517586633,4,0.3939866881009948
PdTc3,L12,111,-0.7132511882582264,4,1.0403865810985735
PdTi3,L12,111,-1.0612775767576466,3,0.4612167656996462
PdTl3,L12,111,0.2143964526449338,3,0.806495348799217
PdV3,L12,111,-0.998508397357881,1,0.0
PdW3,L12,111,-0.9522086358583408,3,1.26421409120303
PdY3,L12,111,-1.053809140360471,3,1.273215208802867
PdZn3,L12,111,0.3282978632423976,6,0.20355162769556046
PdZr3,L12,111,-1.0015606983606347,3,0.2601515783026116
Pt3Re,L12,111,-0.3615346638534618,6,0.45478481100144563
Pt3Rh,L12,111,-0.3090545167642347,7,0.23765701570664532
Pt3Ru,L12,111,-0.249490838358696,6,0.1591033288059407
Pt3Sc,L12,111,-0.4234631475582944,2,0.20287800989899551
Pt3Sn,L12,111,-0.34376835125564753,3,0.19944665439834353
Pt3Ta,L12,111,-0.08935334085887803,5,0.16782852289907169
Pt3Tc,L12,111,-0.15994456875975516,5,0.18926986899896292
Pt3Ti,L12,111,-0.2928098648580715,7,1.0018156689002353
Pt3Tl,L12,111,-0.3653801765567266,3,0.16638672780027264
Pt3V,L12,111,-0.21010004725664544,5,0.571848864597996
Pt3W,L12,111,-0.2932981730582185,6,0.44330432809874765
Pt3Y,L12,111,-0.4619318808572359,5,1.7951989402972686
Pt3Zn,L12,111,-0.25813086095783433,3,0.20355951899546199
Pt3Zr,L12,111,-0.3094801027609435,3,0.17005659099959303
PtRe3,L12,111,-0.7218894419556534,5,0.8130845853993378
PtRh3,L12,111,-0.33702332955996894,5,0.16540902280030423
PtRu3,L12,111,-0.40231364365806144,5,0.3465856818984321
PtSc3,L12,111,-1.1554723671569889,2,0.0206518076993234
PtSn3,L12,111,0.036444206442894256,1,0.0
PtTa3,L12,111,-1.0345770866578903,3,0.4886469291013782
PtTc3,L12,111,-0.6978469598606978,4,0.7309306964016287
PtTi3,L12,111,-1.0652673099602623,4,0.5524339504008822
PtTl3,L12,111,-0.19704212045959935,4,1.2787532697002462
PtV3,L12,111,-0.9926591743560209,3,0.46007756119797705
PtW3,L12,111,-0.9265522465566107,3,0.9719251882997924
PtY3,L12,111,-1.0487181625603341,2,0.0007265439016919117
PtZn3,L12,111,0.006289775338728987,4,0.6582067764029489
PtZr3,L12,111,-1.0155865339574746,3,0.52664721849942
Re3Rh,L12,111,-0.6814451621566775,4,0.3971339566996903
Re3Ru,L12,111,-0.5605346432557496,6,0.16387348429998383
Re3Sc,L12,111,-0.7149197902571984,4,0.45599816649701097
Re3Sn,L12,111,-0.5122298110572672,3,0.37804612340187305
Re3Ta,L12,111,-0.7878199039577964,6,0.23104655419956543
Re3Tc,L12,111,-0.572267239657748,5,0.18824644880078267
Re3Ti,L12,111,-0.7055775778598843,4,0.20285556050293962
Re3V,L12,111,-0.7371728517564122,5,0.24937301299723913
Re3W,L12,111,-0.6836473794564597,7,0.9569473622977966
Re3Y,L12,111,-0.8714957257570575,6,0.7738616886017553
Re3Zn,L12,111,-0.5701920995624903,4,1.7855390351978713
Re3Zr,L12,111,-0.7998625740574141,5,0.4380762049004261
ReRh3,L12,111,-0.3642356657573771,6,0.2592868004976481
ReRu3,L12,111,-0.5005157184595816,6,0.2654723562009167
ReSc3,L12,111,-1.0850823674581704,4,0.3409504763985751
ReSn3,L12,111,-0.3791687289585468,1,0.0
ReTa3,L12,111,-1.2392022035555499,2,0.24872660670007463
ReTc3,L12,111,-0.5755810419568377,5,0.7795794806006597
ReTi3,L12,111,-1.0734563038558633,2,0.011252043299464276
ReTl3,L12,111,1.017162889443199,1,0.0
ReV3,L12,111,-0.9895086402566164,2,0.04299208169686608
ReW3,L12,111,-0.8951361596582217,7,0.9078305423026904
ReY3,L12,111,-1.0451444915588297,5,0.8440614805986115
ReZn3,L12,111,-0.6999991082620625,2,1.6770075191016076
ReZr3,L12,111,-1.0470733705578539,3,0.21647499420214444
Rh3Ru,L12,111,-0.32464663975676444,5,0.1349928181989526
Rh3Sc,L12,111,-0.5802850739555367,2,0.2312047883970081
Rh3Sn,L12,111,-0.41894442515965125,3,1.5971838769000897
Rh3Ta,L12,111,-0.5723122744593354,2,0.23214017970167333
Rh3Tc,L12,111,-0.3736218244584677,2,0.07615350679770927
Rh3Ti,L12,111,-0.5688507143558752,2,0.20741877349792048
Rh3Tl,L12,111,-0.4318929621576615,3,0.4930012948025251
Rh3V,L12,111,-0.5000236005571139,4,0.24856823639856884
Rh3W,L12,111,-0.4515633912587589,4,0.22650755930226296
Rh3Y,L12,111,-0.7391056764563189,4,0.3921695118988282
Rh3Zn,L12,111,-0.38352323065825544,3,0.18002466519828886
Rh3Zr,L12,111,-0.6362350805565882,2,0.2590929193975171
RhRu3,L12,111,-0.4370311516604204,6,0.27349277550092665
RhSc3,L12,111,-1.1447542111590963,2,0.024850524197972845
RhSn3,L12,111,0.2044779031430437,2,0.7731321514002047
RhTa3,L12,111,-1.040919379959604,3,0.2933369494021463
RhTc3,L12,111,-0.6999317599574795,4,0.8714165404999221
RhTi3,L12,111,-1.0930215608559308,1,0.0
RhTl3,L12,111,-0.24139735645709948,2,1.3736125620016537
RhV3,L12,111,-0.9435150068593146,2,0.1647736369013728
RhW3,L12,111,-0.8720130141582274,5,1.0325265728970408
RhY3,L12,111,0.05674838864163689,1,0.0
RhZn3,L12,111,-0.04668167326505568,2,0.5149248265006463
RhZr3,L12,111,-1.0970574172597196,2,0.05033003949938575
Ru3Sc,L12,111,-0.5850383584574672,3,0.10821082989787101
Ru3Sn,L12,111,-0.4543506533582047,4,1.602138117497816
Ru3Ta,L12,111,-0.6129169654586519,3,1.0026431670994498
Ru3Tc,L12,111,-0.49692068645796894,2,0.04648071719930158
Ru3Ti,L12,111,-0.5643566181560971,2,0.045051031000184594
Ru3Tl,L12,111,-0.44957927315678603,3,0.43194670460070483
Ru3V,L12,111,-0.5495107675587576,4,0.13007871439913288
Ru3W,L12,111,-0.5661823660584275,4,0.09854384980280884
Ru3Y,L12,111,-0.7423026057576578,4,0.37693236139966757
Ru3Zn,L12,111,-0.46108043676119337,3,1.4301844848014298
Ru3Zr,L12,111,-0.6428056773611104,2,0.11480278770250152
RuSc3,L12,111,-1.1367449485578334,3,0.468873232799524
RuSn3,L12,111,0.007796061444452107,1,0.0
RuTa3,L12,111,-1.215406392558151,2,0.2892028598980687
RuTc3,L12,111,-0.5923674725590615,6,0.7259059783027624
RuTi3,L12,111,-1.1279100925557657,2,0.05928571420008666
RuTl3,L12,111,0.9946807080423525,2,0.13439280720194802
RuV3,L12,111,-1.2229813614603415,1,0.0
RuW3,L12,111,-0.8381323921593946,6,0.9256304609007202
RuY3,L12,111,-1.0649362834583087,3,1.05035084570045
RuZn3,L12,111,-0.3565236874628397,1,0.0
RuZr3,L12,111,-1.1136160885571087,2,1.1221101219998673
Sc3Sn,L12,111,-1.165852421657263,2,0.022228843499760842
Sc3Ta,L12,111,-0.9746324488578182,3,0.15152060449690907
Sc3Tc,L12,111,-1.1049913043561617,3,0.3997768623994489
Sc3Ti,L12,111,-0.9985587384571488,3,0.020787728499271907
Sc3Tl,L12,111,-1.17476741526022,2,0.000958112799708033
Sc3V,L12,111,-1.0342736797565237,3,0.25653736230015056
Sc3W,L12,111,-1.0241894129567015,3,0.07149723080146941
Sc3Y,L12,111,-0.9760543797592334,2,0.047496110000793124
Sc3Zn,L12,111,-1.1591781494598479,2,0.00434048780152807
Sc3Zr,L12,111,-0.9531988581574922,3,0.3217601922005997
ScSn3,L12,111,0.45445514504265816,7,0.85655545139889
ScTa3,L12,111,-0.9972176253567966,3,0.21439618049771525
ScTc3,L12,111,-0.7089591366556931,6,1.4905932126966945
ScTi3,L12,111,-0.9967290449594373,4,0.07973207579925656
ScTl3,L12,111,0.18612681804100362,3,0.01872823489975417
ScV3,L12,111,-0.8885676036579468,5,1.7027086710986623
ScW3,L12,111,-0.9024424162589355,5,0.43432062580177444
ScY3,L12,111,-0.9855922418564376,4,1.0572277065984963
ScZn3,L12,111,-0.1618719510579183,3,0.024167926603695378
ScZr3,L12,111,-0.9633340101581496,2,0.233547008199821
Sn3Ta,L12,111,0.8111170663405858,2,0.21134782520312
Sn3Tc,L12,111,-0.07609296145798794,2,1.0140315393982746
Sn3Ti,L12,111,0.11813550194077038,4,1.0382530725000834
Sn3Tl,L12,111,0.591697392240377,3,0.2668963278993033
Sn3V,L12,111,0.026807566941926098,3,0.8862338194012409
Sn3W,L12,111,-0.33427470765579415,2,1.2289801111000997
Sn3Y,L12,111,0.530346470143769,3,0.268751872197754
Sn3Zn,L12,111,0.46748994213797346,6,0.5922686952035292
Sn3Zr,L12,111,0.08232967454117102,6,1.176128800801962
SnTa3,L12,111,-1.0599544232599953,2,0.10997616849999758
SnTc3,L12,111,-0.545730834160139,3,0.6985984021994227
SnTi3,L12,111,-1.1064120107575661,2,0.021291003100486705
SnTl3,L12,111,0.41378800394252835,4,0.8293512785967323
SnV3,L12,111,-0.9846270541592901,2,0.06439492360004806
SnW3,L12,111,-0.7992616106557477,2,0.35369111850013724
SnY3,L12,111,-1.0993150097592377,4,2.0286509809011477
SnZn3,L12,111,0.4848559751417554,3,0.13817695830221055
SnZr3,L12,111,-1.0477011371576452,2,0.019994108501123264
Ta3Tc,L12,111,-1.2990371793593738,2,0.098396908302675
Ta3Ti,L12,111,-1.0443250206580785,2,0.05162462110092747
Ta3Tl,L12,111,-1.0621950086560616,2,0.06253502549952827
Ta3V,L12,111,-1.0705701283577298,4,0.13824879629828501
Ta3W,L12,111,-1.116336410656885,6,1.076696227199136
Ta3Y,L12,111,-0.8906755335546848,4,0.32179638329762383
Ta3Zn,L12,111,-1.0691352721541705,2,0.057357243400474545
Ta3Zr,L12,111,-0.9932436749613487,2,0.002669845001946669
TaTc3,L12,111,-0.7294629143570717,5,0.23228072649726528
TaTi3,L12,111,-1.0164245085570371,4,0.08692050720128464
TaTl3,L12,111,-0.5776027117599085,2,1.6604024524021952
TaV3,L12,111,-1.0230262624563409,2,1.0615468334981415
TaW3,L12,111,-1.2757767524553572,2,0.449046474397619
TaY3,L12,111,-0.9736778735595806,6,0.7057793504027359
TaZn3,L12,111,-0.5540522114524435,3,0.0322325644956436
TaZr3,L12,111,-1.0422859356576453,3,0.15043282950136927
Tc3Ti,L12,111,-0.6821642230597433,4,0.15541849930013996
Tc3Tl,L12,111,-0.4993483500611262,1,0.0
Tc3V,L12,111,-0.6702192418551647,3,0.22779778709809761
Tc3W,L12,111,-0.6502311197573079,3,0.215016736099642
Tc3Y,L12,111,-0.8840906507566331,1,0.0
Tc3Zn,L12,111,-0.596463874257978,3,0.34469571520457976
Tc3Zr,L12,111,-0.7508023537584165,2,0.12656164299914963
TcTi3,L12,111,-1.0850385572548191,3,0.2547763775983185
TcTl3,L12,111,0.9519849583421376,2,0.3027322238012857
TcV3,L12,111,-1.3200698103564434,2,1.3364514715976838
TcW3,L12,111,-0.898258257758215,4,1.0169812534986704
TcY3,L12,111,-1.0469589465564866,6,0.9638129304985341
TcZn3,L12,111,-0.4258483613584474,5,1.2721128755947575
TcZr3,L12,111,-1.0243955392570285,3,0.19604142180105555
Ti3Tl,L12,111,-1.1234777662566273,2,0.008248042599007022
Ti3V,L12,111,-1.0513364419593643,4,0.14007250319991726
Ti3W,L12,111,-1.050459691158693,3,0.12552992329801782
Ti3Y,L12,111,-0.9596637387575981,4,1.7585469750010816
Ti3Zn,L12,111,-1.1052043695590044,3,1.5988704385017627
Ti3Zr,L12,111,-1.0112610123605634,4,0.16605964690097608
TiTl3,L12,111,-0.08804896315538713,2,1.1414242180981091
TiV3,L12,111,-0.9814601932584708,2,1.3811135159994592
TiW3,L12,111,-1.053664647958584,2,1.446951459201955
TiY3,L12,111,-0.9883833135581597,5,0.8670629913012817
TiZn3,L12,111,-0.33853628245466894,6,1.3034828392992495
TiZr3,L12,111,-1.0206670353572633,5,0.3702642117968935
Tl3V,L12,111,1.0113510821402372,1,0.0
Tl3W,L12,111,-0.6467354093610709,3,2.0290708525026275
Tl3Y,L12,111,0.22982762024278713,3,0.03134560940088704
Tl3Zn,L12,111,0.5056718674468641,3,0.4088363484988804
Tl3Zr,L12,111,-0.08564089185799162,2,1.1272347060003085
TlV3,L12,111,-0.9759675753584531,3,2.3381212876010977
TlW3,L12,111,-0.9351109070584869,2,0.3827822647035646
TlY3,L12,111,-1.1113915579580578,2,0.06674476260013762
TlZn3,L12,111,0.4346851222444741,4,0.8971417747015948
TlZr3,L12,111,-1.1165911091584064,2,0.0815432656017947
V3W,L12,111,-1.1904229406599995,2,1.1537343760028307
V3Y,L12,111,-0.8013340295574096,3,1.6636415594002756
V3Zn,L12,111,-1.065601193556148,2,0.01616220139840152
V3Zr,L12,111,-0.9417665394566654,5,1.3492972857020504
VW3,L12,111,-1.30115925916013,5,1.5318112483000732
VY3,L12,111,-1.0060386036556963,4,0.8503293508001661
VZn3,L12,111,-0.38612082945380166,3,0.044264349999139085
VZr3,L12,111,-1.0211528946556143,3,0.12755213729906245
W3Y,L12,111,-0.7973097380590559,4,0.4432167075028701
W3Zn,L12,111,-0.9919399774580313,3,2.0604620409940253
W3Zr,L12,111,-0.8004512923571099,3,1.0952360233022773
WY3,L12,111,-1.0048136832583339,4,0.7587974665002548
WZn3,L12,111,-0.5749425268577113,5,1.3981166851954185
WZr3,L12,111,-1.0317967635591856,2,0.09285027590158279
Y3Zn,L12,111,-1.0800679897610905,4,1.354007712303428
Y3Zr,L12,111,-0.9510718803585121,4,0.8694460282004002
YZn3,L12,111,-0.15022670326194998,5,0.7930269382995903
YZr3,L12,111,-0.9724526809577299,2,0.09707919699940248
Zn3Zr,L12,111,-0.37063850436149437,5,1.1697473231033655
ZnZr3,L12,111,-1.0478193706576064,2,0.049651659799565095
