model,protocol,MAE
v2 (36feat),GroupKFold OOF,0.1198
v3 (84feat) XGB,GroupKFold OOF 10种子,0.11374
q50-XGB,GroupKFold OOF 10种子,0.10628447428213686
三族平均,GroupKFold OOF 10种子,0.11413399293520385
单调Top3,GroupKFold OOF 10种子,0.11497099331659973
单调Top6,GroupKFold OOF 10种子,0.11597187138639098
MLP-M1_64_32_relu,GroupKFold OOF 10种子,0.1468563714356301
MLP-M2_64_32_relu_bn,GroupKFold OOF 10种子,0.15619509435543147
MLP-M3_32_16_tanh,GroupKFold OOF 10种子,0.16100083109466923
v3 保留（无胜者，三层体系演示）,lockbox 一次性,0.11029714201094626
