held_out_element,n_test,MAE
Ag,104,0.1343963614291561
Al,106,0.20385621690299455
Au,101,0.2100497472231171
Bi,51,0.26193846602163706
Cd,101,0.10061458355278628
Co,82,0.13144070871132316
Cr,91,0.17676861660170806
Cu,107,0.14457211194088326
Fe,82,0.28260059227985734
Ga,102,0.15003494580042406
Hf,104,0.08710866341749415
Hg,90,0.15682845788434938
In,103,0.14396953343831273
Ir,104,0.11761223838031426
La,105,0.19222340648249445
Mn,64,0.48034312633853027
Mo,103,0.1600292596632711
Nb,105,0.17173071807159557
Ni,93,0.1470347732012082
Os,98,0.16434855174952298
Pb,102,0.21333939539159902
Pd,106,0.1273744368915358
Pt,105,0.12372673025075079
Re,99,0.1581744153005258
Rh,106,0.11949706547440542
Ru,102,0.10292379806247319
Sc,102,0.0862381317715584
Sn,104,0.153421345386599
Ta,102,0.20494117448718532
Tc,99,0.09027454594265226
Ti,105,0.08405174342766458
Tl,96,0.22182054154759534
V,101,0.1249335588591511
W,105,0.1444374893262358
Y,99,0.136639763370787
Zn,104,0.1132153630498727
Zr,105,0.05530406765136361
