config_id,max_depth,min_child_weight,gamma,subsample,colsample_bytree,colsample_bylevel,reg_alpha,reg_lambda,learning_rate,mean_MAE,std_MAE,mean_best_iter,cummax_best_MAE,is_best_so_far,rank
1,3,9.33869,0.429299,0.848684,0.547089,0.987811,1.108049,1.393982,0.034342,0.153735557652889,0.008383762462625533,333.8,0.153735557652889,True,143
2,10,9.557333,0.185399,0.963382,0.821933,0.911381,0.059382,0.008109,0.115371,0.13857468036080745,0.009109712923180864,57.0,0.13857468036080745,True,30
3,11,16.724992,0.315832,0.879044,0.677263,0.985349,3.736668,1.298775,0.046981,0.15329738598803475,0.008946468942024784,216.8,0.13857468036080745,False,139
4,3,9.867699,0.021902,0.577145,0.841524,0.872381,7.413767,0.020105,0.080387,0.14632854095161701,0.01210717426647093,556.8,0.13857468036080745,False,99
5,3,4.599956,0.064961,0.737852,0.613455,0.834907,0.056054,2.141474,0.14305,0.1452339434092399,0.011585652836875404,69.0,0.13857468036080745,False,91
6,7,6.934966,0.41613,0.902382,0.693739,0.644164,0.53701,0.003623,0.047983,0.14646427378552362,0.00877834061894786,199.0,0.13857468036080745,False,100
7,11,15.951563,0.332425,0.852583,0.890365,0.729458,0.18835,0.003624,0.031761,0.1421446126915034,0.008848815809871978,208.4,0.13857468036080745,False,62
8,3,13.699656,0.235548,0.782618,0.882499,0.817359,0.163801,0.172516,0.067751,0.14441604927555135,0.010772458888969426,171.6,0.13857468036080745,False,83
9,9,9.29763,0.107292,0.704264,0.926702,0.61697,0.001711,0.013352,0.065783,0.1341682361641147,0.008764261046627952,97.8,0.1341682361641147,True,9
10,3,13.576414,0.278516,0.891949,0.832157,0.703193,1.803356,0.004655,0.014315,0.14923023977510066,0.008628009151779059,634.6,0.1341682361641147,False,126
11,4,14.724828,0.230939,0.580636,0.750522,0.576156,0.609932,0.060901,0.082394,0.14235247144433597,0.009634533110052461,166.6,0.1341682361641147,False,64
12,3,6.72873,0.315141,0.680906,0.543825,0.559003,7.040292,4.308467,0.142944,0.1728216370875173,0.009733778182804392,143.8,0.1341682361641147,False,158
13,7,19.414351,0.389375,0.858445,0.724681,0.636121,0.00243,4.077647,0.096597,0.1462315297606796,0.009211393489714741,117.8,0.1341682361641147,False,98
14,5,4.844904,0.152978,0.78961,0.588386,0.928307,1.081628,0.754835,0.092098,0.13991803188562332,0.008801855489197466,101.2,0.1341682361641147,False,42
15,6,12.097861,0.324923,0.542222,0.707904,0.520807,0.094616,0.020866,0.03746,0.14459805706903603,0.009556102903183247,218.0,0.1341682361641147,False,85
16,9,2.964656,0.293822,0.585296,0.96256,0.790531,0.024405,0.231027,0.014333,0.13958731458607165,0.007675491699002692,543.4,0.1341682361641147,False,41
17,4,10.163765,0.391368,0.541365,0.743329,0.745353,5.640347,0.193603,0.099963,0.1687579723707391,0.00670572183569867,238.2,0.1341682361641147,False,156
18,12,6.072538,0.165784,0.760336,0.719456,0.510806,2.019146,3.842758,0.036647,0.1421329302614427,0.008778787266530388,376.2,0.1341682361641147,False,61
19,6,3.062939,0.33612,0.640617,0.829711,0.863497,1.187381,0.002698,0.184042,0.14664303775747015,0.009001926495517572,94.2,0.1341682361641147,False,104
20,8,5.374066,0.018706,0.777426,0.685461,0.914895,1.710038,0.018559,0.191051,0.14069466218902021,0.01333153806921879,43.8,0.1341682361641147,False,46
21,9,10.786085,0.127983,0.968022,0.582304,0.522455,0.055003,9.321853,0.179419,0.1386150549595379,0.009150346363383377,50.6,0.1341682361641147,False,31
22,5,15.223552,0.445396,0.946723,0.759429,0.657965,1.224756,0.443246,0.080995,0.1507207608255622,0.008415652996556118,85.8,0.1341682361641147,False,132
23,11,15.189003,0.13123,0.968407,0.620485,0.561379,2.110818,0.004103,0.044061,0.14107851811922728,0.008985657622133315,247.0,0.1341682361641147,False,50
24,3,12.388273,0.437281,0.598217,0.655162,0.888702,7.714463,0.100685,0.037341,0.17785542048810304,0.00838063388406299,391.6,0.1341682361641147,False,159
25,12,5.363465,0.065911,0.838829,0.560916,0.753165,0.59848,0.211089,0.047957,0.1337181189772828,0.010783910600405728,138.6,0.1337181189772828,True,7
26,3,16.278366,0.357704,0.869492,0.565529,0.561877,5.131569,0.038933,0.06718,0.1655006396103706,0.008997793081564365,157.4,0.1337181189772828,False,154
27,4,13.59442,0.477812,0.643223,0.962404,0.51243,0.166262,0.343479,0.030121,0.14912874384792238,0.008334088303913143,306.6,0.1337181189772828,False,125
28,7,3.666452,0.209557,0.983116,0.798021,0.966512,1.649847,0.07405,0.159105,0.14357059292315116,0.007788044805491856,65.8,0.1337181189772828,False,77
29,11,3.073736,0.414714,0.898409,0.61632,0.765385,0.265499,2.957712,0.12459,0.14651642020131123,0.008057955350195734,99.4,0.1337181189772828,False,102
30,3,8.83886,0.187092,0.712941,0.825966,0.933745,0.065401,0.009803,0.054966,0.1424797285190241,0.010454076121985083,158.0,0.1337181189772828,False,65
31,12,16.514807,0.052639,0.533279,0.797217,0.573087,1.989101,0.017432,0.037336,0.13888593283819844,0.008497224798037951,300.6,0.1337181189772828,False,35
32,10,18.498439,0.082766,0.64236,0.576807,0.557745,0.001215,0.001666,0.043182,0.13566665451659551,0.009812563527482176,141.0,0.1337181189772828,False,13
33,11,12.231733,0.340357,0.696815,0.658996,0.752263,3.162422,2.538204,0.01826,0.1548585585058076,0.008427727601916285,644.4,0.1337181189772828,False,144
34,3,4.44847,0.118372,0.624694,0.785616,0.708131,0.001574,0.031222,0.109513,0.14824853197204574,0.010675064387176485,60.6,0.1337181189772828,False,117
35,11,16.835713,0.025981,0.962421,0.549557,0.921787,4.079553,8.284813,0.162385,0.14072548216151404,0.010449704756430355,71.4,0.1337181189772828,False,47
36,4,15.810073,0.321242,0.889498,0.567276,0.768034,0.113996,2.693324,0.097932,0.14461490346304656,0.008615532795908817,109.4,0.1337181189772828,False,86
37,10,13.151702,0.133232,0.569884,0.738939,0.708445,0.008517,0.029515,0.079615,0.13949550217001247,0.007311172155845392,81.6,0.1337181189772828,False,40
38,6,7.222416,0.189732,0.842872,0.648438,0.974429,4.627986,0.083877,0.072389,0.1490267025228617,0.008613529973472709,269.0,0.1337181189772828,False,124
39,7,17.122649,0.326294,0.902196,0.766361,0.816459,0.014211,0.870107,0.048457,0.14037308569994306,0.009349361170675642,208.4,0.1337181189772828,False,44
40,8,14.201164,0.43036,0.566051,0.80719,0.547548,0.799581,0.002178,0.187829,0.1530919926626304,0.007219349618294893,82.2,0.1337181189772828,False,138
41,10,19.218725,0.400442,0.796841,0.891312,0.897557,6.082866,0.010317,0.122114,0.1638995237783083,0.007770332626107079,154.6,0.1337181189772828,False,153
42,4,2.805935,0.308083,0.585646,0.782475,0.786215,0.073104,0.123176,0.155145,0.14844262566750047,0.009333862763978242,65.8,0.1337181189772828,False,120
43,12,10.350911,0.299797,0.965618,0.559867,0.558552,0.002243,0.428009,0.089536,0.1418693082730077,0.009395883796777868,91.8,0.1337181189772828,False,58
44,10,15.712107,0.335616,0.666819,0.949183,0.881266,0.012082,0.028626,0.069744,0.14262536529187236,0.010245737936897124,183.4,0.1337181189772828,False,69
45,6,3.807884,0.468064,0.718952,0.69166,0.864843,0.162919,5.553413,0.158257,0.14744103029500197,0.009202533803761586,78.4,0.1337181189772828,False,111
46,4,10.108022,0.18818,0.993316,0.85888,0.975597,0.002978,2.524264,0.131044,0.1417581013523997,0.008172371973350238,64.0,0.1337181189772828,False,56
47,4,12.176902,0.343048,0.506151,0.727159,0.9127,0.015186,0.068264,0.09404,0.14827358676298477,0.0095174841278233,68.8,0.1337181189772828,False,118
48,4,6.73662,0.459221,0.890647,0.555294,0.998517,3.287003,0.013666,0.16901,0.15813564861415194,0.007290321975761337,127.6,0.1337181189772828,False,149
49,3,19.98299,0.332842,0.825063,0.54522,0.948517,0.001306,0.00919,0.037174,0.1482939216455385,0.00941141144525647,307.2,0.1337181189772828,False,119
50,4,15.758591,0.099102,0.955319,0.828135,0.518081,0.001051,0.001609,0.125126,0.1393206052844752,0.01096889629770702,74.2,0.1337181189772828,False,38
51,12,5.532504,0.424704,0.528616,0.900482,0.963898,1.225839,0.620131,0.169216,0.15210431849462114,0.009306033497122048,94.4,0.1337181189772828,False,135
52,11,1.762875,0.100891,0.562462,0.752265,0.872594,0.331167,2.538192,0.03949,0.13406591574065202,0.010269415576360734,158.4,0.1337181189772828,False,8
53,11,4.667788,0.135379,0.854952,0.990102,0.805772,0.001652,0.291901,0.018047,0.13362867624253533,0.009759107414281208,288.4,0.13362867624253533,True,6
54,10,17.798769,0.354789,0.586564,0.545861,0.591767,8.31972,0.068272,0.158975,0.17876381106914652,0.013390734061238585,190.4,0.13362867624253533,False,160
55,5,11.87585,0.072565,0.973012,0.650671,0.789009,0.629657,0.395305,0.188713,0.1368704629500375,0.00828169961955206,38.2,0.13362867624253533,False,18
56,9,3.820341,0.254176,0.702017,0.737084,0.559609,0.003439,0.012951,0.067894,0.13947063278877012,0.010439334986066551,132.6,0.13362867624253533,False,39
57,9,12.608763,0.317315,0.705905,0.704392,0.608814,0.225541,0.018542,0.016851,0.1426971133922154,0.009492975166653154,384.4,0.13362867624253533,False,71
58,7,8.949601,0.237066,0.612796,0.786229,0.782886,0.642701,0.390655,0.133962,0.14251717353372256,0.008560501980263127,80.8,0.13362867624253533,False,67
59,9,15.961212,0.274572,0.715709,0.813006,0.680329,0.112449,0.884754,0.178417,0.14323090790013876,0.008925455964511473,67.8,0.13362867624253533,False,73
60,6,18.500087,0.251816,0.760138,0.899935,0.657225,2.236297,0.094747,0.032013,0.14576580801877514,0.007702575240846269,353.6,0.13362867624253533,False,96
61,3,16.997871,0.027784,0.640306,0.667065,0.586497,0.018012,0.934911,0.01279,0.14210773459993842,0.011054987422365428,893.2,0.13362867624253533,False,60
62,3,16.716295,0.428274,0.686131,0.576806,0.80042,0.003011,0.028819,0.192102,0.15330301424772502,0.009317975906470334,153.0,0.13362867624253533,False,140
63,3,15.669993,0.155481,0.843833,0.852703,0.693921,0.366062,0.001104,0.049721,0.142516871168712,0.010751212905440065,295.2,0.13362867624253533,False,66
64,12,10.976678,0.081876,0.582953,0.918152,0.994567,0.167447,2.271323,0.198161,0.14357746610151084,0.009779095787435266,44.4,0.13362867624253533,False,78
65,9,9.516667,0.196286,0.540025,0.877665,0.71689,0.075389,0.004006,0.044376,0.13887374979500094,0.008533523335356017,142.6,0.13362867624253533,False,34
66,4,18.234969,0.022325,0.616426,0.64603,0.745099,0.221708,0.094007,0.025982,0.13627065207965436,0.008220017394190893,372.8,0.13362867624253533,False,15
67,5,17.028179,0.318794,0.824575,0.835102,0.881452,0.001708,0.029271,0.11251,0.14271773487726483,0.010353067575854025,136.8,0.13362867624253533,False,72
68,5,7.430673,0.422239,0.741286,0.884314,0.926008,0.104512,4.347194,0.121554,0.1467805284235501,0.00982461864283638,100.6,0.13362867624253533,False,107
69,4,7.471225,0.249408,0.765706,0.55249,0.699276,4.670364,0.333679,0.043726,0.15606127446900925,0.008636286252678954,424.4,0.13362867624253533,False,147
70,11,7.438257,0.095802,0.512412,0.96373,0.724104,0.016988,0.24769,0.01139,0.1330252736875806,0.008877175890876856,408.4,0.1330252736875806,True,5
71,7,14.357636,0.316885,0.990903,0.810179,0.738753,1.111041,4.104984,0.146932,0.14549699147430223,0.009212371561307399,63.2,0.1330252736875806,False,94
72,5,19.301013,0.391003,0.933401,0.557052,0.866207,0.057591,0.163085,0.134279,0.1466547851533536,0.009686361284886157,45.4,0.1330252736875806,False,105
73,7,19.706984,0.144114,0.866877,0.874992,0.673246,0.00313,0.001458,0.157695,0.1375909301335921,0.010772009420518496,56.4,0.1330252736875806,False,26
74,12,10.304295,0.49277,0.732487,0.988958,0.705788,1.495301,0.002184,0.115538,0.1509926436610638,0.007560315610635168,191.2,0.1330252736875806,False,133
75,8,18.569332,0.411292,0.518485,0.686351,0.524349,0.002736,0.5026,0.145519,0.15346281380548707,0.012802457807336534,83.0,0.1330252736875806,False,141
76,11,15.700693,0.432728,0.869716,0.900436,0.524482,0.008672,0.30732,0.173044,0.1468215758315714,0.010301880121779372,133.8,0.1330252736875806,False,108
77,7,10.777958,0.338644,0.514804,0.700678,0.947817,0.485793,0.008926,0.172028,0.14865957835401597,0.009103933427954885,107.6,0.1330252736875806,False,122
78,3,7.612597,0.426672,0.649472,0.79516,0.69847,0.012569,3.517469,0.045643,0.1492438438516803,0.009714950692102263,261.0,0.1330252736875806,False,127
79,9,7.496612,0.35882,0.903716,0.999372,0.648181,0.042832,0.003526,0.119226,0.14115056077418614,0.0076618239021457955,108.8,0.1330252736875806,False,51
80,3,19.954021,0.350441,0.797606,0.696185,0.957649,0.0972,0.003447,0.079422,0.1468474823927503,0.009924875909502246,150.4,0.1330252736875806,False,109
81,3,4.837602,0.008834,0.72664,0.81727,0.671646,0.048032,6.868108,0.152873,0.14224252351731237,0.012257517325997811,93.2,0.1330252736875806,False,63
82,3,11.276276,0.14227,0.948498,0.617549,0.662671,4.327721,0.131271,0.15104,0.15184763708609275,0.008536862224159086,157.0,0.1330252736875806,False,134
83,5,13.415345,0.149692,0.620686,0.661246,0.577721,3.142371,0.013583,0.116683,0.1488900253231484,0.010221809930064676,248.8,0.1330252736875806,False,123
84,8,16.047514,0.391912,0.719193,0.738129,0.997351,0.499333,1.813651,0.181485,0.147150105780389,0.010656131011093513,101.8,0.1330252736875806,False,110
85,5,4.518408,0.281085,0.550947,0.826461,0.977675,0.112442,0.053937,0.01681,0.14123814562749168,0.007654014940396623,436.2,0.1330252736875806,False,54
86,10,19.235716,0.051501,0.52054,0.623033,0.532765,0.066141,0.115971,0.069388,0.13807886980087208,0.007792249781404485,137.6,0.1330252736875806,False,27
87,3,3.120407,0.192252,0.530264,0.849095,0.60351,0.016154,0.037714,0.089156,0.14536554707288238,0.012349009730571752,145.6,0.1330252736875806,False,93
88,3,1.031553,0.056035,0.931382,0.500617,0.754084,0.090784,0.021497,0.091952,0.14356475504295285,0.01128626576986332,153.8,0.1330252736875806,False,76
89,8,16.98287,0.130174,0.661245,0.621241,0.739932,0.540796,0.008185,0.07284,0.1392722658228984,0.009420223525145087,118.4,0.1330252736875806,False,37
90,10,18.677308,0.024285,0.730385,0.855779,0.575227,0.001547,0.003571,0.184576,0.13710571768327467,0.007421470970341068,32.0,0.1330252736875806,False,22
91,3,4.578118,0.015642,0.555315,0.810075,0.620819,0.189168,0.229499,0.171393,0.14749047239408677,0.010698593000897786,69.2,0.1330252736875806,False,112
92,3,1.090086,0.426685,0.80956,0.581372,0.886469,2.642203,0.0104,0.184571,0.15964381926362686,0.010218397838868335,117.6,0.1330252736875806,False,150
93,8,12.465065,0.492325,0.680768,0.90658,0.6592,1.573454,0.252892,0.051108,0.15241074338253485,0.007592949938738944,193.0,0.1330252736875806,False,136
94,7,8.866496,0.158818,0.539054,0.514917,0.673239,0.001192,0.004591,0.147785,0.14668899993663498,0.009348457618193053,33.8,0.1330252736875806,False,106
95,11,15.033027,0.158577,0.94501,0.796915,0.563013,0.003757,0.592082,0.042859,0.13634155317993663,0.009408746423084065,138.8,0.1330252736875806,False,17
96,10,10.638561,0.495887,0.502004,0.50829,0.996542,0.21805,0.003218,0.180487,0.15603142382550397,0.009156044395507799,127.8,0.1330252736875806,False,146
97,3,11.187808,0.310896,0.636594,0.52526,0.797284,0.015102,0.45132,0.168887,0.15354158012312694,0.01026616511418059,72.6,0.1330252736875806,False,142
98,11,1.34505,0.297857,0.61564,0.936944,0.626832,0.277383,0.163743,0.085272,0.1444442065725044,0.008739505065900006,100.8,0.1330252736875806,False,84
99,10,14.789623,0.283469,0.879211,0.991709,0.709636,0.114375,0.001122,0.161245,0.14182864246053598,0.009523629863308864,64.4,0.1330252736875806,False,57
100,9,10.884371,0.203981,0.547036,0.944828,0.697504,0.537436,0.003958,0.192694,0.14510178089454517,0.01023314979388957,52.4,0.1330252736875806,False,90
101,5,4.791298,0.429491,0.956291,0.606074,0.7349,0.858973,3.261842,0.08202,0.1479214623402128,0.008083867006932692,115.8,0.1330252736875806,False,115
102,4,10.82337,0.370858,0.865568,0.89148,0.784967,0.002621,4.129459,0.174459,0.14767295491307408,0.009429977997407763,57.0,0.1330252736875806,False,113
103,11,2.897387,0.102199,0.8718,0.51157,0.989612,0.032254,0.75379,0.178639,0.13705063512701318,0.011383782110910956,39.4,0.1330252736875806,False,21
104,10,8.497968,0.159566,0.804371,0.790495,0.70457,0.255328,5.514746,0.098852,0.13698102766715267,0.011130895516488689,150.8,0.1330252736875806,False,19
105,3,8.166914,0.197053,0.565554,0.581436,0.842281,0.022799,6.600754,0.056283,0.14363857333069566,0.011331804268051061,272.6,0.1330252736875806,False,79
106,4,2.879566,0.376752,0.940518,0.639057,0.601044,0.005534,0.122475,0.098999,0.15028645323384002,0.009556627882844749,89.6,0.1330252736875806,False,130
107,7,1.858289,0.240746,0.979666,0.82626,0.747753,0.002772,0.010227,0.066007,0.13701840133882864,0.008796573235565866,87.6,0.1330252736875806,False,20
108,5,15.531267,0.438355,0.950821,0.992284,0.991183,6.486293,0.001938,0.036181,0.16274798334090507,0.007945655083213467,176.8,0.1330252736875806,False,152
109,12,11.505067,0.048489,0.922898,0.808378,0.771182,0.004584,0.010304,0.040459,0.1301133899990452,0.009361186037411968,102.6,0.1301133899990452,True,2
110,6,17.18673,0.292114,0.867565,0.648016,0.685626,0.041631,1.096629,0.156747,0.14377657057802384,0.01028234694339791,80.4,0.1301133899990452,False,80
111,3,18.889238,0.060328,0.948061,0.550198,0.63227,2.431723,0.005224,0.088578,0.14493452235741655,0.009601683891199218,178.6,0.1301133899990452,False,88
112,5,9.547327,0.122629,0.855123,0.925667,0.937288,0.022766,0.132862,0.057197,0.13486176994689478,0.008063925727375179,91.4,0.1301133899990452,False,10
113,6,4.063827,0.47001,0.943994,0.888679,0.758831,0.091713,0.131517,0.111948,0.14571931265612884,0.008276878453276952,88.4,0.1301133899990452,False,95
114,5,9.256699,0.065877,0.562832,0.976125,0.741015,6.498634,0.004511,0.115339,0.1492678898716963,0.009236615160206685,259.0,0.1301133899990452,False,128
115,12,5.810508,0.015027,0.559477,0.958424,0.660766,0.270718,0.072453,0.086086,0.1319610015479499,0.008648665134520197,56.4,0.1301133899990452,False,4
116,5,11.105836,0.093619,0.994302,0.909154,0.870807,0.074996,0.004088,0.184927,0.1372998022164681,0.008444038718379596,38.4,0.1301133899990452,False,25
117,9,1.952027,0.171202,0.897229,0.811354,0.875419,1.494657,0.007044,0.185519,0.14081498167567064,0.011791578466376147,53.6,0.1301133899990452,False,48
118,6,9.321802,0.319507,0.501154,0.996684,0.640448,0.001771,0.068084,0.034516,0.14353313965628675,0.010691422678853183,146.8,0.1301133899990452,False,75
119,7,13.013373,0.196464,0.960926,0.659578,0.86309,0.069887,0.43632,0.123942,0.13846650063562968,0.009101859295613553,60.6,0.1301133899990452,False,29
120,4,9.982895,0.475031,0.671357,0.588618,0.839047,2.421198,0.001449,0.09543,0.15536203966300377,0.007906168689290826,259.8,0.1301133899990452,False,145
121,5,15.242754,0.495904,0.765707,0.829998,0.65124,6.167972,0.029197,0.150317,0.16819806943688403,0.009311973873706865,162.0,0.1301133899990452,False,155
122,11,8.659664,0.280909,0.859891,0.754467,0.953543,0.047556,0.387514,0.075049,0.1402154834578063,0.01023316002604949,112.2,0.1301133899990452,False,43
123,9,9.360952,0.062904,0.545862,0.833745,0.827759,0.448372,0.0012,0.072044,0.13722415343019218,0.008999096827584516,75.4,0.1301133899990452,False,23
124,7,4.758387,0.389076,0.930315,0.62334,0.833925,0.003292,0.012607,0.036344,0.14264670225748483,0.009382376506398678,203.8,0.1301133899990452,False,70
125,5,13.819994,0.455163,0.601261,0.77104,0.850696,6.481714,0.275576,0.05847,0.17076164676039535,0.008701868556947679,358.8,0.1301133899990452,False,157
126,5,12.884085,0.160246,0.988064,0.699838,0.842714,0.001239,0.039833,0.17627,0.1412356016683443,0.010972456970360556,19.8,0.1301133899990452,False,53
127,12,9.434915,0.467969,0.926992,0.661108,0.772274,0.091054,0.337917,0.073481,0.14650288578310372,0.009569715808429953,153.2,0.1301133899990452,False,101
128,9,5.639895,0.456336,0.961937,0.921661,0.989102,0.954918,1.14464,0.154892,0.1479856432907009,0.009153144111959019,45.6,0.1301133899990452,False,116
129,4,9.672592,0.120113,0.82241,0.64466,0.628904,0.220722,0.043645,0.051583,0.13846004490279087,0.009055414876528582,242.2,0.1301133899990452,False,28
130,7,16.505064,0.430285,0.58385,0.503754,0.668065,1.548971,2.273503,0.036283,0.15693645710724952,0.010283635461822595,409.8,0.1301133899990452,False,148
131,9,3.198379,0.195031,0.999305,0.596295,0.576982,0.049114,0.301075,0.187251,0.14138877415337886,0.011493339607055262,43.8,0.1301133899990452,False,55
132,10,19.635602,0.03482,0.568999,0.895369,0.635316,3.462551,0.450623,0.031251,0.13883119203934952,0.00930555900475644,400.6,0.1301133899990452,False,33
133,10,4.350771,0.211748,0.776092,0.750383,0.843081,0.408082,9.293259,0.19989,0.14105996286661324,0.010503221083090113,60.6,0.1301133899990452,False,49
134,11,10.812729,0.0476,0.863922,0.988332,0.659163,0.069958,0.050016,0.01977,0.12883487509758004,0.008672555021730727,340.8,0.12883487509758004,True,1
135,6,7.713416,0.393732,0.91606,0.910615,0.708333,0.019328,0.989198,0.162264,0.14478184047207693,0.010603258251626793,48.6,0.12883487509758004,False,87
136,9,10.333891,0.446516,0.571954,0.939534,0.548048,0.004112,0.136571,0.022829,0.14611891005872107,0.00909800657695549,323.2,0.12883487509758004,False,97
137,8,1.009856,0.218158,0.887312,0.517419,0.826129,1.961143,0.004699,0.037904,0.14529253022187133,0.008890296001375371,239.2,0.12883487509758004,False,92
138,3,17.355218,0.411562,0.769471,0.9096,0.546378,0.037838,0.893697,0.058916,0.14853360741383972,0.01037494722879234,195.8,0.12883487509758004,False,121
139,6,10.579393,0.375133,0.73234,0.683952,0.609595,0.006816,1.013826,0.032593,0.14431651510467491,0.009505214609726968,246.4,0.12883487509758004,False,82
140,10,2.633665,0.088146,0.587673,0.911554,0.699253,9.152797,0.003539,0.134173,0.1596907752674765,0.007779879442568361,318.2,0.12883487509758004,False,151
141,4,8.465445,0.437542,0.987798,0.936429,0.59615,0.007642,0.421013,0.064926,0.14654422882233653,0.008728617338700626,99.0,0.12883487509758004,False,103
142,7,14.959777,0.28321,0.775454,0.914273,0.855266,0.001277,0.001577,0.124296,0.14209847893510041,0.007475115439763796,47.8,0.12883487509758004,False,59
143,6,5.943508,0.209328,0.878955,0.913306,0.780612,0.034792,0.0121,0.109165,0.13631309155607158,0.008962814276269685,77.4,0.12883487509758004,False,16
144,7,6.980243,0.282048,0.838326,0.53304,0.500534,0.007065,3.784827,0.132795,0.14404548016836605,0.009099781739189041,158.0,0.12883487509758004,False,81
145,10,17.915015,0.234978,0.738046,0.967771,0.529743,0.007256,0.220336,0.047142,0.137276499369874,0.009334506324840368,160.6,0.12883487509758004,False,24
146,4,13.911013,0.107046,0.549578,0.603493,0.711367,0.005065,0.003458,0.173454,0.14770661870971552,0.007614223986692417,58.6,0.12883487509758004,False,114
147,4,7.854415,0.027635,0.678685,0.632404,0.805243,0.006631,3.57653,0.186637,0.1411757864637428,0.009524705697106933,45.6,0.12883487509758004,False,52
148,6,2.89679,0.053701,0.557663,0.809785,0.560984,2.567611,1.040126,0.165764,0.13903517364168647,0.00976914953383029,112.6,0.12883487509758004,False,36
149,9,19.936867,0.022088,0.700632,0.661968,0.974323,0.202976,1.677891,0.042365,0.13148139984825064,0.00867086648550891,152.6,0.12883487509758004,False,3
150,8,19.594049,0.24932,0.746836,0.985442,0.690366,0.038913,0.218278,0.03433,0.13880240030308189,0.009269898571346608,233.8,0.12883487509758004,False,32
151,9,4.670958,0.051642,0.933072,0.794666,0.679336,0.04312,0.05322,0.130298,0.13501034948607893,0.014138655961158327,93.8,0.12883487509758004,False,11
152,6,18.608618,0.46639,0.695746,0.664631,0.725523,0.186955,0.070351,0.135163,0.1493993833452214,0.008285757626519402,70.4,0.12883487509758004,False,129
153,6,7.093595,0.172865,0.689296,0.54732,0.583031,0.780648,0.036007,0.050762,0.14054392146016043,0.008075088866330064,226.8,0.12883487509758004,False,45
154,8,11.690776,0.37777,0.628711,0.913395,0.963752,0.245233,0.474013,0.019989,0.143233622709972,0.008725525855511888,408.8,0.12883487509758004,False,74
155,9,8.45721,0.46195,0.789489,0.502309,0.519271,0.526836,0.178103,0.015041,0.15046136111693229,0.009566382523926066,597.2,0.12883487509758004,False,131
156,12,15.125739,0.426073,0.748209,0.732879,0.502737,1.401519,0.021031,0.176965,0.1524757492663357,0.009552372640834021,179.6,0.12883487509758004,False,137
157,12,11.73648,0.135171,0.580294,0.887454,0.748295,0.139943,7.272167,0.19308,0.1425755693648038,0.010125142417451686,46.0,0.12883487509758004,False,68
158,6,17.2572,0.093805,0.797136,0.939074,0.687232,0.002538,1.753281,0.101535,0.13556403682291318,0.009483857684737942,86.4,0.12883487509758004,False,12
159,5,19.660742,0.303606,0.71249,0.684992,0.70881,0.002976,1.510088,0.169166,0.1450672382931699,0.008616189330362343,51.2,0.12883487509758004,False,89
160,8,6.403546,0.151898,0.937167,0.511985,0.760229,0.071565,0.576112,0.041044,0.13600892754140442,0.008793410405791456,208.6,0.12883487509758004,False,14
