adsorbate,n,tier,mae_mean,mae_std,warning
H,1836,large,0.12064729307945117,0.00018762126303851378,
S,1806,large,0.16351273360508897,0.0004051434619459309,
2H,1802,large,0.23628717262631116,0.0009928566098763142,
N,1796,large,0.277770201644183,0.0013887809214364294,
O,1795,large,0.2230959398416473,0.0012151618857012653,
C,1776,large,0.3064675472387833,0.0006646406864025587,
2N,1761,large,0.5487102023684344,0.003075931931185651,
2O,1680,large,0.4405757468189102,0.0020259701712363343,
NH,352,small,0.20558210840756433,0.004374192231492136,SMALL-SAMPLE WARNING (n<500)
CH,347,small,0.2222697062375878,0.0015966049143961729,SMALL-SAMPLE WARNING (n<500)
SH,342,small,0.2234798766995512,0.003533010332244638,SMALL-SAMPLE WARNING (n<500)
H2O,326,small,0.07650362295090556,0.0004382788104012114,SMALL-SAMPLE WARNING (n<500)
CH2,319,small,0.28023788696787305,0.0017300976243530982,SMALL-SAMPLE WARNING (n<500)
CH3,318,small,0.1558890085935011,0.0007461912632421591,SMALL-SAMPLE WARNING (n<500)
OH,243,small,0.2102232196664369,0.002142260848670369,SMALL-SAMPLE WARNING (n<500)
