adsorbate,seed,model,mae
H,0,gbdt,0.11990743582179411
H,1,gbdt,0.12168509192772495
H,2,gbdt,0.12142623604877907
H,7,gbdt,0.12130608234246625
H,13,gbdt,0.12090273563741719
H,42,gbdt,0.12158314971971551
H,99,gbdt,0.12228846885809101
H,123,gbdt,0.1207322821360688
H,2024,gbdt,0.12058755321954966
H,31337,gbdt,0.12186110795386519
S,0,gbdt,0.16763297177752962
S,1,gbdt,0.16712383904114286
S,2,gbdt,0.16857772005426958
S,7,gbdt,0.1669583855334005
S,13,gbdt,0.16822695272746738
S,42,gbdt,0.16593758410703008
S,99,gbdt,0.1665955268086119
S,123,gbdt,0.1671311663825205
S,2024,gbdt,0.16841407928173352
S,31337,gbdt,0.16615053475905336
2H,0,gbdt,0.23815948776223725
2H,1,gbdt,0.23600456030605158
2H,2,gbdt,0.23780642466947036
2H,7,gbdt,0.23820533573449781
2H,13,gbdt,0.2379201836260599
2H,42,gbdt,0.23653019257488048
2H,99,gbdt,0.2389161758164624
2H,123,gbdt,0.2364181292392342
2H,2024,gbdt,0.23644373348935277
2H,31337,gbdt,0.2358872308607702
N,0,gbdt,0.2753760675688828
N,1,gbdt,0.2760910418836078
N,2,gbdt,0.273951377052262
N,7,gbdt,0.2756278291295056
N,13,gbdt,0.27662720012135866
N,42,gbdt,0.2756155627763263
N,99,gbdt,0.2757366702930438
N,123,gbdt,0.2732716419164041
N,2024,gbdt,0.27540235487510184
N,31337,gbdt,0.27653427003320974
O,0,gbdt,0.22637280242188126
O,1,gbdt,0.2257774533092986
O,2,gbdt,0.22616050111149014
O,7,gbdt,0.2252664582066116
O,13,gbdt,0.22498476424829744
O,42,gbdt,0.2244130124537077
O,99,gbdt,0.22503207335186978
O,123,gbdt,0.22521715493185943
O,2024,gbdt,0.22671934917911596
O,31337,gbdt,0.22545885638396118
C,0,gbdt,0.3029299660392844
C,1,gbdt,0.3003800269216299
C,2,gbdt,0.2979569044635371
C,7,gbdt,0.3010460572770318
C,13,gbdt,0.29822017449617116
C,42,gbdt,0.29916581940241493
C,99,gbdt,0.2992862296450111
C,123,gbdt,0.2985776225188831
C,2024,gbdt,0.30178223778535657
C,31337,gbdt,0.29792397099270207
2N,0,gbdt,0.5513770571895102
2N,1,gbdt,0.55930933468139
2N,2,gbdt,0.5573523088260768
2N,7,gbdt,0.5530348949307948
2N,13,gbdt,0.5523491062075566
2N,42,gbdt,0.5566377509407824
2N,99,gbdt,0.5570955562043284
2N,123,gbdt,0.5555162157274096
2N,2024,gbdt,0.5496197185700036
2N,31337,gbdt,0.5592706498707732
2O,0,gbdt,0.4344888780260503
2O,1,gbdt,0.43884800537932844
2O,2,gbdt,0.43653672557501566
2O,7,gbdt,0.43494586016361914
2O,13,gbdt,0.43638689411316245
2O,42,gbdt,0.43598354355476443
2O,99,gbdt,0.4343092231878212
2O,123,gbdt,0.4404536869310375
2O,2024,gbdt,0.43617604998871684
2O,31337,gbdt,0.43563886379956135
NH,0,gbdt,0.2042706960075355
NH,1,gbdt,0.20007001501289778
NH,2,gbdt,0.2028941756202998
NH,7,gbdt,0.20333975954483982
NH,13,gbdt,0.2036080423819261
NH,42,gbdt,0.20041753744722388
NH,99,gbdt,0.1988487151403123
NH,123,gbdt,0.20811369165180207
NH,2024,gbdt,0.19932979099129708
NH,31337,gbdt,0.20453185329444584
CH,0,gbdt,0.22027637112901818
CH,1,gbdt,0.21931951014078102
CH,2,gbdt,0.22066223926665074
CH,7,gbdt,0.21753016990134413
CH,13,gbdt,0.22223323700487915
CH,42,gbdt,0.2192075025432499
CH,99,gbdt,0.21834747358936527
CH,123,gbdt,0.22318627323380938
CH,2024,gbdt,0.2180302096571054
CH,31337,gbdt,0.21820517682124155
SH,0,gbdt,0.23059755429756223
SH,1,gbdt,0.22867175293044725
SH,2,gbdt,0.2304774256374099
SH,7,gbdt,0.2290789600439936
SH,13,gbdt,0.22344731411499064
SH,42,gbdt,0.22808996361832826
SH,99,gbdt,0.2305527592434586
SH,123,gbdt,0.22613817947366607
SH,2024,gbdt,0.2255171759650438
SH,31337,gbdt,0.23394340554344856
H2O,0,gbdt,0.07595929201189543
H2O,1,gbdt,0.07482629429343288
H2O,2,gbdt,0.07448537292336029
H2O,7,gbdt,0.07598990881408456
H2O,13,gbdt,0.08041828896198994
H2O,42,gbdt,0.07837562293865563
H2O,99,gbdt,0.07550711554269438
H2O,123,gbdt,0.07658983094966257
H2O,2024,gbdt,0.07571924045579108
H2O,31337,gbdt,0.07784329763287964
CH2,0,gbdt,0.24985107713157084
CH2,1,gbdt,0.24693015887588846
CH2,2,gbdt,0.24658981562580412
CH2,7,gbdt,0.2496083847277719
CH2,13,gbdt,0.24892265204951308
CH2,42,gbdt,0.25260112285365854
CH2,99,gbdt,0.25191136071426345
CH2,123,gbdt,0.25235110842462244
CH2,2024,gbdt,0.25345845100306397
CH2,31337,gbdt,0.2534557270655426
CH3,0,gbdt,0.1620234932820752
CH3,1,gbdt,0.16206730250854912
CH3,2,gbdt,0.16213832198167746
CH3,7,gbdt,0.16359795320708798
CH3,13,gbdt,0.16247633933646125
CH3,42,gbdt,0.16269245132241608
CH3,99,gbdt,0.16468116800365207
CH3,123,gbdt,0.16339594006257238
CH3,2024,gbdt,0.16093662301511885
CH3,31337,gbdt,0.16150829242835255
OH,0,gbdt,0.20324398661626372
OH,1,gbdt,0.20513360504369507
OH,2,gbdt,0.200803061048002
OH,7,gbdt,0.20732291411117884
OH,13,gbdt,0.2066900329717048
OH,42,gbdt,0.20559590355639965
OH,99,gbdt,0.20915980693448713
OH,123,gbdt,0.20876135116724734
OH,2024,gbdt,0.20852249750504348
OH,31337,gbdt,0.203272056499728
H,0,nn,0.17159093550151755
S,0,nn,0.22004753963171958
2H,0,nn,0.33225982604428433
N,0,nn,0.34360149702611315
O,0,nn,0.2842739458316496
C,0,nn,0.3787158679380711
2N,0,nn,0.6772600850282097
2O,0,nn,0.5312188724898511
NH,0,nn,0.2525904704988617
CH,0,nn,0.26815997004933034
SH,0,nn,0.2762722671535737
H2O,0,nn,0.14624413857065097
CH2,0,nn,0.3157368932455066
CH3,0,nn,0.21635893872886333
OH,0,nn,0.2274966803221262
H,1,nn,0.16933155224698115
S,1,nn,0.22508472376394756
2H,1,nn,0.3231494415848083
N,1,nn,0.33844089119964516
O,1,nn,0.29079580303984576
C,1,nn,0.3903737790161022
2N,1,nn,0.6862777160452325
2O,1,nn,0.5236998998914801
NH,1,nn,0.2468390228049512
CH,1,nn,0.2814076223695162
SH,1,nn,0.2816085278598472
H2O,1,nn,0.12926319703185485
CH2,1,nn,0.312436114420799
CH3,1,nn,0.20027449872321304
OH,1,nn,0.20196469207610476
H,2,nn,0.1744395767849381
S,2,nn,0.2251308347306865
2H,2,nn,0.3387432180465996
N,2,nn,0.3531626305011498
O,2,nn,0.28270641370432603
C,2,nn,0.3965533950202469
2N,2,nn,0.7057878580352916
2O,2,nn,0.5350206838698969
NH,2,nn,0.24480982779509344
CH,2,nn,0.28471119011422186
SH,2,nn,0.2852349976194772
H2O,2,nn,0.13377429558638415
CH2,2,nn,0.3196302123147364
CH3,2,nn,0.20975833807913763
OH,2,nn,0.23712350202891055
H,7,nn,0.1666707809649769
S,7,nn,0.2320916424144435
2H,7,nn,0.3366736073256755
N,7,nn,0.34136698732546944
O,7,nn,0.28254298074650874
C,7,nn,0.3792528106772282
2N,7,nn,0.6665550497901815
2O,7,nn,0.5379462601040446
NH,7,nn,0.24028717273639896
CH,7,nn,0.29041120129897763
SH,7,nn,0.2784378570082396
H2O,7,nn,0.1417142673869806
CH2,7,nn,0.31193503227922775
CH3,7,nn,0.20439218626644626
OH,7,nn,0.21605160039199953
H,13,nn,0.17973480092271277
S,13,nn,0.2227486260044507
2H,13,nn,0.3343850654626387
N,13,nn,0.34824024112619
O,13,nn,0.2867800158501699
C,13,nn,0.4004913746098241
2N,13,nn,0.6858485884120141
2O,13,nn,0.5457932910261055
NH,13,nn,0.2541691418856234
CH,13,nn,0.27333070458951664
SH,13,nn,0.2862867721892915
H2O,13,nn,0.14727877208425955
CH2,13,nn,0.30692663129789866
CH3,13,nn,0.2097570112197654
OH,13,nn,0.21450606034254202
H,42,nn,0.17455403889049542
S,42,nn,0.22807138349813463
2H,42,nn,0.3294249583851261
N,42,nn,0.3510673751629747
O,42,nn,0.2814041767755788
C,42,nn,0.38910806277213067
2N,42,nn,0.6829495080049938
2O,42,nn,0.5315755311798837
NH,42,nn,0.2439845448362493
CH,42,nn,0.270505460254279
SH,42,nn,0.28603060938259967
H2O,42,nn,0.13702403950544953
CH2,42,nn,0.3246987087843315
CH3,42,nn,0.21018286635103467
OH,42,nn,0.21373651205962563
H,99,nn,0.17770689165433726
S,99,nn,0.21908653941024034
2H,99,nn,0.32898414457014263
N,99,nn,0.36030151616393813
O,99,nn,0.28838480097905816
C,99,nn,0.3791098147378983
2N,99,nn,0.6875211145893566
2O,99,nn,0.5333112435193643
NH,99,nn,0.2503144652701766
CH,99,nn,0.27113080629273734
SH,99,nn,0.28010951823892605
H2O,99,nn,0.13592479921923092
CH2,99,nn,0.3217913597671835
CH3,99,nn,0.20055867258295323
OH,99,nn,0.22364634785699608
H,123,nn,0.1793253011141715
S,123,nn,0.2257845384122418
2H,123,nn,0.3371774646831877
N,123,nn,0.3513060004438324
O,123,nn,0.28023115869982473
C,123,nn,0.3940126953021464
2N,123,nn,0.6970874198929505
2O,123,nn,0.5407661361220691
NH,123,nn,0.24428879136394244
CH,123,nn,0.27696246758065796
SH,123,nn,0.28440915342088113
H2O,123,nn,0.12439077361229739
CH2,123,nn,0.3236119131926961
CH3,123,nn,0.2198347969906135
OH,123,nn,0.2163778509453146
H,2024,nn,0.17733530005189532
S,2024,nn,0.21299396796205627
2H,2024,nn,0.3271637820343091
N,2024,nn,0.34181245470857446
O,2024,nn,0.2757990615586374
C,2024,nn,0.38191246287477715
2N,2024,nn,0.6629300397033563
2O,2024,nn,0.525765203529348
NH,2024,nn,0.23704577071343505
CH,2024,nn,0.2953551468407193
SH,2024,nn,0.299387392221694
H2O,2024,nn,0.14441739255848107
CH2,2024,nn,0.29667762178434265
CH3,2024,nn,0.19898350054175598
OH,2024,nn,0.2052951784159628
H,31337,nn,0.17296547953862176
S,31337,nn,0.21945912310243032
2H,31337,nn,0.33776395911966905
N,31337,nn,0.3516860436087444
O,31337,nn,0.2824887815363508
C,31337,nn,0.3872337814919684
2N,31337,nn,0.6803724256669124
2O,31337,nn,0.5312617896080372
NH,31337,nn,0.2364283026241041
CH,31337,nn,0.2627658105712996
SH,31337,nn,0.2679448792294256
H2O,31337,nn,0.1419915832076336
CH2,31337,nn,0.316608205527435
CH3,31337,nn,0.1959241616932101
OH,31337,nn,0.2083126900831636
