,2H,2N,2O,C,CH,CH2,CH3,H,H2O,N,NH,O,OH,S,SH
2H,,0.27981158877923346,0.2264948758992859,0.6601488682964362,0.5052246377104782,0.6860915915247113,1.4125484348311024,2.0,3.2175340003471855,0.5599610779222748,0.4309724694852718,0.4543569700120737,0.5444197643517376,0.944630060744954,0.9654232022020228
2N,2.8046617310862882,,0.8857011230789488,2.0970988295736572,2.0279137237291085,2.8372506262549346,4.132963151905671,5.661028104601698,9.91994524483908,2.0,2.4821117341408026,1.759694571518763,3.0345748810745734,3.0581173415345764,2.8971272890343807
2O,2.673019124053524,0.9604418838014509,,1.6491599096615166,1.023480682708517,1.454624066761403,1.7998481623039209,5.373440378918982,5.393591479490443,1.9217976802284609,1.905778134040718,2.0,3.5095381971476245,2.855138189904758,1.464445465040233
C,1.014389767724317,0.3301945327875387,0.23630121544531954,,1.1603033613443405,1.5584814300489174,2.381815131689125,2.039243706186554,5.463874392550842,0.6620241592958787,0.985250630629301,0.46736666437489294,0.7390146669544099,1.0766901940332265,1.7338457807942738
CH,0.9884573109325413,0.3813156627567544,0.27589578244342616,0.8153448186841654,,1.3273552574362277,1.9473217863104073,1.997370414197258,4.654320209924207,0.7634361211811982,0.9580129560992217,0.5697399198270493,0.8079819752934947,1.2241587373157456,1.3341392814044246
CH2,0.8539244094370373,0.26232830054547684,0.20418240111702746,0.5423467336037395,0.6714619775002713,,1.672868807401867,1.707463545261883,3.5197177354432885,0.5253832166381258,0.6847139364696919,0.41534698238995993,0.7728488144038842,0.8690425238147348,1.0491589230442384
CH3,0.44803622593321124,0.08901363794672493,0.06454219878657605,0.21734109818322186,0.256300948003108,0.3798944214554588,,0.8959792254162995,1.7934424661189086,0.18017370679720446,0.22291066444846627,0.13114686639136441,0.33172080909020324,0.3163952983194462,0.44344981683002394
H,0.5,0.1389416899088037,0.11258447182503142,0.3288626040833922,0.25744814487235035,0.343922209137332,0.7107310001934948,,1.619464962692881,0.2783419952721544,0.21754319896953497,0.22558970596891098,0.2757066088752128,0.4710374342951372,0.4894861193824553
H2O,0.06359716181273638,0.018995246096732813,0.01845367175177208,0.03707598163505599,0.04624233590842844,0.06685548493748544,0.14444576105508872,0.12605164191138463,,0.038218395314794054,0.05112333767381941,0.036510194269342905,0.10697627604242378,0.06286308221423396,0.07847219656689049
N,1.4014042984023933,0.5,0.44197265658353735,1.0482796979209694,1.0102829759879226,1.4217682068638648,2.0618883127905914,2.823669377906151,4.8065615327162625,,1.2405901060642375,0.8793597937739709,1.5152010011828914,1.527726424178636,1.447814761420572
NH,0.7593161794008962,0.37441272592199104,0.4061373159841644,0.5730581359709591,0.7183796357096358,0.96127642579253,1.3546622682153775,1.5237940960463456,3.206816175073785,0.7482894032647078,,0.8123422930286835,1.3439139289089932,1.0421671837097493,1.0140219428490818
O,1.3192714262586902,0.48106247149833037,0.5,0.8250610473862765,0.49320004376701077,0.7023031582370923,0.8637402465904009,2.6700732982919693,2.4645656886449725,0.9636682582528906,0.9409102451402636,,1.7364486953002278,1.4256224952935106,0.710465141354049
OH,0.7143937511846083,0.18951481524284758,0.24497998859998305,0.2852471077290201,0.20435667275497219,0.4133311762030194,0.7620297505172688,1.3841698531167932,2.049626036005612,0.380945347261425,0.3477947698790324,0.48996533100189765,,0.5273603882824445,0.38430282715760944
S,0.8705125451560246,0.29547778851877604,0.26798780531818545,0.7004532070837702,0.7291687713147902,1.0063509913596977,1.557097314511591,1.7494594664684389,3.8797850620552,0.5919813075403848,0.7819040276331006,0.5377258779001322,0.8756218036693797,,1.1519225205861217
SH,0.6343644156573297,0.20398675821317677,0.16913292853658252,0.4389268949317847,0.5555561879203115,0.7191892347814527,1.1750049669222358,1.2660842908314496,3.345595840378844,0.40995658516962996,0.5498060188349182,0.34277666511775595,0.6611038593166185,0.72119831891384,
