comp,structure,facet,dG_pred,dG_q05_cal,dG_q95_cal,P_near,abs_dG_true,tier
LaSn,L10,101,-0.06423871576786044,-0.33267040283943816,0.050714662672384614,0.3914630488515122,0.1527925164561827,P_near top-band
FeOs3,L12,111,-0.07704687774181362,-0.3037240544715518,0.05951691512076554,0.3295163312085393,0.0628444708606628,P_near top-band
BiY,L10,101,-0.03327940613031383,-0.2363475077918158,0.10098042840216839,0.316181325207351,0.05759158526118768,P_near top-band
CdMn,L10,101,0.087163362801075,-0.020123190126988655,1.078020106352373,0.3062761388626672,0.819831324143953,P_near top-band
In3Ir,L12,111,0.08544797688722613,-0.0668478455838743,0.6918905256159286,0.29547757298818345,0.049113910939259986,P_near top-band
TcTl3,L12,111,0.033613275885581995,-0.09959967718105339,0.832250207665421,0.2916830807713665,1.1919849583421376,P_near top-band
Ag3La,L12,111,0.09233591869473459,-0.06490673475948538,0.3454499424935795,0.2861818915635471,0.2806928558377615,P_near top-band
PbPd3,L12,111,0.014089901149272943,-0.1440895727075534,0.1716346288432527,0.28489857468507906,0.07462142166034819,P_near top-band
AgMn,L10,101,0.007087024450302154,-0.09617012095045047,0.5562632937704334,0.28395149621571164,2.676977796141065,P_near top-band
Pb3Tc,L12,111,0.023976404368877435,-0.10339623018310706,0.7326051296348517,0.2778800159443335,0.029227255058439094,P_near top-band
RuTl3,L12,111,0.07345141559839252,-0.08895433205108771,0.8625864769944256,0.2770837895289478,1.2346807080423523,P_near top-band
Os3Ru,L12,111,-0.06846459269523619,-0.3081259506434394,0.09436025770519757,0.27637059017301036,0.08243394605663412,P_near top-band
Pb3V,L12,111,0.0858362072706223,-0.07822420085330539,0.7034362489745536,0.2742892116055689,0.11486845134210968,P_near top-band
Os,A1,111,-0.0675171858072281,-0.3371345018500269,0.09921925170400303,0.2698870185286816,0.018513452957203025,P_near top-band
RuSn,L10,101,-0.06682398080825808,-0.25363231916446,0.10058082165912832,0.26880949253989805,0.0883276919442062,P_near top-band
Cd3Zr,L12,111,-0.0002522608637809953,-0.13871944964435368,0.21481335277656058,0.26682061653492867,0.0779024342561831,P_near top-band
Pd,A1,111,-0.025524998307228097,-0.19895847536357592,0.14607345294224539,0.261561033120433,0.049728039456321094,P_near top-band
NbPt3,L12,111,-0.0065081870555877275,-0.21921073902904586,0.14369921244196177,0.26130309407749924,0.1076789315404961,P_near top-band
Ir3Re,L12,111,-0.036916360855102526,-0.25084254594263533,0.13079362203520786,0.26073609526855035,0.02609158354177568,P_near top-band
Pt3Ta,L12,111,-0.02418222188949587,-0.23389011426330275,0.13842756637805084,0.2606898662378086,0.150646659141122,P_near top-band
CoOs3,L12,111,-0.06717900693416595,-0.2810532293478719,0.10551824353529604,0.2605716065407617,0.021715552455797205,P_near top-band
ScZn3,L12,111,0.0699018204212189,-0.10350590616450395,0.26224625141245533,0.25950400761268605,0.0781280489420817,P_near top-band
HfPb3,L12,111,0.016404024660587352,-0.12968489810318917,0.29585439661267676,0.25864508587172075,0.024833841057196604,P_near top-band
CrPd3,L12,111,-0.032356176376342805,-0.2270139894297455,0.13800730802630806,0.25832461024016545,0.014254631539434987,P_near top-band
AuPd3,L12,111,-0.01708751678466791,-0.19586792602598402,0.15564825193931928,0.2576145470594765,0.07546783185601152,P_near top-band
NiTl,L10,101,0.08999872818589214,-0.08572574108122621,0.557154721216781,0.25608271965582435,0.06079031573906038,P_near top-band
Pd3V,L12,111,-0.002198882997035939,-0.21788252360203625,0.14841756703554823,0.25568745311181623,0.01863280724071159,P_near top-band
FePt3,L12,111,0.0009879866242409052,-0.19778444137582396,0.15873198182800738,0.25524919380631095,0.0036605272586973103,P_near top-band
BiSc,L10,101,-0.02111370325088502,-0.224261913425161,0.14624879107574199,0.25519565484117196,0.06859790975861751,P_near top-band
CuPd3,L12,111,-0.02409602165222169,-0.1882922773502273,0.15708328382456202,0.25502735037930807,0.014007552238828103,P_near top-band
CuPt,L10,101,0.001964564025402099,-0.19776184317464235,0.1590367048361407,0.2546983819417718,0.0697967072598919,P_near top-band
YZn3,L12,111,0.09447929054498677,-0.08245349996913981,0.30296939981021587,0.2543338624188326,0.0897732967380501,P_near top-band
In3Mo,L12,111,0.05495509445667271,-0.12212994976301939,0.6111278470832042,0.2541151919310187,0.04386401864328149,P_near top-band
Pt3Tc,L12,111,-0.032856253385543766,-0.22938723819907558,0.14075413880579266,0.2540185967832346,0.08005543124024489,P_near top-band
FePd3,L12,111,-0.024520469307899417,-0.22020875456173,0.14774027653767258,0.25326333580218163,0.0806023801371987,P_near top-band
Os3Pt,L12,111,-0.014051002860069217,-0.23744002521437318,0.1454926195453227,0.25307523847549046,0.03253888046013231,P_near top-band
FeIr3,L12,111,-0.00017417579889295043,-0.21936783432708762,0.15019034479160817,0.2524489995269342,0.022359645958866803,P_near top-band
CrPb3,L12,111,0.11467570379376413,-0.06485031006333919,0.7135414512823767,0.2506600521739345,0.05736413043930158,P_near top-band
Ir3Ru,L12,111,-0.007496385872364064,-0.2158760250962899,0.15592238849072726,0.2501129937073192,0.013091176559763607,P_near top-band
Ir3Os,L12,111,-0.026009092330932626,-0.22461696698887462,0.14932635601037367,0.24943592422433264,0.06439102975921629,P_near top-band
NiPb,L10,101,0.09238999873399739,-0.08832879833765672,0.5500691473912032,0.2490056415224904,0.10394512154313928,P_near top-band
Bi3Nb,L12,111,0.06256994545459749,-0.11841474585797596,0.6498586266049785,0.24863981408395358,1.2722041179433938,P_near top-band
MnZn,L10,101,0.05197413504123691,-0.12948664016511824,0.7380917435206735,0.24798747800358784,0.0516728694376718,P_near top-band
Cd3Ti,L12,111,0.0938407996296883,-0.08764079637301686,0.2656904707469173,0.24795902720256674,0.019521667042928403,P_near top-band
CdPd3,L12,111,-0.00661362618207928,-0.19246477096920978,0.1719882839503825,0.2476930949545757,0.040961347957571614,P_near top-band
IrSn3,L12,111,0.0544635230302811,-0.12755919534696203,0.491922603000165,0.24722188747196516,0.07243393084288188,P_near top-band
Cu3Rh,L12,111,-0.0424314624071121,-0.21985718378620778,0.14009194808179024,0.24707983748841944,0.08781703806446672,P_near top-band
IrOs,L10,101,0.00010645627975466865,-0.22899694128335746,0.15200915224417633,0.24622379942051031,0.03651871374247209,P_near top-band
NbPd3,L12,111,-0.004751170277595473,-0.22355681778940922,0.15636856779071584,0.24597712782812348,0.026642886244436587,P_near top-band
NiPd3,L12,111,-0.021109095811843892,-0.1997925412120477,0.16373972938766845,0.24586896624255777,0.012837702558252895,P_near top-band
MoSn3,L12,111,0.08224040359258655,-0.10171884732753694,0.5387742590664728,0.244619391386516,1.0663202025418934,P_near top-band
Ir3Ni,L12,111,-0.02787884235382082,-0.2254990020836548,0.15258904386878322,0.24456431974783543,0.021986033662623194,P_near top-band
Ir3Tc,L12,111,-0.05884356856346129,-0.2554664068204462,0.12579616648715172,0.24371785405597934,0.0032461301409705823,P_near top-band
Ir3Rh,L12,111,-0.008706021904945349,-0.21599656873943224,0.16333803487697673,0.24319569794464813,0.07745439885614241,P_near top-band
Pt3Rh,L12,111,-0.040877742171287534,-0.2287941070865056,0.14404739101245567,0.24298837069531043,0.06905451676423469,P_near top-band
TiZn3,L12,111,-0.010522415339946689,-0.17717310456747926,0.18962421185763667,0.24267537026549585,0.09853628245466889,P_near top-band
IrRu,L10,101,-0.053926456570625336,-0.24361317939936322,0.1316934488597118,0.24243089605973556,0.05163242825867992,P_near top-band
Os3Rh,L12,111,-0.04675914704799655,-0.24294070894390674,0.138802092620742,0.2420820761035289,0.0433068655395539,P_near top-band
Pt,A1,111,-0.040901616811752306,-0.2134459118361502,0.14661231617063247,0.2418764894742389,0.07231403235776152,P_near top-band
NiOs3,L12,111,-0.056323758363723775,-0.27515427884533794,0.13056004414932568,0.24079133341081183,0.0664551816401138,P_near top-band
InPd3,L12,111,-0.0027487954497337486,-0.1783270694232294,0.19636292594838975,0.2403171893439786,0.022519920956918904,P_near top-band
CoPd3,L12,111,-0.03402715086936953,-0.21593594247884684,0.154400914132765,0.2401850104799575,0.03568767804542519,P_near top-band
NiPt3,L12,111,-0.028652153015136683,-0.21514303246589495,0.15958234075683814,0.23954067226761933,0.008065233957248619,P_near top-band
Cu3Pt,L12,111,-0.00889570027589795,-0.2038092787035597,0.1750375070857134,0.23898883679685534,0.08194131624192899,P_near top-band
HfHg3,L12,111,0.053225050270557434,-0.13643626577537837,0.2845452896578,0.2372650413809268,0.0406054554435025,P_near top-band
CrPt3,L12,111,0.014871282279491471,-0.20694552707069414,0.1646125729914048,0.23717266992454256,0.0386501814384895,P_near top-band
Ni3Pd,L12,111,-0.09604518771171572,-0.2614537839238992,0.09383865052992063,0.23698699382058686,0.13625398155702778,P_near top-band
PtRu,L10,101,-0.05479740858077997,-0.23575221054383932,0.13530962134267702,0.23670876357448967,0.022794756060401322,P_near top-band
PbRh,L10,101,0.06630682885646824,-0.12388221305141756,0.46202535701548586,0.2366066916820309,0.27384456683946257,P_near top-band
PdPt3,L12,111,-0.045383391380310056,-0.2138905850755245,0.14615540767087734,0.23642181048115785,0.04564225025817792,P_near top-band
NbSn3,L12,111,0.11583889886736873,-0.07519281909573189,0.672834841807591,0.23556297603255663,0.21739196594287138,P_near top-band
CoIr3,L12,111,-0.029968226552009536,-0.22826622850806488,0.15947981502005013,0.23540858548466193,0.0267053362433865,P_near top-band
CuPd,L10,101,0.03142959266901019,-0.18480619652624608,0.15872325384433184,0.23510885589543118,0.013415160344512789,P_near top-band
CoIr,L10,101,-0.05376216232776643,-0.24825575945900624,0.13786049237364464,0.23483653365579138,0.05034818705892463,P_near top-band
Pd3Zn,L12,111,0.024413334727287322,-0.17412158200495675,0.19876596164396762,0.2347041254721044,0.03819371044234798,P_near top-band
Pt3Ru,L12,111,-0.05361494481563567,-0.23011773589892687,0.13847347243726923,0.23426711846322668,0.009490838358696019,P_near top-band
SnZr,L10,101,-0.10518069922924045,-0.28922046607323515,0.08696054775187742,0.23420270611870364,0.08999231605842278,P_near top-band
CoPt,L10,101,-0.057331634163856504,-0.23979366288246973,0.13517596954208944,0.23375700041821312,0.013457746138802795,P_near top-band
Pd3Sn,L12,111,0.06385686337947849,-0.1289728292239849,0.2054697709150382,0.23336654947917373,0.017214245458243294,P_near top-band
AlRh3,L12,111,-0.0711385494470596,-0.2698294962723462,0.12194562074597051,0.23305898124643054,0.1071613387582408,P_near top-band
CoPb,L10,101,0.0941370786726475,-0.0990331892374452,0.5653801717761298,0.23295510477287507,0.02204293773981708,P_near top-band
MoPt3,L12,111,-0.06668438374996183,-0.2386393513098829,0.12654530859431737,0.23288346347839273,0.12051631014334929,P_near top-band
BiPt3,L12,111,-0.037993781864643084,-0.1918013251490917,0.16242342238573762,0.23270086973501797,0.04018201395659049,P_near top-band
CdPt,L10,101,0.0644111478328705,-0.12917866732412908,0.35872514793909344,0.23245024519242086,0.01067929556004743,P_near top-band
PbTi,L10,101,-0.05638225734233859,-0.23174101299349203,0.13740183476702397,0.2322172037455177,0.15251346375655772,P_near top-band
AgPd,L10,101,0.03317694157361989,-0.16947119237183011,0.19266841176761842,0.23216824593387025,0.04076409773849379,P_near top-band
Pd3Pt,L12,111,-0.05535468518733977,-0.20175744298708342,0.13863069180228765,0.23197624840766318,0.06421116255362791,P_near top-band
PdPt,L10,101,-0.04217146098613739,-0.2114922170351028,0.15560105019283182,0.2305272829276216,0.06665624145964899,P_near top-band
In3Nb,L12,111,0.041096986234188115,-0.1446188186757701,0.4709806109875683,0.23005282914050057,0.0624981022404166,P_near top-band
AgPd3,L12,111,-0.04000871539115908,-0.19099972025225687,0.16262316403490176,0.2296663137379092,0.05106493476044188,P_near top-band
HfPt3,L12,111,-0.08674881517887117,-0.26436123530482714,0.11037755916733372,0.2282799556845111,0.07240614295799669,P_near top-band
Ir,A1,111,-0.04752063512802124,-0.22951334924492794,0.1500794183744936,0.22821694968548611,0.08411982735627022,P_near top-band
SnTi,L10,101,-0.1304825699329376,-0.28848855665353224,0.06674983471825599,0.22815723450506364,0.027909679859229708,P_near top-band
Pt3Zn,L12,111,-0.05884029328823087,-0.23309889272704926,0.13843449145356646,0.22810822000844233,0.018130860957834283,P_near top-band
Os3Pd,L12,111,-0.07333827376365659,-0.258967606190575,0.12410443976037727,0.22791420962983444,0.05171134125769522,P_near top-band
CoGa,L10,101,0.04710756778717043,-0.14881040330748485,0.33367227245104036,0.22758645731914,0.03367879764416218,P_near top-band
Cd3Y,L12,111,0.13390753060579302,-0.06464351438267746,0.31975176402928635,0.2266419700919382,0.1403115033420102,P_near top-band
Ag3Zr,L12,111,-0.004711852073669448,-0.22220243297477854,0.180840253490504,0.2263905730419149,0.008892051858064104,P_near top-band
IrRh3,L12,111,-0.08444006800651549,-0.25635369900973737,0.1145047429412436,0.2261933839119662,0.0009707142446779837,P_near top-band
PtRh,L10,101,-0.0607552117109299,-0.2342880552892191,0.13863407906352562,0.2256891522368819,0.0518899839596349,P_near top-band
IrRh,L10,101,-0.059598044157028185,-0.23549583393968598,0.13979928515176646,0.225680053769984,0.006115130058541307,P_near top-band
Pt3Re,L12,111,-0.07301079392433169,-0.25349154069194424,0.12646388257712005,0.22559254532578477,0.12153466385346179,P_near top-band
Ir3Mo,L12,111,-0.1031260049343109,-0.27028333911112756,0.09747849853726678,0.22432198291288974,0.0886034469556114,P_near top-band
NiPd,L10,101,-0.07161336004734042,-0.2592355574361435,0.12900497333343794,0.22430651895900722,0.05470200835837091,P_near top-band
Tl3V,L12,111,0.028891549408435857,-0.14985628888263203,0.4014717545308458,0.22410515055793673,1.2513510821402372,P_near top-band
Pt3Sn,L12,111,-0.04920809924602504,-0.22059897584732568,0.1524770469969793,0.22343235773127496,0.10376835125564748,P_near top-band
FeNi3,L12,111,-0.09938513398170468,-0.27081932360584726,0.10203604200949287,0.22341245789353636,0.05955924035945709,P_near top-band
Cd3Rh,L12,111,0.14504219308495525,-0.04161572433654559,0.5138358945517821,0.22306588766719937,0.118190553140513,P_near top-band
Pd3Ta,L12,111,-0.0678888922929764,-0.25598876352348365,0.1338913085249768,0.22301494307956982,0.00946444335634511,P_near top-band
PtZn,L10,101,0.09118645951151849,-0.11064838003132516,0.2244183876194213,0.22295457068722668,0.055582737145661004,P_near top-band
Al3La,L12,111,0.15131182424724107,-0.04923339973299412,0.3714424559497512,0.22285889356846109,0.03164104086747899,P_near top-band
Cu3V,L12,111,-0.14108054101467132,-0.27517810475181836,0.06202813200191781,0.22155627000883693,0.1420026585590028,P_near top-band
RhZn3,L12,111,0.1437283390760422,-0.03811430150699047,0.37287260624005736,0.22121717335793817,0.1933183267349444,P_near top-band
CuPt3,L12,111,-0.05089932739734648,-0.22337978423675875,0.1525223271689515,0.22121538680796582,0.00664115844417329,P_near top-band
