record_id,comp,error
Ag3Ga9_0.5H2(g) + * -> H*,AgGa3,H has 0 metal neighbors within cutoff
Ag3Ga9_0.5H2(g) + * -> H*_1,AgGa3,H has 0 metal neighbors within cutoff
Ag3Os9_0.5H2(g) + * -> H*_1,AgOs3,H has 0 metal neighbors within cutoff
Ag3Re9_0.5H2(g) + * -> H*_1,AgRe3,H has 0 metal neighbors within cutoff
Ag3Sn9_0.5H2(g) + * -> H*,AgSn3,H has 0 metal neighbors within cutoff
Ag3Sn9_0.5H2(g) + * -> H*_1,AgSn3,H has 0 metal neighbors within cutoff
Ag3W9_0.5H2(g) + * -> H*_1,AgW3,H has 0 metal neighbors within cutoff
Al12_0.5H2(g) + * -> H*,Al,H has 0 metal neighbors within cutoff
Al12_0.5H2(g) + * -> H*_1,Al,H has 0 metal neighbors within cutoff
Al3Ga9_0.5H2(g) + * -> H*_1,AlGa3,H has 0 metal neighbors within cutoff
Al3Sn9_0.5H2(g) + * -> H*,AlSn3,H has 0 metal neighbors within cutoff
Al3Sn9_0.5H2(g) + * -> H*_1,AlSn3,H has 0 metal neighbors within cutoff
Al3W9_0.5H2(g) + * -> H*_1,AlW3,H has 0 metal neighbors within cutoff
Al6Tc6_0.5H2(g) + * -> H*_3,AlTc,H has 0 metal neighbors within cutoff
Al9Bi3_0.5H2(g) + * -> H*,Al3Bi,H has 0 metal neighbors within cutoff
Al9Cr3_0.5H2(g) + * -> H*,Al3Cr,H has 0 metal neighbors within cutoff
Al9Cu3_0.5H2(g) + * -> H*,Al3Cu,H has 0 metal neighbors within cutoff
Al9Cu3_0.5H2(g) + * -> H*_1,Al3Cu,H has 0 metal neighbors within cutoff
Al9Hf3_0.5H2(g) + * -> H*_1,Al3Hf,H has 0 metal neighbors within cutoff
Al9Hg3_0.5H2(g) + * -> H*,Al3Hg,H has 0 metal neighbors within cutoff
Al9Hg3_0.5H2(g) + * -> H*_1,Al3Hg,H has 0 metal neighbors within cutoff
Al9Ir3_0.5H2(g) + * -> H*,Al3Ir,H has 0 metal neighbors within cutoff
Al9Ir3_0.5H2(g) + * -> H*_1,Al3Ir,H has 0 metal neighbors within cutoff
Al9Mo3_0.5H2(g) + * -> H*,Al3Mo,H has 0 metal neighbors within cutoff
Al9Nb3_0.5H2(g) + * -> H*,Al3Nb,H has 0 metal neighbors within cutoff
Al9Os3_0.5H2(g) + * -> H*_1,Al3Os,H has 0 metal neighbors within cutoff
Al9Os3_0.5H2(g) + * -> H*_2,Al3Os,H has 0 metal neighbors within cutoff
Al9Pb3_0.5H2(g) + * -> H*,Al3Pb,H has 0 metal neighbors within cutoff
Al9Pb3_0.5H2(g) + * -> H*_1,Al3Pb,H has 0 metal neighbors within cutoff
Al9Pd3_0.5H2(g) + * -> H*,Al3Pd,H has 0 metal neighbors within cutoff
Al9Pd3_0.5H2(g) + * -> H*_4,Al3Pd,H has 0 metal neighbors within cutoff
Al9Pt3_0.5H2(g) + * -> H*,Al3Pt,H has 0 metal neighbors within cutoff
Al9Pt3_0.5H2(g) + * -> H*_1,Al3Pt,H has 0 metal neighbors within cutoff
Al9Re3_0.5H2(g) + * -> H*,Al3Re,H has 0 metal neighbors within cutoff
Al9Re3_0.5H2(g) + * -> H*_1,Al3Re,H has 0 metal neighbors within cutoff
Al9Rh3_0.5H2(g) + * -> H*_1,Al3Rh,H has 0 metal neighbors within cutoff
Al9Ru3_0.5H2(g) + * -> H*,Al3Ru,H has 0 metal neighbors within cutoff
Al9Ru3_0.5H2(g) + * -> H*_1,Al3Ru,H has 0 metal neighbors within cutoff
Al9Ta3_0.5H2(g) + * -> H*,Al3Ta,H has 0 metal neighbors within cutoff
Al9Ta3_0.5H2(g) + * -> H*_1,Al3Ta,H has 0 metal neighbors within cutoff
Al9Tc3_0.5H2(g) + * -> H*,Al3Tc,H has 0 metal neighbors within cutoff
Al9Tc3_0.5H2(g) + * -> H*_1,Al3Tc,H has 0 metal neighbors within cutoff
Al9Ti3_0.5H2(g) + * -> H*,Al3Ti,H has 0 metal neighbors within cutoff
Al9Ti3_0.5H2(g) + * -> H*_1,Al3Ti,H has 0 metal neighbors within cutoff
Al9Tl3_0.5H2(g) + * -> H*,Al3Tl,H has 0 metal neighbors within cutoff
Al9Tl3_0.5H2(g) + * -> H*_1,Al3Tl,H has 0 metal neighbors within cutoff
Al9W3_0.5H2(g) + * -> H*,Al3W,H has 0 metal neighbors within cutoff
Al9W3_0.5H2(g) + * -> H*_1,Al3W,H has 0 metal neighbors within cutoff
Al9Y3_0.5H2(g) + * -> H*,Al3Y,H has 0 metal neighbors within cutoff
Al9Y3_0.5H2(g) + * -> H*_1,Al3Y,H has 0 metal neighbors within cutoff
Al9Zn3_0.5H2(g) + * -> H*,Al3Zn,H has 0 metal neighbors within cutoff
Al9Zr3_0.5H2(g) + * -> H*,Al3Zr,H has 0 metal neighbors within cutoff
Al9Zr3_0.5H2(g) + * -> H*_1,Al3Zr,H has 0 metal neighbors within cutoff
Au3Bi9_0.5H2(g) + * -> H*,AuBi3,H has 0 metal neighbors within cutoff
Au3Ga9_0.5H2(g) + * -> H*,AuGa3,H has 0 metal neighbors within cutoff
Au3Ga9_0.5H2(g) + * -> H*_1,AuGa3,H has 0 metal neighbors within cutoff
Au3Re9_0.5H2(g) + * -> H*_1,AuRe3,H has 0 metal neighbors within cutoff
Au3Tc9_0.5H2(g) + * -> H*_1,AuTc3,H has 0 metal neighbors within cutoff
Au3W9_0.5H2(g) + * -> H*,AuW3,H has 0 metal neighbors within cutoff
Au3W9_0.5H2(g) + * -> H*_1,AuW3,H has 0 metal neighbors within cutoff
Au6Sc6_0.5H2(g) + * -> H*_2,AuSc,H has 0 metal neighbors within cutoff
Bi12_0.5H2(g) + * -> H*_1,Bi,H has 0 metal neighbors within cutoff
Bi9Cd3_0.5H2(g) + * -> H*_1,Bi3Cd,H has 0 metal neighbors within cutoff
Bi9Pt3_0.5H2(g) + * -> H*,Bi3Pt,H has 0 metal neighbors within cutoff
Bi9Re3_0.5H2(g) + * -> H*,Bi3Re,H has 0 metal neighbors within cutoff
Bi9W3_0.5H2(g) + * -> H*,Bi3W,H has 0 metal neighbors within cutoff
Cd3Ga9_0.5H2(g) + * -> H*,CdGa3,H has 0 metal neighbors within cutoff
Cd3Ga9_0.5H2(g) + * -> H*_1,CdGa3,H has 0 metal neighbors within cutoff
Cd3Hg9_0.5H2(g) + * -> H*,CdHg3,H has 0 metal neighbors within cutoff
Cd3Os9_0.5H2(g) + * -> H*_1,CdOs3,H has 0 metal neighbors within cutoff
Cd3Re9_0.5H2(g) + * -> H*_1,CdRe3,H has 0 metal neighbors within cutoff
Cd3W9_0.5H2(g) + * -> H*,CdW3,H has 0 metal neighbors within cutoff
Cr3Hg9_0.5H2(g) + * -> H*_1,CrHg3,H has 0 metal neighbors within cutoff
Cu3W9_0.5H2(g) + * -> H*,CuW3,H has 0 metal neighbors within cutoff
Cu3W9_0.5H2(g) + * -> H*_3,CuW3,H has 0 metal neighbors within cutoff
Fe6Y6_0.5H2(g) + * -> H*_4,FeY,zero-size array to reduction operation maximum which has no identity
Ga12_0.5H2(g) + * -> H*_1,Ga,H has 0 metal neighbors within cutoff
Ga12_0.5H2(g) + * -> H*_2,Ga,H has 0 metal neighbors within cutoff
Ga3W9_0.5H2(g) + * -> H*_2,GaW3,H has 0 metal neighbors within cutoff
Ga9Hg3_0.5H2(g) + * -> H*_3,Ga3Hg,H has 0 metal neighbors within cutoff
Ga9In3_0.5H2(g) + * -> H*,Ga3In,H has 0 metal neighbors within cutoff
Ga9In3_0.5H2(g) + * -> H*_1,Ga3In,H has 0 metal neighbors within cutoff
Ga9Nb3_0.5H2(g) + * -> H*,Ga3Nb,H has 0 metal neighbors within cutoff
Ga9Pb3_0.5H2(g) + * -> H*,Ga3Pb,H has 0 metal neighbors within cutoff
Ga9Pb3_0.5H2(g) + * -> H*_6,Ga3Pb,H has 0 metal neighbors within cutoff
Ga9Pd3_0.5H2(g) + * -> H*_1,Ga3Pd,H has 0 metal neighbors within cutoff
Ga9Ru3_0.5H2(g) + * -> H*_1,Ga3Ru,H has 0 metal neighbors within cutoff
Ga9Ta3_0.5H2(g) + * -> H*_1,Ga3Ta,H has 0 metal neighbors within cutoff
Ga9Tc3_0.5H2(g) + * -> H*_5,Ga3Tc,H has 0 metal neighbors within cutoff
Ga9Tl3_0.5H2(g) + * -> H*,Ga3Tl,H has 0 metal neighbors within cutoff
Hf3Hg9_0.5H2(g) + * -> H*_1,HfHg3,H has 0 metal neighbors within cutoff
Hf3Sn9_0.5H2(g) + * -> H*,HfSn3,H has 0 metal neighbors within cutoff
Hf3Sn9_0.5H2(g) + * -> H*_1,HfSn3,H has 0 metal neighbors within cutoff
Hf3W9_0.5H2(g) + * -> H*_1,HfW3,H has 0 metal neighbors within cutoff
Hg3Re9_0.5H2(g) + * -> H*_2,HgRe3,H has 0 metal neighbors within cutoff
Hg3Tc9_0.5H2(g) + * -> H*_1,HgTc3,H has 0 metal neighbors within cutoff
Hg3W9_0.5H2(g) + * -> H*_1,HgW3,H has 0 metal neighbors within cutoff
Hg9La3_0.5H2(g) + * -> H*,Hg3La,H has 0 metal neighbors within cutoff
Hg9Ta3_0.5H2(g) + * -> H*_1,Hg3Ta,H has 0 metal neighbors within cutoff
Hg9Tc3_0.5H2(g) + * -> H*_1,Hg3Tc,H has 0 metal neighbors within cutoff
Hg9Ti3_0.5H2(g) + * -> H*_1,Hg3Ti,H has 0 metal neighbors within cutoff
Hg9Tl3_0.5H2(g) + * -> H*,Hg3Tl,H has 0 metal neighbors within cutoff
Hg9Tl3_0.5H2(g) + * -> H*_1,Hg3Tl,H has 0 metal neighbors within cutoff
Hg9Y3_0.5H2(g) + * -> H*,Hg3Y,H has 0 metal neighbors within cutoff
Hg9Zn3_0.5H2(g) + * -> H*,Hg3Zn,H has 0 metal neighbors within cutoff
Hg9Zn3_0.5H2(g) + * -> H*_1,Hg3Zn,H has 0 metal neighbors within cutoff
In3Re9_0.5H2(g) + * -> H*,InRe3,H has 0 metal neighbors within cutoff
In3W9_0.5H2(g) + * -> H*,InW3,H has 0 metal neighbors within cutoff
In9Y3_0.5H2(g) + * -> H*_1,In3Y,H has 0 metal neighbors within cutoff
La3Mo9_0.5H2(g) + * -> H*_1,LaMo3,H has 0 metal neighbors within cutoff
La3Re9_0.5H2(g) + * -> H*_1,LaRe3,H has 0 metal neighbors within cutoff
La3Tc9_0.5H2(g) + * -> H*,LaTc3,H has 0 metal neighbors within cutoff
La3Ti9_0.5H2(g) + * -> H*_1,LaTi3,H has 0 metal neighbors within cutoff
La3V9_0.5H2(g) + * -> H*,LaV3,H has 0 metal neighbors within cutoff
Mo3W9_0.5H2(g) + * -> H*_1,MoW3,H has 0 metal neighbors within cutoff
Nb3W9_0.5H2(g) + * -> H*_1,NbW3,H has 0 metal neighbors within cutoff
Ni3W9_0.5H2(g) + * -> H*,NiW3,H has 0 metal neighbors within cutoff
Os3Sn9_0.5H2(g) + * -> H*_1,OsSn3,H has 0 metal neighbors within cutoff
Os9Pb3_0.5H2(g) + * -> H*_1,Os3Pb,H has 0 metal neighbors within cutoff
Os9Pd3_0.5H2(g) + * -> H*_1,Os3Pd,H has 0 metal neighbors within cutoff
Os9Pt3_0.5H2(g) + * -> H*_1,Os3Pt,H has 0 metal neighbors within cutoff
Os9Sn3_0.5H2(g) + * -> H*_1,Os3Sn,H has 0 metal neighbors within cutoff
Os9Y3_0.5H2(g) + * -> H*_1,Os3Y,H has 0 metal neighbors within cutoff
Pb3W9_0.5H2(g) + * -> H*,PbW3,H has 0 metal neighbors within cutoff
Pb3Zn9_0.5H2(g) + * -> H*_1,PbZn3,H has 0 metal neighbors within cutoff
Pd3W9_0.5H2(g) + * -> H*,PdW3,H has 0 metal neighbors within cutoff
Pd3W9_0.5H2(g) + * -> H*_2,PdW3,H has 0 metal neighbors within cutoff
Pt3W9_0.5H2(g) + * -> H*,PtW3,H has 0 metal neighbors within cutoff
Pt3W9_0.5H2(g) + * -> H*_1,PtW3,H has 0 metal neighbors within cutoff
Re9Y3_0.5H2(g) + * -> H*_1,Re3Y,H has 0 metal neighbors within cutoff
Rh3W9_0.5H2(g) + * -> H*,RhW3,H has 0 metal neighbors within cutoff
Ru9Y3_0.5H2(g) + * -> H*_1,Ru3Y,H has 0 metal neighbors within cutoff
Sc3Sn9_0.5H2(g) + * -> H*_1,ScSn3,H has 0 metal neighbors within cutoff
Sc3V9_0.5H2(g) + * -> H*_1,ScV3,H has 0 metal neighbors within cutoff
Sc3W9_0.5H2(g) + * -> H*_1,ScW3,H has 0 metal neighbors within cutoff
Sn12_0.5H2(g) + * -> H*_1,Sn,H has 0 metal neighbors within cutoff
Sn12_0.5H2(g) + * -> H*_2,Sn,H has 0 metal neighbors within cutoff
Sn3W9_0.5H2(g) + * -> H*_1,SnW3,H has 0 metal neighbors within cutoff
Sn9Zn3_0.5H2(g) + * -> H*,Sn3Zn,H has 0 metal neighbors within cutoff
Sn9Zn3_0.5H2(g) + * -> H*_1,Sn3Zn,H has 0 metal neighbors within cutoff
Sn9Zr3_0.5H2(g) + * -> H*,Sn3Zr,H has 0 metal neighbors within cutoff
Sn9Zr3_0.5H2(g) + * -> H*_1,Sn3Zr,H has 0 metal neighbors within cutoff
Ta9Y3_0.5H2(g) + * -> H*_1,Ta3Y,H has 0 metal neighbors within cutoff
Tl3W9_0.5H2(g) + * -> H*,TlW3,H has 0 metal neighbors within cutoff
V3W9_0.5H2(g) + * -> H*_4,VW3,H has 0 metal neighbors within cutoff
V9Zr3_0.5H2(g) + * -> H*_1,V3Zr,H has 0 metal neighbors within cutoff
W12_0.5H2(g) + * -> H*_1,W,H has 0 metal neighbors within cutoff
W9Y3_0.5H2(g) + * -> H*,W3Y,H has 0 metal neighbors within cutoff
W9Zn3_0.5H2(g) + * -> H*_1,W3Zn,H has 0 metal neighbors within cutoff
W9Zr3_0.5H2(g) + * -> H*_1,W3Zr,H has 0 metal neighbors within cutoff
