comp,structure,facet,pred_E_ads,pred_dG,q05,q95,width,in_domain,acquisition_score
AuMn3,L12,111,-0.25250,-0.01250,-0.76300,0.66770,1.43070,True,1.26259
Co3Sb,L12,111,-0.22827,0.01173,-0.62563,0.58955,1.21519,False,1.08069
ReTl,L10,101,-0.23430,0.00570,-0.67314,0.47029,1.14343,True,1.08005
Mn3Tl,L12,111,-0.26419,-0.02419,-0.62113,0.55044,1.17156,True,0.91987
BiCo3,L12,111,-0.26746,-0.02746,-0.61980,0.54513,1.16493,True,0.88523
Co3Ge,L12,111,-0.26223,-0.02223,-0.60255,0.41051,1.01306,False,0.81117
FeGe,L10,101,-0.21690,0.02310,-0.60208,0.35283,0.95492,False,0.75792
Ge3Ta,L12,111,-0.24555,-0.00555,-0.41931,0.36688,0.78619,False,0.74376
GeTa,L10,101,-0.24607,-0.00607,-0.62035,0.09455,0.71490,False,0.67282
GeY,L10,101,-0.27137,-0.03137,-0.69490,0.21430,0.90919,False,0.66442
Ge3Re,L12,111,-0.21810,0.02190,-0.47074,0.31826,0.78900,False,0.63380
SbSc,L10,101,-0.23253,0.00747,-0.59823,0.07146,0.66970,False,0.62152
SbTi,L10,101,-0.24893,-0.00893,-0.57757,0.08983,0.66740,False,0.61040
IrSb3,L12,111,-0.21775,0.02225,-0.50499,0.25147,0.75646,False,0.60554
GeLa,L10,101,-0.17460,0.06540,-0.69505,0.46415,1.15920,False,0.60272
HgRu,L10,101,-0.23995,0.00005,-0.58556,-0.01319,0.57237,True,0.57208
InMn3,L12,111,-0.29970,-0.05970,-0.63011,0.39054,1.02065,True,0.56183
RuSb3,L12,111,-0.27225,-0.03225,-0.48507,0.28560,0.77067,False,0.55821
RuSb,L10,101,-0.21356,0.02644,-0.52985,0.19598,0.72583,False,0.55719
Co3Ga,L12,111,-0.22187,0.01813,-0.58001,0.07671,0.65672,True,0.54783
ReSb3,L12,111,-0.29752,-0.05752,-0.57798,0.36697,0.94495,False,0.53160
GePd3,L12,111,-0.25860,-0.01860,-0.51212,0.09453,0.60665,False,0.50369
CoPt3,L12,111,-0.24643,-0.00643,-0.55258,-0.03111,0.52148,True,0.48902
GeNb,L10,101,-0.27113,-0.03113,-0.60470,0.05429,0.65899,False,0.48272
MnOs,L10,101,-0.27424,-0.03424,-0.73053,-0.06964,0.66089,True,0.46926
Fe3Ge,L12,111,-0.15530,0.08470,-0.60422,0.48823,1.09245,False,0.46835
Ge3Hf,L12,111,-0.20549,0.03451,-0.38189,0.27085,0.65274,False,0.46224
IrSb,L10,101,-0.28293,-0.04293,-0.51068,0.18599,0.69667,False,0.45349
NbSb,L10,101,-0.28830,-0.04830,-0.60930,0.11793,0.72723,False,0.44867
Fe3Ir,L12,111,-0.17582,0.06418,-0.58803,0.25996,0.84799,True,0.44633
Mn3Rh,L12,111,-0.28476,-0.04476,-0.81662,-0.12133,0.69529,True,0.44440
CoMn,L10,101,-0.28912,-0.04912,-0.71969,-0.00232,0.71736,True,0.43897
AuRu,L10,101,-0.20672,0.03328,-0.56254,0.03945,0.60199,True,0.43160
SbZr,L10,101,-0.28343,-0.04343,-0.58026,0.08408,0.66434,False,0.43030
GeV,L10,101,-0.29228,-0.05228,-0.64351,0.07773,0.72124,False,0.42758
HgTc,L10,101,-0.16355,0.07645,-0.65421,0.23994,0.89415,True,0.41629
GePt3,L12,111,-0.27641,-0.03641,-0.57081,0.02337,0.59418,False,0.41285
AuOs,L10,101,-0.29823,-0.05823,-0.59097,0.08189,0.67286,True,0.37589
CoFe3,L12,111,-0.14703,0.09297,-0.64346,0.29498,0.93844,True,0.37036
OsSb,L10,101,-0.31001,-0.07001,-0.57365,0.16838,0.74203,False,0.36845
GeIr3,L12,111,-0.29118,-0.05118,-0.57508,0.02757,0.60265,False,0.36125
Fe3Os,L12,111,-0.30099,-0.06099,-0.65818,0.00213,0.66031,True,0.35880
GeOs3,L12,111,-0.29081,-0.05081,-0.58571,0.00542,0.59112,False,0.35564
CrHg,L10,101,-0.09962,0.14038,-0.65153,0.74691,1.39844,True,0.34354
CrIn,L10,101,-0.35461,-0.11461,-0.62222,0.42608,1.04831,True,0.33324
Pt3Sb,L12,111,-0.16336,0.07664,-0.50280,0.20945,0.71224,False,0.33096
GeRu,L10,101,-0.30488,-0.06488,-0.57735,0.04685,0.62420,False,0.32626
HgNi3,L12,111,-0.31713,-0.07713,-0.58570,0.11536,0.70107,True,0.32417
GeNi3,L12,111,-0.33136,-0.09136,-0.60130,0.18751,0.78881,False,0.31639
GeZr,L10,101,-0.31425,-0.07425,-0.64335,0.01971,0.66306,False,0.31556
