pubId,comp,facet,E_true,pred,q05,q95,width,pred_dG,acquisition_score
ClarkInfluence2018,Ag,100,0.50123,0.34103,-0.19775,0.47520,0.67295,0.58103,0.00202
ClarkInfluence2018,Ag,110,0.38143,0.34103,-0.19775,0.47520,0.67295,0.58103,0.00202
ClarkInfluence2018,Ag,111,0.44320,0.34103,-0.19775,0.47520,0.67295,0.58103,0.00202
ClarkInfluence2018,Ag,211,0.39012,0.34103,-0.19775,0.47520,0.67295,0.58103,0.00202
ClarkInfluence2018,Ag,311,0.45581,0.34103,-0.19775,0.47520,0.67295,0.58103,0.00202
HansenFirst2018,Ag4Zn,111,0.32865,0.18019,-0.20553,0.36996,0.57549,0.42019,0.00861
HansenFirst2018,Au4Zn,111,0.26602,0.32639,-0.19538,0.40310,0.59849,0.56639,0.00208
HansenFirst2018,Cd,001,0.91895,0.82891,0.00916,0.84986,0.84070,1.06891,0.00002
HansenFirst2018,Cu4W,111,-0.95526,-0.57175,-0.66515,-0.06537,0.59978,-0.33175,0.02174
HansenFirst2018,Fe,111,-0.81668,-0.90993,-0.95923,0.05450,1.01373,-0.66993,0.00125
HansenFirst2018,Ir4Sn,111,0.44056,-0.36394,-0.57556,0.02926,0.60482,-0.12394,0.17514
HansenFirst2018,Ni4Re,111,-0.95680,-0.46473,-0.62744,0.02103,0.64847,-0.22473,0.06853
HansenFirst2018,Pd4Ta,111,-1.13497,-0.27562,-0.54300,0.03823,0.58123,-0.03562,0.40706
HansenFirst2018,Pt,111,-0.33478,-0.31543,-0.55813,-0.01969,0.53844,-0.07543,0.25325
HansenFirst2018,Pt29Sn,111,-0.26380,-0.33390,-0.56677,-0.02373,0.54303,-0.09390,0.21233
HansenFirst2018,Re,001,-0.56935,-0.52522,-0.77190,-0.23015,0.54175,-0.28522,0.03127
HansenFirst2018,Rh,111,-0.35541,-0.31965,-0.57145,-0.00954,0.56191,-0.07965,0.25338
HansenFirst2018,Rh4Ta,111,-1.06677,-0.56798,-0.70836,-0.07510,0.63325,-0.32798,0.02383
HansenFirst2018,Ru,001,-0.44053,-0.41150,-0.66655,-0.06070,0.60586,-0.17150,0.10903
HansenFirst2018,Ti,001,-1.00415,-1.01007,-1.03582,-0.45342,0.58240,-0.77007,0.00026
HansenFirst2018,Zn,001,0.62580,0.54412,-0.01151,0.57958,0.59108,0.78412,0.00023
HansenFirst2018,Zr,001,-0.94805,-0.98569,-1.02461,-0.45229,0.57232,-0.74569,0.00033
LandersUnderstanding2020,Pd,111-0.00MLH,-0.35716,-0.27817,-0.51110,0.04495,0.55605,-0.03817,0.37962
MontoyaThe2015,Ag,111,0.42749,0.34103,-0.19775,0.47520,0.67295,0.58103,0.00202
MontoyaThe2015,Au,111,0.39196,0.29509,-0.19267,0.38617,0.57883,0.53509,0.00275
MontoyaThe2015,Co,111,-0.35407,-0.39858,-0.62085,0.23218,0.85303,-0.15858,0.17469
MontoyaThe2015,Cu,111,0.00979,-0.05952,-0.27108,0.16465,0.43573,0.18048,0.07168
MontoyaThe2015,Fe,111,-0.35425,-0.90993,-0.95923,0.05450,1.01373,-0.66993,0.00125
MontoyaThe2015,Ir,111,-0.31618,-0.31698,-0.58131,0.09818,0.67950,-0.07698,0.31467
MontoyaThe2015,Ni,111,-0.35250,-0.37740,-0.58321,0.05778,0.64099,-0.13740,0.16223
MontoyaThe2015,Pd,111,-0.27950,-0.27817,-0.51110,0.04495,0.55605,-0.03817,0.37962
MontoyaThe2015,Pt,111,-0.24062,-0.31543,-0.55813,-0.01969,0.53844,-0.07543,0.25325
MontoyaThe2015,Re,111,-0.61416,-0.52522,-0.77190,-0.23015,0.54175,-0.28522,0.03127
MontoyaThe2015,Rh,111,-0.32184,-0.31965,-0.57145,-0.00954,0.56191,-0.07965,0.25338
MontoyaThe2015,Ru,111,-0.44101,-0.41150,-0.66655,-0.06070,0.60586,-0.17150,0.10903
PengRole2020,Ag,111-fcc,0.49226,0.34103,-0.19775,0.47520,0.67295,0.58103,0.00202
PengRole2020,Ag,211-stepbridge,0.39524,0.34103,-0.19775,0.47520,0.67295,0.58103,0.00202
PengRole2020,Au,111-fcc,0.50949,0.29509,-0.19267,0.38617,0.57883,0.53509,0.00275
PengRole2020,Au,211-stepbridge,0.28275,0.29509,-0.19267,0.38617,0.57883,0.53509,0.00275
PengRole2020,Cu,100-4foldhollow,0.11168,-0.05952,-0.27108,0.16465,0.43573,0.18048,0.07168
PengRole2020,Cu,111-fcc,0.08269,-0.05952,-0.27108,0.16465,0.43573,0.18048,0.07168
PengRole2020,Cu,211-stepbridge,-0.01555,-0.05952,-0.27108,0.16465,0.43573,0.18048,0.07168
PengRole2020,Ni,111-fcc,-0.37750,-0.37740,-0.58321,0.05778,0.64099,-0.13740,0.16223
PengRole2020,Ni,211-stepbridge,-0.33828,-0.37740,-0.58321,0.05778,0.64099,-0.13740,0.16223
PengRole2020,Pd,111-fcc,-0.37594,-0.27817,-0.51110,0.04495,0.55605,-0.03817,0.37962
PengRole2020,Pd,211-stepbridge,-0.25297,-0.27817,-0.51110,0.04495,0.55605,-0.03817,0.37962
PengRole2020,Pt,111-fcc,-0.23932,-0.31543,-0.55813,-0.01969,0.53844,-0.07543,0.25325
PengRole2020,Pt,211-stepbridge,-0.39378,-0.31543,-0.55813,-0.01969,0.53844,-0.07543,0.25325
PengRole2020,Rh,111-fcc,-0.31281,-0.31965,-0.57145,-0.00954,0.56191,-0.07965,0.25338
PengRole2020,Rh,211-stepbridge,-0.35612,-0.31965,-0.57145,-0.00954,0.56191,-0.07965,0.25338
PengTrends2022,Cu,100,0.11168,-0.05952,-0.27108,0.16465,0.43573,0.18048,0.07168
SchumannSelectivity2018,Ag,111,0.44313,0.34103,-0.19775,0.47520,0.67295,0.58103,0.00202
SchumannSelectivity2018,Cu,111,0.03122,-0.05952,-0.27108,0.16465,0.43573,0.18048,0.07168
SchumannSelectivity2018,Ir,111,-0.24045,-0.31698,-0.58131,0.09818,0.67950,-0.07698,0.31467
SchumannSelectivity2018,Pd,111,-0.42495,-0.27817,-0.51110,0.04495,0.55605,-0.03817,0.37962
SchumannSelectivity2018,Pt,111,-0.28946,-0.31543,-0.55813,-0.01969,0.53844,-0.07543,0.25325
SchumannSelectivity2018,Rh,111,-0.36269,-0.31965,-0.57145,-0.00954,0.56191,-0.07965,0.25338
SongStrongly2026,Pt,111,-0.23571,-0.31543,-0.55813,-0.01969,0.53844,-0.07543,0.25325
TangFrom2020,Ag,111,0.49226,0.34103,-0.19775,0.47520,0.67295,0.58103,0.00202
TangFrom2020,Ag,211,0.39524,0.34103,-0.19775,0.47520,0.67295,0.58103,0.00202
TangFrom2020,Au,111,0.50949,0.29509,-0.19267,0.38617,0.57883,0.53509,0.00275
TangFrom2020,Au,211,0.28275,0.29509,-0.19267,0.38617,0.57883,0.53509,0.00275
TangFrom2020,Cu,100,0.11168,-0.05952,-0.27108,0.16465,0.43573,0.18048,0.07168
TangFrom2020,Cu,111,0.08269,-0.05952,-0.27108,0.16465,0.43573,0.18048,0.07168
TangFrom2020,Cu,211,-0.63390,-0.05952,-0.27108,0.16465,0.43573,0.18048,0.07168
TangFrom2020,In,1011,0.75227,0.84467,0.01877,0.87403,0.85526,1.08467,0.00002
TangFrom2020,In,1012,0.62308,0.84467,0.01877,0.87403,0.85526,1.08467,0.00002
TangFrom2020,Ni,111,-0.37750,-0.37740,-0.58321,0.05778,0.64099,-0.13740,0.16223
TangFrom2020,Ni,211,-0.33828,-0.37740,-0.58321,0.05778,0.64099,-0.13740,0.16223
TangFrom2020,Pb,111,0.80128,0.76889,0.01877,0.82079,0.80202,1.00889,0.00003
TangFrom2020,Pb,211,0.75878,0.76889,0.01877,0.82079,0.80202,1.00889,0.00003
TangFrom2020,Pd,111,-0.37594,-0.27817,-0.51110,0.04495,0.55605,-0.03817,0.37962
TangFrom2020,Pd,211,-0.25297,-0.27817,-0.51110,0.04495,0.55605,-0.03817,0.37962
TangFrom2020,Pt,111,-0.23932,-0.31543,-0.55813,-0.01969,0.53844,-0.07543,0.25325
TangFrom2020,Pt,211,-0.39378,-0.31543,-0.55813,-0.01969,0.53844,-0.07543,0.25325
TangFrom2020,Rh,111,-0.31281,-0.31965,-0.57145,-0.00954,0.56191,-0.07965,0.25338
TangFrom2020,Rh,211,-0.35612,-0.31965,-0.57145,-0.00954,0.56191,-0.07965,0.25338
TangFrom2020,Sn,111,-0.04078,0.49535,0.01877,0.75816,0.73939,0.73535,0.00047
TangFrom2020,Sn,211,-0.02531,0.49535,0.01877,0.75816,0.73939,0.73535,0.00047
TangFrom2020,Zn,0001,0.82324,0.54412,-0.01151,0.57958,0.59108,0.78412,0.00023
TangModeling2020,Ag,111,0.38151,0.34103,-0.19775,0.47520,0.67295,0.58103,0.00202
TangModeling2020,Cu,111,0.01260,-0.05952,-0.27108,0.16465,0.43573,0.18048,0.07168
TangModeling2020,Ir,111,-0.21679,-0.31698,-0.58131,0.09818,0.67950,-0.07698,0.31467
TangModeling2020,Ni,111,-0.31635,-0.37740,-0.58321,0.05778,0.64099,-0.13740,0.16223
TangModeling2020,Pd,111,-0.28441,-0.27817,-0.51110,0.04495,0.55605,-0.03817,0.37962
TangModeling2020,Pt,111,-0.17976,-0.31543,-0.55813,-0.01969,0.53844,-0.07543,0.25325
TangModeling2020,Rh,111,-0.32000,-0.31965,-0.57145,-0.00954,0.56191,-0.07965,0.25338
WangAchieving2021,Ag,111,0.41404,0.34103,-0.19775,0.47520,0.67295,0.58103,0.00202
WangAchieving2021,Au,111,0.03098,0.29509,-0.19267,0.38617,0.57883,0.53509,0.00275
WangAchieving2021,Au,211,0.29923,0.29509,-0.19267,0.38617,0.57883,0.53509,0.00275
WangAchieving2021,Co,111,-0.30614,-0.39858,-0.62085,0.23218,0.85303,-0.15858,0.17469
WangAchieving2021,Cu,111,-0.40658,-0.05952,-0.27108,0.16465,0.43573,0.18048,0.07168
WangAchieving2021,Cu,211,-0.04518,-0.05952,-0.27108,0.16465,0.43573,0.18048,0.07168
WangAchieving2021,Fe,110,-0.36842,-0.90993,-0.95923,0.05450,1.01373,-0.66993,0.00125
WangAchieving2021,Fe,111,-0.24108,-0.90993,-0.95923,0.05450,1.01373,-0.66993,0.00125
WangAchieving2021,Ir,111,-0.62936,-0.31698,-0.58131,0.09818,0.67950,-0.07698,0.31467
WangAchieving2021,Ir,211,-0.58674,-0.31698,-0.58131,0.09818,0.67950,-0.07698,0.31467
WangAchieving2021,Mo,111,-0.52189,-0.96458,-1.01229,-0.27161,0.74067,-0.72458,0.00053
WangAchieving2021,Ni,111,-0.37804,-0.37740,-0.58321,0.05778,0.64099,-0.13740,0.16223
WangAchieving2021,Ni,211,-0.38408,-0.37740,-0.58321,0.05778,0.64099,-0.13740,0.16223
WangAchieving2021,Os,111,-0.35895,-0.27372,-0.68413,-0.04970,0.63443,-0.03372,0.45284
WangAchieving2021,Os,211,-0.71207,-0.27372,-0.68413,-0.04970,0.63443,-0.03372,0.45284
WangAchieving2021,Os,hcp0001,-0.32481,-0.27372,-0.68413,-0.04970,0.63443,-0.03372,0.45284
WangAchieving2021,Pd,111,-0.32376,-0.27817,-0.51110,0.04495,0.55605,-0.03817,0.37962
WangAchieving2021,Pd,211,-0.35095,-0.27817,-0.51110,0.04495,0.55605,-0.03817,0.37962
WangAchieving2021,Pt,111,-0.80401,-0.31543,-0.55813,-0.01969,0.53844,-0.07543,0.25325
WangAchieving2021,Re,111,-0.43118,-0.52522,-0.77190,-0.23015,0.54175,-0.28522,0.03127
WangAchieving2021,Re,211,-0.80129,-0.52522,-0.77190,-0.23015,0.54175,-0.28522,0.03127
WangAchieving2021,Rh,111,-0.44445,-0.31965,-0.57145,-0.00954,0.56191,-0.07965,0.25338
WangAchieving2021,Ru,111,-0.37263,-0.41150,-0.66655,-0.06070,0.60586,-0.17150,0.10903
WangAchieving2021,Ru,211,-0.48972,-0.41150,-0.66655,-0.06070,0.60586,-0.17150,0.10903
WangAchieving2021,Ru,hcp0001,-0.45716,-0.41150,-0.66655,-0.06070,0.60586,-0.17150,0.10903
WangAchieving2021,W,111,-0.56469,-0.91155,-1.04181,-0.45232,0.58950,-0.67155,0.00071
YangIntrinsic2016,Rh,111,-0.31279,-0.31965,-0.57145,-0.00954,0.56191,-0.07965,0.25338
YangIntrinsic2016,Rh,211,-0.36076,-0.31965,-0.57145,-0.00954,0.56191,-0.07965,0.25338
