k,variant,pubId,comp,facet,E_true,pred,residual,width,pred_dG,acquisition_score
10,raw_topk,WangAchieving2021,Os,211,-0.71207,-0.27372,0.43835,0.63443,-0.03372,0.45284
10,raw_topk,WangAchieving2021,Os,111,-0.35895,-0.27372,0.08523,0.63443,-0.03372,0.45284
10,raw_topk,WangAchieving2021,Os,hcp0001,-0.32481,-0.27372,0.05109,0.63443,-0.03372,0.45284
10,raw_topk,HansenFirst2018,Pd4Ta,111,-1.13497,-0.27562,0.85935,0.58123,-0.03562,0.40706
10,raw_topk,PengRole2020,Pd,211-stepbridge,-0.25297,-0.27817,-0.02520,0.55605,-0.03817,0.37962
10,raw_topk,TangFrom2020,Pd,211,-0.25297,-0.27817,-0.02520,0.55605,-0.03817,0.37962
10,raw_topk,TangModeling2020,Pd,111,-0.28441,-0.27817,0.00624,0.55605,-0.03817,0.37962
10,raw_topk,SchumannSelectivity2018,Pd,111,-0.42495,-0.27817,0.14678,0.55605,-0.03817,0.37962
10,raw_topk,PengRole2020,Pd,111-fcc,-0.37594,-0.27817,0.09777,0.55605,-0.03817,0.37962
10,raw_topk,MontoyaThe2015,Pd,111,-0.27950,-0.27817,0.00133,0.55605,-0.03817,0.37962
10,comp_dedup_topk,WangAchieving2021,Os,211,-0.71207,-0.27372,0.43835,0.63443,-0.03372,0.45284
10,comp_dedup_topk,HansenFirst2018,Pd4Ta,111,-1.13497,-0.27562,0.85935,0.58123,-0.03562,0.40706
10,comp_dedup_topk,PengRole2020,Pd,211-stepbridge,-0.25297,-0.27817,-0.02520,0.55605,-0.03817,0.37962
10,comp_dedup_topk,MontoyaThe2015,Ir,111,-0.31618,-0.31698,-0.00080,0.67950,-0.07698,0.31467
10,comp_dedup_topk,TangFrom2020,Rh,211,-0.35612,-0.31965,0.03647,0.56191,-0.07965,0.25338
10,comp_dedup_topk,SongStrongly2026,Pt,111,-0.23571,-0.31543,-0.07972,0.53844,-0.07543,0.25325
10,comp_dedup_topk,HansenFirst2018,Pt29Sn,111,-0.26380,-0.33390,-0.07010,0.54303,-0.09390,0.21233
10,comp_dedup_topk,HansenFirst2018,Ir4Sn,111,0.44056,-0.36394,-0.80449,0.60482,-0.12394,0.17514
10,comp_dedup_topk,WangAchieving2021,Co,111,-0.30614,-0.39858,-0.09244,0.85303,-0.15858,0.17469
10,comp_dedup_topk,MontoyaThe2015,Ni,111,-0.35250,-0.37740,-0.02490,0.64099,-0.13740,0.16223
20,raw_topk,WangAchieving2021,Os,211,-0.71207,-0.27372,0.43835,0.63443,-0.03372,0.45284
20,raw_topk,WangAchieving2021,Os,111,-0.35895,-0.27372,0.08523,0.63443,-0.03372,0.45284
20,raw_topk,WangAchieving2021,Os,hcp0001,-0.32481,-0.27372,0.05109,0.63443,-0.03372,0.45284
20,raw_topk,HansenFirst2018,Pd4Ta,111,-1.13497,-0.27562,0.85935,0.58123,-0.03562,0.40706
20,raw_topk,PengRole2020,Pd,211-stepbridge,-0.25297,-0.27817,-0.02520,0.55605,-0.03817,0.37962
20,raw_topk,TangFrom2020,Pd,211,-0.25297,-0.27817,-0.02520,0.55605,-0.03817,0.37962
20,raw_topk,TangModeling2020,Pd,111,-0.28441,-0.27817,0.00624,0.55605,-0.03817,0.37962
20,raw_topk,SchumannSelectivity2018,Pd,111,-0.42495,-0.27817,0.14678,0.55605,-0.03817,0.37962
20,raw_topk,PengRole2020,Pd,111-fcc,-0.37594,-0.27817,0.09777,0.55605,-0.03817,0.37962
20,raw_topk,MontoyaThe2015,Pd,111,-0.27950,-0.27817,0.00133,0.55605,-0.03817,0.37962
20,raw_topk,WangAchieving2021,Pd,211,-0.35095,-0.27817,0.07278,0.55605,-0.03817,0.37962
20,raw_topk,WangAchieving2021,Pd,111,-0.32376,-0.27817,0.04559,0.55605,-0.03817,0.37962
20,raw_topk,TangFrom2020,Pd,111,-0.37594,-0.27817,0.09777,0.55605,-0.03817,0.37962
20,raw_topk,LandersUnderstanding2020,Pd,111-0.00MLH,-0.35716,-0.27817,0.07900,0.55605,-0.03817,0.37962
20,raw_topk,MontoyaThe2015,Ir,111,-0.31618,-0.31698,-0.00080,0.67950,-0.07698,0.31467
20,raw_topk,SchumannSelectivity2018,Ir,111,-0.24045,-0.31698,-0.07654,0.67950,-0.07698,0.31467
20,raw_topk,WangAchieving2021,Ir,211,-0.58674,-0.31698,0.26976,0.67950,-0.07698,0.31467
20,raw_topk,WangAchieving2021,Ir,111,-0.62936,-0.31698,0.31238,0.67950,-0.07698,0.31467
20,raw_topk,TangModeling2020,Ir,111,-0.21679,-0.31698,-0.10019,0.67950,-0.07698,0.31467
20,raw_topk,TangFrom2020,Rh,211,-0.35612,-0.31965,0.03647,0.56191,-0.07965,0.25338
20,comp_dedup_topk,WangAchieving2021,Os,211,-0.71207,-0.27372,0.43835,0.63443,-0.03372,0.45284
20,comp_dedup_topk,HansenFirst2018,Pd4Ta,111,-1.13497,-0.27562,0.85935,0.58123,-0.03562,0.40706
20,comp_dedup_topk,PengRole2020,Pd,211-stepbridge,-0.25297,-0.27817,-0.02520,0.55605,-0.03817,0.37962
20,comp_dedup_topk,MontoyaThe2015,Ir,111,-0.31618,-0.31698,-0.00080,0.67950,-0.07698,0.31467
20,comp_dedup_topk,TangFrom2020,Rh,211,-0.35612,-0.31965,0.03647,0.56191,-0.07965,0.25338
20,comp_dedup_topk,SongStrongly2026,Pt,111,-0.23571,-0.31543,-0.07972,0.53844,-0.07543,0.25325
20,comp_dedup_topk,HansenFirst2018,Pt29Sn,111,-0.26380,-0.33390,-0.07010,0.54303,-0.09390,0.21233
20,comp_dedup_topk,HansenFirst2018,Ir4Sn,111,0.44056,-0.36394,-0.80449,0.60482,-0.12394,0.17514
20,comp_dedup_topk,WangAchieving2021,Co,111,-0.30614,-0.39858,-0.09244,0.85303,-0.15858,0.17469
20,comp_dedup_topk,MontoyaThe2015,Ni,111,-0.35250,-0.37740,-0.02490,0.64099,-0.13740,0.16223
20,comp_dedup_topk,WangAchieving2021,Ru,211,-0.48972,-0.41150,0.07823,0.60586,-0.17150,0.10903
20,comp_dedup_topk,SchumannSelectivity2018,Cu,111,0.03122,-0.05952,-0.09074,0.43573,0.18048,0.07168
20,comp_dedup_topk,HansenFirst2018,Ni4Re,111,-0.95680,-0.46473,0.49208,0.64847,-0.22473,0.06853
20,comp_dedup_topk,WangAchieving2021,Re,211,-0.80129,-0.52522,0.27606,0.54175,-0.28522,0.03127
20,comp_dedup_topk,HansenFirst2018,Rh4Ta,111,-1.06677,-0.56798,0.49879,0.63325,-0.32798,0.02383
20,comp_dedup_topk,HansenFirst2018,Cu4W,111,-0.95526,-0.57175,0.38351,0.59978,-0.33175,0.02174
20,comp_dedup_topk,HansenFirst2018,Ag4Zn,111,0.32865,0.18019,-0.14846,0.57549,0.42019,0.00861
20,comp_dedup_topk,MontoyaThe2015,Au,111,0.39196,0.29509,-0.09687,0.57883,0.53509,0.00275
20,comp_dedup_topk,HansenFirst2018,Au4Zn,111,0.26602,0.32639,0.06037,0.59849,0.56639,0.00208
20,comp_dedup_topk,TangFrom2020,Ag,111,0.49226,0.34103,-0.15123,0.67295,0.58103,0.00202
