config,outer_fold,MAE,best_params
baseline_36,0,0.13336791476769805,"{""subsample"": 0.7, ""reg_lambda"": 1.0, ""n_estimators"": 200, ""min_child_weight"": 1, ""max_depth"": 8, ""learning_rate"": 0.05, ""colsample_bytree"": 0.8}"
baseline_36,1,0.11783466914168786,"{""subsample"": 0.8, ""reg_lambda"": 0.5, ""n_estimators"": 400, ""min_child_weight"": 1, ""max_depth"": 7, ""learning_rate"": 0.03, ""colsample_bytree"": 0.6}"
baseline_36,2,0.11068179412211157,"{""subsample"": 0.9, ""reg_lambda"": 0.5, ""n_estimators"": 600, ""min_child_weight"": 1, ""max_depth"": 7, ""learning_rate"": 0.03, ""colsample_bytree"": 1.0}"
baseline_36,3,0.13614349889561106,"{""subsample"": 0.8, ""reg_lambda"": 0.5, ""n_estimators"": 400, ""min_child_weight"": 1, ""max_depth"": 7, ""learning_rate"": 0.03, ""colsample_bytree"": 0.6}"
baseline_36,4,0.11076731867154141,"{""subsample"": 0.7, ""reg_lambda"": 1.0, ""n_estimators"": 200, ""min_child_weight"": 1, ""max_depth"": 8, ""learning_rate"": 0.05, ""colsample_bytree"": 0.8}"
plus_melting,0,0.1252101082535452,"{""subsample"": 0.7, ""reg_lambda"": 5.0, ""n_estimators"": 600, ""min_child_weight"": 3, ""max_depth"": 6, ""learning_rate"": 0.01, ""colsample_bytree"": 0.6}"
plus_melting,1,0.11040428296566554,"{""subsample"": 0.8, ""reg_lambda"": 0.5, ""n_estimators"": 400, ""min_child_weight"": 1, ""max_depth"": 7, ""learning_rate"": 0.03, ""colsample_bytree"": 0.6}"
plus_melting,2,0.11247873252113626,"{""subsample"": 0.7, ""reg_lambda"": 5.0, ""n_estimators"": 600, ""min_child_weight"": 3, ""max_depth"": 6, ""learning_rate"": 0.01, ""colsample_bytree"": 0.6}"
plus_melting,3,0.1321972711560851,"{""subsample"": 0.9, ""reg_lambda"": 0.5, ""n_estimators"": 600, ""min_child_weight"": 1, ""max_depth"": 7, ""learning_rate"": 0.03, ""colsample_bytree"": 1.0}"
plus_melting,4,0.10651892016725897,"{""subsample"": 0.8, ""reg_lambda"": 0.5, ""n_estimators"": 400, ""min_child_weight"": 1, ""max_depth"": 7, ""learning_rate"": 0.03, ""colsample_bytree"": 0.6}"
plus_mendeleevnum,0,0.12447868982755525,"{""subsample"": 0.8, ""reg_lambda"": 0.5, ""n_estimators"": 400, ""min_child_weight"": 1, ""max_depth"": 7, ""learning_rate"": 0.03, ""colsample_bytree"": 0.6}"
plus_mendeleevnum,1,0.11064492512064954,"{""subsample"": 0.8, ""reg_lambda"": 0.5, ""n_estimators"": 400, ""min_child_weight"": 1, ""max_depth"": 7, ""learning_rate"": 0.03, ""colsample_bytree"": 0.6}"
plus_mendeleevnum,2,0.11389972071508662,"{""subsample"": 0.8, ""reg_lambda"": 0.5, ""n_estimators"": 400, ""min_child_weight"": 1, ""max_depth"": 7, ""learning_rate"": 0.03, ""colsample_bytree"": 0.6}"
plus_mendeleevnum,3,0.13038633243460182,"{""subsample"": 0.8, ""reg_lambda"": 0.5, ""n_estimators"": 400, ""min_child_weight"": 1, ""max_depth"": 7, ""learning_rate"": 0.03, ""colsample_bytree"": 0.6}"
plus_mendeleevnum,4,0.10407988438437069,"{""subsample"": 0.8, ""reg_lambda"": 0.5, ""n_estimators"": 400, ""min_child_weight"": 1, ""max_depth"": 7, ""learning_rate"": 0.03, ""colsample_bytree"": 0.6}"
plus_unfilled,0,0.12758081666245563,"{""subsample"": 0.8, ""reg_lambda"": 0.5, ""n_estimators"": 400, ""min_child_weight"": 1, ""max_depth"": 7, ""learning_rate"": 0.03, ""colsample_bytree"": 0.6}"
plus_unfilled,1,0.1123814971515169,"{""subsample"": 0.7, ""reg_lambda"": 1.0, ""n_estimators"": 200, ""min_child_weight"": 1, ""max_depth"": 8, ""learning_rate"": 0.05, ""colsample_bytree"": 0.8}"
plus_unfilled,2,0.10909428271852459,"{""subsample"": 0.9, ""reg_lambda"": 0.5, ""n_estimators"": 600, ""min_child_weight"": 1, ""max_depth"": 7, ""learning_rate"": 0.03, ""colsample_bytree"": 1.0}"
plus_unfilled,3,0.13577877302670102,"{""subsample"": 0.8, ""reg_lambda"": 0.5, ""n_estimators"": 400, ""min_child_weight"": 1, ""max_depth"": 7, ""learning_rate"": 0.03, ""colsample_bytree"": 0.6}"
plus_unfilled,4,0.10612869007340263,"{""subsample"": 0.9, ""reg_lambda"": 0.5, ""n_estimators"": 600, ""min_child_weight"": 1, ""max_depth"": 7, ""learning_rate"": 0.03, ""colsample_bytree"": 1.0}"
plus_valence_covalent,0,0.1251000096458193,"{""subsample"": 0.8, ""reg_lambda"": 0.5, ""n_estimators"": 400, ""min_child_weight"": 1, ""max_depth"": 7, ""learning_rate"": 0.03, ""colsample_bytree"": 0.6}"
plus_valence_covalent,1,0.11619626925977795,"{""subsample"": 0.8, ""reg_lambda"": 0.5, ""n_estimators"": 400, ""min_child_weight"": 1, ""max_depth"": 7, ""learning_rate"": 0.03, ""colsample_bytree"": 0.6}"
plus_valence_covalent,2,0.11512975005540355,"{""subsample"": 0.8, ""reg_lambda"": 0.5, ""n_estimators"": 400, ""min_child_weight"": 1, ""max_depth"": 7, ""learning_rate"": 0.03, ""colsample_bytree"": 0.6}"
plus_valence_covalent,3,0.13241475581275947,"{""subsample"": 0.8, ""reg_lambda"": 0.5, ""n_estimators"": 400, ""min_child_weight"": 1, ""max_depth"": 7, ""learning_rate"": 0.03, ""colsample_bytree"": 0.6}"
plus_valence_covalent,4,0.10672146725372741,"{""subsample"": 0.8, ""reg_lambda"": 0.5, ""n_estimators"": 400, ""min_child_weight"": 1, ""max_depth"": 7, ""learning_rate"": 0.03, ""colsample_bytree"": 0.6}"
plus_mode,0,0.13462228979004542,"{""subsample"": 0.7, ""reg_lambda"": 5.0, ""n_estimators"": 600, ""min_child_weight"": 3, ""max_depth"": 6, ""learning_rate"": 0.01, ""colsample_bytree"": 0.6}"
plus_mode,1,0.11391913136951658,"{""subsample"": 0.8, ""reg_lambda"": 0.5, ""n_estimators"": 400, ""min_child_weight"": 1, ""max_depth"": 7, ""learning_rate"": 0.03, ""colsample_bytree"": 0.6}"
plus_mode,2,0.11840386843228297,"{""subsample"": 0.7, ""reg_lambda"": 5.0, ""n_estimators"": 600, ""min_child_weight"": 3, ""max_depth"": 6, ""learning_rate"": 0.01, ""colsample_bytree"": 0.6}"
plus_mode,3,0.131985062867101,"{""subsample"": 0.8, ""reg_lambda"": 0.5, ""n_estimators"": 400, ""min_child_weight"": 1, ""max_depth"": 7, ""learning_rate"": 0.03, ""colsample_bytree"": 0.6}"
plus_mode,4,0.10870146253320143,"{""subsample"": 0.8, ""reg_lambda"": 0.5, ""n_estimators"": 400, ""min_child_weight"": 1, ""max_depth"": 7, ""learning_rate"": 0.03, ""colsample_bytree"": 0.6}"
full_merged,0,0.12017636581118606,"{""subsample"": 0.7, ""reg_lambda"": 5.0, ""n_estimators"": 600, ""min_child_weight"": 3, ""max_depth"": 6, ""learning_rate"": 0.01, ""colsample_bytree"": 0.6}"
full_merged,1,0.10466255633559392,"{""subsample"": 0.7, ""reg_lambda"": 5.0, ""n_estimators"": 600, ""min_child_weight"": 3, ""max_depth"": 6, ""learning_rate"": 0.01, ""colsample_bytree"": 0.6}"
full_merged,2,0.10936440129886864,"{""subsample"": 0.7, ""reg_lambda"": 5.0, ""n_estimators"": 600, ""min_child_weight"": 3, ""max_depth"": 6, ""learning_rate"": 0.01, ""colsample_bytree"": 0.6}"
full_merged,3,0.13057625035811607,"{""subsample"": 0.8, ""reg_lambda"": 0.5, ""n_estimators"": 400, ""min_child_weight"": 1, ""max_depth"": 7, ""learning_rate"": 0.03, ""colsample_bytree"": 0.6}"
full_merged,4,0.10447762880593953,"{""subsample"": 0.7, ""reg_lambda"": 5.0, ""n_estimators"": 600, ""min_child_weight"": 3, ""max_depth"": 6, ""learning_rate"": 0.01, ""colsample_bytree"": 0.6}"
