feature,mean_abs_shap,rank,is_new
group_wmean,0.36505634,1,False
d_el_wmean,0.043921158,2,False
group_min,0.035298705,3,False
site_hollow_hcp,0.03012452,4,True
en_min,0.02935913,5,False
radius_min,0.024084201,6,False
en_wmean,0.022240793,7,False
site_top,0.021436272,8,True
group_max,0.018781079,9,False
period_min,0.015151516,10,False
en_wstd,0.014263053,11,False
ie1_wmean,0.013097265,12,False
en_max,0.01116555,13,False
d_el_min,0.01059721,14,False
radius_wmean,0.009602068,15,False
ie1_min,0.008950948,16,False
group_range,0.008674402,17,False
period_max,0.007879223,18,False
site_bridge,0.0076928632,19,True
period_wmean,0.007209977,20,False
site_hollow_fcc,0.0069132578,21,True
group_wstd,0.0066354256,22,False
ie1_range,0.0058924016,23,False
structure_L10,0.005872443,24,False
ie1_max,0.005666029,25,False
d_el_max,0.005653084,26,False
en_range,0.0056252424,27,False
radius_wstd,0.0055022137,28,False
d_el_range,0.0052045593,29,False
ie1_wstd,0.0045428574,30,False
period_wstd,0.0037596077,31,False
d_el_wstd,0.0032585438,32,False
radius_max,0.0032253019,33,False
structure_L12,0.0029470318,34,False
radius_range,0.002732601,35,False
period_range,0.00081520394,36,False
site_other,0.00039131893,37,True
n_elements,0.0003481602,38,False
structure_A1,0.0,39,False
facet_111,0.0,40,False
facet_101,0.0,41,False
site_missing,0.0,42,True
