comp,pubId_argmin,facet_argmin,E_true_min,functional_argmin,k_min,k_max,n_rows,n_surfaces,func_bin,in_mamun,mamun_energy_eV,E_diff_ext_minus_mamun,decision
Pd4Ta,HansenFirst2018,111,-1.1349710198119285,BEEF-vdW,2.0,2.0,1,1,BEEF-vdW,False,,,append
Rh4Ta,HansenFirst2018,111,-1.0667693567083916,BEEF-vdW,2.0,2.0,1,1,BEEF-vdW,False,,,append
MgSc,AlonsoStrain2023,101,-1.0413339454134984,PBE,1.0,1.0,6,1,PBE,False,,,append
MgY,AlonsoStrain2023,101-3%,-1.0371010785929684,PBE,1.0,1.0,1,5,PBE,False,,,append
MgRh,AlonsoStrain2023,101,-0.9863103503230376,PBE,1.0,1.0,5,1,PBE,False,,,append
Ni4Re,HansenFirst2018,111,-0.9568039319565286,BEEF-vdW,2.0,2.0,1,1,BEEF-vdW,False,,,append
Cu4W,HansenFirst2018,111,-0.9552553320827428,BEEF-vdW,2.0,2.0,1,1,BEEF-vdW,False,,,append
Ni3Si,AlonsoStrain2023,111+3%,-0.9245975167868892,PBE,1.0,1.0,1,5,PBE,False,,,append
MgNd,AlonsoStrain2023,101,-0.8740530515497085,PBE,1.0,1.0,5,5,PBE,False,,,append
Ni,KaiData-driven2022,111,-0.8227042800000106,MS2,2.0,2.0,9,21,MS2,False,,,append
AgNd,AlonsoStrain2023,101+5%,-0.6510730400004832,PBE,1.0,1.0,1,5,PBE,False,,,append
Re2Sm,AlonsoStrain2023,0001,-0.6067203890925157,PBE,1.0,1.0,5,1,PBE,False,,,append
NdZn,AlonsoStrain2023,101+3%,-0.5840684086579131,PBE,1.0,1.0,1,5,PBE,False,,,append
NbZn2,AlonsoStrain2023,0001,-0.5496430148195941,PBE,1.0,1.0,4,1,PBE,False,,,append
Os2Y,AlonsoStrain2023,0001,-0.4751840969620389,PBE,1.0,1.0,3,1,PBE,False,,,append
MgPd,AlonsoStrain2023,101,-0.3867179832268448,PBE,1.0,1.0,5,1,PBE,False,,,append
Pt29Sn,HansenFirst2018,111,-0.2637994117831113,BEEF-vdW,2.0,2.0,1,1,BEEF-vdW,False,,,append
Au4Zn,HansenFirst2018,111,0.2660174798220396,BEEF-vdW,2.0,2.0,1,1,BEEF-vdW,False,,,append
Ag4Zn,HansenFirst2018,111,0.3286490404279902,BEEF-vdW,2.0,2.0,1,1,BEEF-vdW,False,,,append
Ir4Sn,HansenFirst2018,111,0.4405579023004975,BEEF-vdW,2.0,2.0,1,1,BEEF-vdW,False,,,append
InZr3,AlonsoStrain2023,111+5%,-1.2388288632864717,PBE,1.0,1.0,1,5,PBE,True,-1.091705890458769,-0.1471229728277026,keep_mamun
AlZr3,AlonsoStrain2023,111+3%,-1.176806772378768,PBE,1.0,1.0,1,5,PBE,True,-1.041334897859059,-0.135471874519709,keep_mamun
OsZr,AlonsoStrain2023,101+5%,-1.17198845263556,PBE,1.0,1.0,1,5,PBE,True,-0.9844546699596036,-0.18753378267595633,keep_mamun
Zr,AlonsoStrain2023,0001-3%,-1.099016500873404,PBE,1.0,1.0,2,5,PBE,True,-0.9923391684578462,-0.10667733241555788,keep_mamun
Ti,LiuCatalytic2022,0001,-1.0427852161111115,RPBE,1.0,18.0,4,2,RPBE,True,-1.0104374598585937,-0.032347756252517845,keep_mamun
RuZr,AlonsoStrain2023,101+2%,-1.0379699380791862,PBE,1.0,1.0,1,5,PBE,True,-0.8398800433596705,-0.19808989471951577,keep_mamun
MnV,AlonsoStrain2023,101+3%,-0.9525735405477462,PBE,1.0,1.0,1,5,PBE,True,-1.3852587621576902,0.43268522160994394,keep_mamun
ZnZr,AlonsoStrain2023,101+2%,-0.9450282319667168,PBE,1.0,1.0,1,4,PBE,True,-0.7499974409647336,-0.19503079100198317,keep_mamun
Nb,AlonsoStrain2023,110+5%,-0.9291633148932306,PBE,1.0,1.0,1,5,PBE,True,-0.9435531028566118,0.014389787963381195,keep_mamun
RhY,AlonsoStrain2023,101+5%,-0.9200639641785529,PBE,1.0,1.0,1,5,PBE,True,-0.672236965960991,-0.24782699821756182,keep_mamun
Ir3Zr,AlonsoStrain2023,111+5%,-0.8961122319888091,PBE,1.0,1.0,1,5,PBE,True,-0.5908406417574668,-0.3052715902313423,keep_mamun
Ni3Zr,AlonsoStrain2023,0001+3%,-0.8915747337450739,PBE,1.0,1.0,1,5,PBE,True,-0.4759392128534898,-0.4156355208915841,keep_mamun
Ir3Ti,AlonsoStrain2023,111+5%,-0.8352756050298922,PBE,1.0,1.0,1,3,PBE,True,-0.5300880979584406,-0.3051875070714516,keep_mamun
AlNi3,AlonsoStrain2023,111,-0.8285333043822902,PBE,1.0,1.0,3,5,PBE,True,-0.5874389467562366,-0.24109435762605358,keep_mamun
CoZr,AlonsoStrain2023,101-3%,-0.8241992112234584,PBE,1.0,1.0,1,3,PBE,True,-0.6983764933602004,-0.12582271786325805,keep_mamun
Fe,HansenFirst2018,111,-0.8166818978934316,BEEF-vdW,2.0,2.0,1,4,BEEF-vdW,True,-0.9568485850604418,0.1401666871670102,keep_mamun
Re,AlonsoStrain2023,0001,-0.8040510862701922,PBE,1.0,1.0,3,5,PBE,True,-0.5119850445580312,-0.292066041712161,keep_mamun
Pt,WangAchieving2021,111,-0.8040111885638908,BEEF-vdW,2.0,2.0,1,27,BEEF-vdW,True,-0.3123140323577615,-0.49169715620612925,keep_mamun
YZn,AlonsoStrain2023,101,-0.7834313880230184,PBE,1.0,1.0,5,5,PBE,True,-0.6480782911521317,-0.1353530968708867,keep_mamun
Os,AlonsoStrain2023,0001+8%,-0.7510212692795903,PBE,1.0,1.0,1,11,PBE,True,-0.258513452957203,-0.4925078163223873,keep_mamun
Pd,KaiData-driven2022,111,-0.7428286849999495,MS2,2.0,2.0,9,25,MS2,True,-0.2897280394563211,-0.4531006455436284,keep_mamun
Mo,AlonsoStrain2023,110,-0.7428088736269274,PBE,1.0,1.0,4,2,PBE,True,-0.989086999957152,0.2462781263302246,keep_mamun
RhZn,AlonsoStrain2023,101,-0.7326769869541749,PBE,1.0,1.0,4,2,PBE,True,-0.3876823546588355,-0.34499463229533944,keep_mamun
Cu,Gauthierrole2021,211,-0.7031794450000035,RPBE_-0.413VSHE,1.0,1.0,1,21,RPBE,True,-0.0535604389505977,-0.6496190060494058,keep_mamun
NbZn3,AlonsoStrain2023,111+3%,-0.6724162889440777,PBE,1.0,1.0,1,5,PBE,True,-0.4821281699614417,-0.19028811898263598,keep_mamun
MnNi3,AlonsoStrain2023,111,-0.6649190084572183,PBE,1.0,1.0,2,2,PBE,True,-0.4143813481559562,-0.2505376603012621,keep_mamun
Rh,AlonsoStrain2023,111+8%,-0.6416426628056797,PBE,1.0,1.0,1,19,PBE,True,-0.2842750142580996,-0.35736764854758013,keep_mamun
Ir,WangAchieving2021,111,-0.6293607640691334,BEEF-vdW,2.0,2.0,2,6,BEEF-vdW,True,-0.3241198273562702,-0.30524093671286323,keep_mamun
InPt3,AlonsoStrain2023,111,-0.6272453917190433,PBE,1.0,1.0,4,1,PBE,True,-0.3557186386596811,-0.27152675305936214,keep_mamun
FeNi3,AlonsoStrain2023,111+5%,-0.6186686356377322,PBE,1.0,1.0,1,5,PBE,True,-0.2995592403594571,-0.31910939527827514,keep_mamun
VZn3,AlonsoStrain2023,111,-0.609321253185044,PBE,1.0,1.0,6,5,PBE,True,-0.3861208294538016,-0.22320042373124244,keep_mamun
W,WangAchieving2021,111,-0.564687465208408,BEEF-vdW,2.0,2.0,1,1,BEEF-vdW,True,-0.8795113830592243,0.3148239178508163,keep_mamun
Pt3Zn,AlonsoStrain2023,111+5%,-0.5619448732832097,PBE,1.0,1.0,1,5,PBE,True,-0.2581308609578343,-0.30381401232537547,keep_mamun
Pd3Y,AlonsoStrain2023,111+3%,-0.5327871951940324,PBE,1.0,1.0,1,5,PBE,True,-0.4990907942546698,-0.0336964009393626,keep_mamun
Ru,WangAchieving2021,211,-0.4897240450663958,BEEF-vdW,2.0,2.0,1,5,BEEF-vdW,True,-0.4111656428567301,-0.0785584022096657,keep_mamun
TiZn3,AlonsoStrain2023,111-5%,-0.4838911955739604,PBE,1.0,1.0,1,5,PBE,True,-0.3385362824546689,-0.1453549131192915,keep_mamun
Co,MontoyaThe2015,111,-0.354071412959,BEEF-vdW,1.0,1.0,4,2,BEEF-vdW,True,-0.4487178968547312,0.09464648389573116,keep_mamun
MnZn3,AlonsoStrain2023,111+3%,-0.1699374052113853,PBE,1.0,1.0,1,5,PBE,True,0.0107204689420825,-0.18065787415346782,keep_mamun
CuZn,AlonsoStrain2023,101+5%,-0.0545151503756642,PBE,1.0,1.0,1,5,PBE,True,0.1591721735394742,-0.2136873239151384,keep_mamun
Sn,TangFrom2020,111,-0.0407840837724506,BEEF-vdW,1.0,1.0,1,2,BEEF-vdW,True,0.4576520744422225,-0.49843615821467313,keep_mamun
Au,WangAchieving2021,111,0.030983087104687,BEEF-vdW,2.0,2.0,2,10,BEEF-vdW,True,0.322403197239538,-0.291420110134851,keep_mamun
Ag,Gauthierrole2021,211,0.2131526249999922,RPBE_-0.413VSHE,1.0,1.0,1,16,RPBE,True,0.3381553230438214,-0.12500269804382919,keep_mamun
AuZn,AlonsoStrain2023,101,0.2503421464934945,PBE,1.0,1.0,12,7,PBE,True,0.524432211947925,-0.2740900654544305,keep_mamun
Zn,AlonsoStrain2023,0001-5%,0.3917322249326389,PBE,1.0,1.0,1,10,PBE,True,0.5527372213337287,-0.16100499640108984,keep_mamun
In,TangFrom2020,1012,0.62308241725259,BEEF-vdW,1.0,1.0,1,2,BEEF-vdW,True,0.8628978808419845,-0.23981546358939454,keep_mamun
Pb,TangFrom2020,211,0.7587757303699618,BEEF-vdW,1.0,1.0,1,2,BEEF-vdW,True,0.7541599663427689,0.004615764027192881,keep_mamun
Cd,HansenFirst2018,001,0.9189513987294048,BEEF-vdW,2.0,2.0,1,1,BEEF-vdW,True,0.8254392339413528,0.09351216478805202,keep_mamun
