src,comp,facet,E_true,n_sites,E_spread,E_pred,residual,in_domain_facet,has_Sb
eqv2_361_relaxed,Co3Cu,110,-0.36847611,1,0.0,-0.33954263,0.028933482665405297,False,False
eqv2_361_relaxed,Co3Fe,110,-0.362877,1,0.0,-0.047439624,0.3154373763759136,False,False
eqv2_361_relaxed,Co3Mn,110,-0.35129912,1,0.0,-0.2738856,0.07741351228057863,False,False
eqv2_361_relaxed,Co3Nb,110,-0.34482751,1,0.0,-0.5943121,-0.24948456180023193,False,False
eqv2_361_relaxed,Co3Ni,110,-0.39778855,2,0.010583220000000004,-0.3418922,0.05589633737068178,False,False
eqv2_361_relaxed,Co3Sn,100,-0.22585457,1,0.0,-0.2715915,-0.04573694434898376,False,False
eqv2_361_relaxed,Co3Sn2,100,-0.28163444,1,0.0,-0.27238497,0.009249468619766221,False,False
eqv2_361_relaxed,Co3Ta,110,-0.35630667,1,0.0,-0.587539,-0.23123234720046998,False,False
eqv2_361_relaxed,CoMo3,100,-0.37133341,1,0.0,-0.7724739,-0.4011404617079163,False,False
eqv2_361_relaxed,CoMo3,111,-0.31646198,1,0.0,-0.77478796,-0.45832598243667605,True,False
eqv2_361_relaxed,CoNb,100,-0.38665545,1,0.0,-0.74339604,-0.3567405937774658,False,False
eqv2_361_relaxed,CoNi,100,-0.39211611,1,0.0,-0.34101018,0.05110592690406801,False,False
eqv2_361_relaxed,CoNi,111,-0.35076552,2,0.011243100000000006,-0.34101018,0.00975533690406799,True,False
eqv2_361_relaxed,CoPt,100,-0.30944676,1,0.0,-0.30676287,0.0026838858735656612,False,False
eqv2_361_relaxed,CoPt,111,-0.39612369,1,0.0,-0.30676287,0.08936081587356565,True,False
eqv2_361_relaxed,CoPt,210,-0.35346223,1,0.0,-0.30676287,0.04669935587356566,False,False
eqv2_361_relaxed,CoPt3,110,-0.33814362,1,0.0,-0.28160834,0.05653527687561033,False,False
eqv2_361_relaxed,CoPt3,111,-0.35906491,1,0.0,-0.28160834,0.07745656687561037,True,False
eqv2_361_relaxed,CoPt3,221,-0.3625702,1,0.0,-0.28160834,0.08096185687561036,False,False
eqv2_361_relaxed,CoSb2,100,-0.15776412,1,0.0,-0.0022203133,0.15554380670241535,False,True
eqv2_361_relaxed,CoSb2,110,-0.31552281,1,0.0,-0.0022203133,0.31330249670241533,False,True
eqv2_361_relaxed,CoSb2,111,-0.28788707,2,0.16989278000000002,-0.0022203133,0.28566675670241537,True,True
eqv2_361_relaxed,CoSb2,210,-0.22258749,3,0.02260026000000001,-0.0022203133,0.22036717670241535,False,True
eqv2_361_relaxed,CoSb2,211,-0.33803772,3,0.13358772,-0.0022203133,0.33581740670241533,False,True
eqv2_361_relaxed,CoSb2,221,-0.32635401,1,0.0,-0.0022203133,0.3241336967024154,False,True
eqv2_361_relaxed,CoSn2,111,-0.22348949,3,0.04646951000000002,0.07909228,0.30258176907657625,True,False
eqv2_361_relaxed,CoSn2,211,-0.21967854,1,0.0,0.07909228,0.2987708190765762,False,False
eqv2_361_relaxed,CoSn2,221,-0.23532628,2,0.08614391999999998,0.07909228,0.31441855907657623,False,False
eqv2_361_relaxed,CoTa,100,-0.34627902,1,0.0,-0.7475727,-0.4012937000508118,False,False
eqv2_361_relaxed,CoTi,100,-0.35871451,2,0.0016145799999999766,-0.7388922,-0.38017768760894777,False,False
eqv2_361_relaxed,CoTi,111,-0.35495702,1,0.0,-0.7392752,-0.3843181970562744,True,False
eqv2_361_relaxed,Cu3Mn,100,-0.32560295,1,0.0,0.059630185,0.3852331353656769,False,False
eqv2_361_relaxed,Cu3Ni,110,-0.36906741,1,0.0,-0.22223371,0.14683369732681273,False,False
eqv2_361_relaxed,Cu3Pt,100,-0.32055171,1,0.0,-0.22576284,0.09478886591430663,False,False
eqv2_361_relaxed,Cu3Pt,110,-0.33837422,1,0.0,-0.22576284,0.11261137591430664,False,False
eqv2_361_relaxed,Cu3Pt,111,-0.26992337,1,0.0,-0.22576284,0.044160525914306636,True,False
eqv2_361_relaxed,Cu3Pt,210,-0.3257783,2,0.03547627000000003,-0.22576284,0.10001545591430666,False,False
eqv2_361_relaxed,Cu3Pt,211,-0.33866303,2,0.03547682999999996,-0.22576284,0.11290018591430662,False,False
eqv2_361_relaxed,Cu3Pt,221,-0.29489366,2,0.047628030000000016,-0.22576284,0.06913081591430664,False,False
eqv2_361_relaxed,Cu3Sb,100,-0.1048023,1,0.0,0.35655826,0.4613605633018494,False,True
eqv2_361_relaxed,Cu3Sb,110,-0.31887671,3,0.16559651,0.35655826,0.6754349733018494,False,True
eqv2_361_relaxed,Cu3Sb,111,-0.32133275,6,0.20581619,0.35655826,0.6778910133018494,True,True
eqv2_361_relaxed,Cu3Sb,210,-0.30026883,3,0.175053,0.35655826,0.6568270933018494,False,True
eqv2_361_relaxed,Cu3Sb,211,-0.2870102,4,0.13503233,0.35655826,0.6435684633018494,False,True
eqv2_361_relaxed,Cu3Sb,221,-0.34494688,7,0.19470372000000002,0.35655826,0.7015051433018493,False,True
eqv2_361_relaxed,Cu3Sn,100,-0.20635316,1,0.0,0.2274106,0.4337637595893479,False,False
eqv2_361_relaxed,Cu3Sn,110,-0.24812978,4,0.047674369999999994,0.2274106,0.4755403795893478,False,False
eqv2_361_relaxed,Cu3Sn,111,-0.28738664,5,0.17272107000000003,0.2274106,0.5147972395893479,True,False
eqv2_361_relaxed,Cu3Sn,210,-0.28916604,8,0.15651569,0.2274106,0.5165766395893479,False,False
eqv2_361_relaxed,Cu3Sn,211,-0.28712313,8,0.18409735,0.2274106,0.5145337295893478,False,False
eqv2_361_relaxed,Cu3Sn,221,-0.27265801,7,0.13671982000000002,0.2274106,0.5000686095893478,False,False
eqv2_361_relaxed,CuFe3,111,-0.28368135,1,0.0,0.028874706,0.3125560564769268,True,False
eqv2_361_relaxed,CuNb3,111,-0.28948856,1,0.0,-0.9634256,-0.6739370166868591,True,False
eqv2_361_relaxed,CuNi,110,-0.39195918,1,0.0,-0.35664564,0.03531353628890993,False,False
eqv2_361_relaxed,CuNi,210,-0.34569393,1,0.0,-0.35664564,-0.010951713711090105,False,False
eqv2_361_relaxed,CuNi3,110,-0.34027028,1,0.0,-0.36911592,-0.02884563887474062,False,False
eqv2_361_relaxed,CuPt7,111,-0.31508381,1,0.0,-0.27237335,0.042710461525497456,True,False
eqv2_361_relaxed,CuSn,100,-0.29390235,1,0.0,0.42144144,0.7153437858139038,False,False
eqv2_361_relaxed,CuSn,210,-0.19085743,1,0.0,0.42144144,0.6122988658139038,False,False
eqv2_361_relaxed,CuSn,211,-0.35658364,1,0.0,0.42144144,0.7780250758139038,False,False
eqv2_361_relaxed,CuTi,111,-0.11639606,1,0.0,-0.8008793,-0.6844832396406555,True,False
eqv2_361_relaxed,Fe3Pt,100,-0.27941948,3,0.009877750000000018,-0.14850758,0.13091189983890533,False,False
eqv2_361_relaxed,Fe3Pt,110,-0.34356771,3,0.05319639000000004,-0.14850758,0.19506012983890536,False,False
eqv2_361_relaxed,FeIr3,110,-0.33650948,2,0.0013006100000000353,-0.17769226,0.15881721568153384,False,False
eqv2_361_relaxed,FeIr3,111,-0.34625809,1,0.0,-0.18287523,0.16338285909160616,True,False
eqv2_361_relaxed,FeNi,111,-0.34467688,1,0.0,-0.059773646,0.28490323370492937,True,False
eqv2_361_relaxed,FeNi3,111,-0.37972524,4,0.09564743000000003,-0.26921254,0.11051269603561403,True,False
eqv2_361_relaxed,FePt,100,-0.30567033,1,0.0,-0.01595529,0.2897150401742029,False,False
eqv2_361_relaxed,FePt,111,-0.35247603,1,0.0,-0.021138268,0.33133776240840435,True,False
eqv2_361_relaxed,FePt3,100,-0.36084181,1,0.0,-0.2283427,0.1324991129756546,False,False
eqv2_361_relaxed,FePt3,110,-0.29361635,1,0.0,-0.2283427,0.06527365297565463,False,False
eqv2_361_relaxed,FePt3,111,-0.33782389,1,0.0,-0.2335257,0.10429819658340456,True,False
eqv2_361_relaxed,FePt3,221,-0.33660882,1,0.0,-0.2283427,0.10826612297565458,False,False
eqv2_361_relaxed,FeSb2,100,-0.20824487,2,0.00348583999999999,0.046450257,0.2546951273013306,False,True
eqv2_361_relaxed,FeSb2,110,-0.1195679,1,0.0,0.046450257,0.16601815730133057,False,True
eqv2_361_relaxed,FeSb2,111,-0.39459594,4,0.16791560999999997,0.046450257,0.44104619730133054,True,True
eqv2_361_relaxed,FeSb2,210,-0.21670568,2,0.014582520000000015,0.046450257,0.2631559373013306,False,True
eqv2_361_relaxed,FeSb2,211,-0.34561709,2,0.07928684000000003,0.046450257,0.3920673473013306,False,True
eqv2_361_relaxed,FeSb2,221,-0.26678021,4,0.14559122000000002,0.046450257,0.3132304673013306,False,True
eqv2_361_relaxed,FeSn2,100,-0.31686914,1,0.0,0.16399536,0.4808644953676605,False,False
eqv2_361_relaxed,FeSn2,111,-0.34644242,4,0.15025115999999997,0.16399536,0.5104377753676606,True,False
eqv2_361_relaxed,FeSn2,211,-0.26073252,1,0.0,0.16399536,0.42472787536766055,False,False
eqv2_361_relaxed,FeSn2,221,-0.37154025,2,0.13837105000000002,0.16399536,0.5355356053676605,False,False
eqv2_361_relaxed,Ir3Nb,110,-0.29656967,1,0.0,-0.47101548,-0.17444581314094543,False,False
eqv2_361_relaxed,Ir3Ru,110,-0.36166308,2,0.0037057500000000076,-0.2894844,0.07217866852195742,False,False
eqv2_361_relaxed,Ir3Sn7,100,-0.34021083,2,0.14051138000000002,-0.14134674,0.198864092257576,False,False
eqv2_361_relaxed,Ir3Sn7,110,-0.2352282,1,0.0,-0.14134674,0.09388146225757599,False,False
eqv2_361_relaxed,Ir3Sn7,111,-0.26290944,2,0.029951599999999995,-0.14134674,0.12156270225757598,True,False
eqv2_361_relaxed,Ir3Sn7,211,-0.10270811,1,0.0,-0.14134674,-0.038638627742424006,False,False
eqv2_361_relaxed,Ir3Ta,110,-0.27636881,1,0.0,-0.47871953,-0.2023507224897766,False,False
eqv2_361_relaxed,Ir3Ti,100,-0.39861359,1,0.0,-0.5566296,-0.15801600814071654,False,False
eqv2_361_relaxed,IrRu,100,-0.33531817,1,0.0,-0.30882233,0.026495836187286403,False,False
eqv2_361_relaxed,IrSn2,100,-0.27765255,1,0.0,-0.15127404,0.12637850965862274,False,False
eqv2_361_relaxed,IrSn2,110,-0.19676806,1,0.0,-0.15127404,0.045494019658622736,False,False
eqv2_361_relaxed,IrSn2,111,-0.23445964,2,0.020372489999999993,-0.15127404,0.08318559965862274,True,False
eqv2_361_relaxed,IrSn2,210,-0.1401535,1,0.0,-0.15127404,-0.011120540341377272,False,False
eqv2_361_relaxed,IrSn2,211,-0.20751188,1,0.0,-0.15127404,0.05623783965862275,False,False
eqv2_361_relaxed,IrSn2,221,-0.25729276,1,0.0,-0.15127404,0.10601871965862275,False,False
eqv2_361_relaxed,IrTa3,111,-0.11180275,1,0.0,-0.9997312,-0.8879284330520629,True,False
eqv2_361_relaxed,IrTi,111,-0.28228125,1,0.0,-0.6158552,-0.3335739669799805,True,False
eqv2_361_relaxed,IrTi,221,-0.38311261,1,0.0,-0.611493,-0.2283803814474487,False,False
eqv2_361_relaxed,Mn3Pt,100,-0.37636634,1,0.0,-0.44912988,-0.07276353947463987,False,False
eqv2_361_relaxed,Mn3Pt,110,-0.3596025,1,0.0,-0.44912988,-0.0895273794746399,False,False
eqv2_361_relaxed,Mn3Sn,210,-0.12484246,1,0.0,0.21090616,0.3357486228580093,False,False
eqv2_361_relaxed,MnNi3,100,-0.38129825,1,0.0,0.029412277,0.41071052704286576,False,False
eqv2_361_relaxed,MnPt3,100,-0.32307272,1,0.0,0.048962723,0.3720354434637737,False,False
eqv2_361_relaxed,MnPt3,110,-0.38338236,2,0.12662620999999996,0.048962723,0.4323450834637737,False,False
eqv2_361_relaxed,MnPt3,111,-0.3152699,1,0.0,0.03202629,0.3472961908935547,True,False
eqv2_361_relaxed,MnPt3,221,-0.29930358,1,0.0,0.048962723,0.34826630346377374,False,False
eqv2_361_relaxed,MnSb,210,-0.21214845,1,0.0,0.37636182,0.5885102671215057,False,True
eqv2_361_relaxed,MnSb,211,-0.17487366,1,0.0,0.37636182,0.5512354771215058,False,True
eqv2_361_relaxed,MnSb,221,-0.19250603,1,0.0,0.37636182,0.5688678471215057,False,True
eqv2_361_relaxed,MnSn,221,-0.29072565,1,0.0,0.69840026,0.9891259090179443,False,False
eqv2_361_relaxed,MnSn2,111,-0.23399633,4,0.06385764,0.2833836,0.5173799378643799,True,False
eqv2_361_relaxed,MnSn2,221,-0.15905963,2,0.01233279000000001,0.29392883,0.4529884618157196,False,False
eqv2_361_relaxed,Mo3Pt,100,-0.23771054,1,0.0,-0.8182947,-0.5805841639604187,False,False
eqv2_361_relaxed,Mo3Pt,110,-0.32223138,1,0.0,-0.8182947,-0.4960633239604187,False,False
eqv2_361_relaxed,Mo3Sb7,110,-0.29837413,2,0.17188577000000002,0.06750873,0.36588285731208803,False,True
eqv2_361_relaxed,Mo3Sb7,111,-0.26555459,3,0.14843207999999997,0.06750873,0.333063317312088,True,True
eqv2_361_relaxed,Mo3Sb7,210,-0.16931093,1,0.0,0.06750873,0.236819657312088,False,True
eqv2_361_relaxed,Mo3Sb7,221,-0.28433442,1,0.0,0.06750873,0.351843147312088,False,True
eqv2_361_relaxed,Mo3Sn,110,-0.10641572,1,0.0,-0.7037736,-0.5973578977444458,False,False
eqv2_361_relaxed,Mo3Sn,210,-0.34396635,1,0.0,-0.7037736,-0.3598072677444458,False,False
eqv2_361_relaxed,MoPt2,110,-0.37196734,1,0.0,-0.37946948,-0.007502144090805074,False,False
eqv2_361_relaxed,MoPt3,100,-0.39789418,2,0.13519662999999998,-0.24048437,0.1574098082186508,False,False
eqv2_361_relaxed,MoPt3,110,-0.38821362,2,0.0036186699999999905,-0.24048437,0.1477292482186508,False,False
eqv2_361_relaxed,MoPt3,111,-0.38164267,2,0.15791767,-0.24048437,0.14115829821865084,True,False
eqv2_361_relaxed,MoPt3,221,-0.29597249,1,0.0,-0.24048437,0.055488118218650795,False,False
eqv2_361_relaxed,NbNi3,111,-0.28103197,1,0.0,-0.33674157,-0.05570959665802,True,False
eqv2_361_relaxed,NbPt2,110,-0.33916334,1,0.0,-0.42834318,-0.08917983684173586,False,False
eqv2_361_relaxed,NbPt3,100,-0.31436257,1,0.0,-0.2188177,0.09554487402469636,False,False
eqv2_361_relaxed,NbPt3,110,-0.35116474,3,0.06620344,-0.2188177,0.13234704402469633,False,False
eqv2_361_relaxed,NbPt3,111,-0.39771754,1,0.0,-0.22198601,0.17573152932933805,True,False
eqv2_361_relaxed,NbPt3,221,-0.38428474,1,0.0,-0.2188177,0.16546704402469636,False,False
eqv2_361_relaxed,NbRu,100,-0.34538455,2,0.06265286000000003,-0.69324315,-0.347858595942688,False,False
eqv2_361_relaxed,NbRu,111,-0.27974335,1,0.0,-0.6954037,-0.41566034510650635,True,False
eqv2_361_relaxed,NbSb,110,-0.10558666,1,0.0,-0.32274973,-0.21716307392486572,False,True
eqv2_361_relaxed,NbSb,111,-0.15162561,1,0.0,-0.32125825,-0.16963263689865113,True,True
eqv2_361_relaxed,NbSb,210,-0.20430633,1,0.0,-0.32274973,-0.11844340392486571,False,True
eqv2_361_relaxed,NbSb,221,-0.18215324,1,0.0,-0.32274973,-0.14059649392486573,False,True
eqv2_361_relaxed,NbSn3,111,-0.37137331,1,0.0,0.08570291,0.45707622101932527,True,False
eqv2_361_relaxed,NbSn3,211,-0.10922943,1,0.0,0.08570291,0.19493234101932527,False,False
eqv2_361_relaxed,Ni3Pt,100,-0.36931035,2,0.03819387000000002,-0.35806286,0.011247486650085459,False,False
eqv2_361_relaxed,Ni3Pt,110,-0.39483707,3,0.013880090000000012,-0.35806286,0.03677420665008546,False,False
eqv2_361_relaxed,Ni3Pt,210,-0.3955775,1,0.0,-0.35806286,0.037514636650085476,False,False
eqv2_361_relaxed,Ni3Pt,211,-0.38425766,1,0.0,-0.35806286,0.02619479665008545,False,False
eqv2_361_relaxed,Ni3Sb,110,-0.38971604,2,0.048459169999999996,-0.10090122,0.28881481628087996,False,True
eqv2_361_relaxed,Ni3Sn,100,-0.22328486,1,0.0,-0.33241847,-0.10913361157478332,False,False
eqv2_361_relaxed,NiPt,100,-0.32059529,1,0.0,-0.32030946,0.00028582983688352215,False,False
eqv2_361_relaxed,NiSb,100,-0.14393206,1,0.0,0.049390774,0.1933228342202282,False,True
eqv2_361_relaxed,NiSb,110,-0.13558148,1,0.0,0.049390774,0.1849722542202282,False,True
eqv2_361_relaxed,NiSb,111,-0.25123753,2,0.01645278,0.049390774,0.3006283042202282,True,True
eqv2_361_relaxed,NiSb,210,-0.24526628,2,0.021245390000000003,0.049390774,0.2946570542202282,False,True
eqv2_361_relaxed,NiSb,211,-0.28702265,3,0.07919759999999998,0.049390774,0.3364134242202282,False,True
eqv2_361_relaxed,NiSb,221,-0.21281032,2,0.011402319999999994,0.049390774,0.2622010942202282,False,True
eqv2_361_relaxed,NiTi,100,-0.33297904,1,0.0,-0.7344019,-0.4014228416947937,False,False
eqv2_361_relaxed,NiTi,111,-0.3594055,1,0.0,-0.73561436,-0.3762088593788147,True,False
eqv2_361_relaxed,Pt2Sn3,100,-0.3247502,1,0.0,0.051296685,0.3760468848909855,False,False
eqv2_361_relaxed,Pt2Sn3,110,-0.13023442,1,0.0,0.051296685,0.18153110489098548,False,False
eqv2_361_relaxed,Pt2Sn3,111,-0.1758301,5,0.04158892,0.051296685,0.22712678489098548,True,False
eqv2_361_relaxed,Pt2Sn3,210,-0.27412836,3,0.13159621000000002,0.051296685,0.3254250448909855,False,False
eqv2_361_relaxed,Pt2Sn3,211,-0.2190746,4,0.09096382,0.051296685,0.2703712848909855,False,False
eqv2_361_relaxed,Pt2Sn3,221,-0.16593802,3,0.0176278,0.051296685,0.21723470489098548,False,False
eqv2_361_relaxed,Pt3Sb,110,-0.22174146,1,0.0,-0.10693436,0.11480709884019852,False,True
eqv2_361_relaxed,Pt3Sb,111,-0.2716012,1,0.0,-0.10693436,0.1646668388401985,True,True
eqv2_361_relaxed,Pt3Sb,211,-0.37164718,1,0.0,-0.10693436,0.26471281884019854,False,True
eqv2_361_relaxed,Pt3Sn,110,-0.1106465,1,0.0,-0.32231602,-0.2116695207271576,False,False
eqv2_361_relaxed,Pt3Ta,100,-0.26997311,1,0.0,-0.19515346,0.07481965009342195,False,False
eqv2_361_relaxed,Pt3Ta,110,-0.33424847,2,0.08943610000000002,-0.19515346,0.13909501009342196,False,False
eqv2_361_relaxed,Pt3Ta,210,-0.34875783,1,0.0,-0.19515346,0.15360437009342193,False,False
eqv2_361_relaxed,Pt3Ti,100,-0.29163777,1,0.0,-0.333176,-0.041538217005233746,False,False
eqv2_361_relaxed,Pt3Ti,110,-0.38157045,3,0.20410326,-0.333176,0.04839446299476624,False,False
eqv2_361_relaxed,Pt3Ti,111,-0.39687499,1,0.0,-0.33783576,0.05903923107551573,True,False
eqv2_361_relaxed,Pt3Ti,221,-0.28422957,1,0.0,-0.333176,-0.04894641700523378,False,False
eqv2_361_relaxed,Pt7Sb,110,-0.39921677,1,0.0,-0.3707387,0.028478084868927,False,True
eqv2_361_relaxed,Pt7Sb,111,-0.39838467,2,0.019890999999999992,-0.3707387,0.027645984868926998,True,True
eqv2_361_relaxed,Pt7Sb,221,-0.38008509,1,0.0,-0.3707387,0.009346404868927016,False,True
eqv2_361_relaxed,PtRu,111,-0.36137784,1,0.0,-0.28805587,0.07332197304328919,True,False
eqv2_361_relaxed,PtSb,100,-0.30651917,1,0.0,0.043857135,0.3503763048786354,False,True
eqv2_361_relaxed,PtSb,210,-0.28421273,1,0.0,0.043857135,0.32806986487863543,False,True
eqv2_361_relaxed,PtSb,211,-0.37844286,2,0.16649756,0.043857135,0.4222999948786354,False,True
eqv2_361_relaxed,PtSb,221,-0.11240567,1,0.0,0.043857135,0.15626280487863542,False,True
eqv2_361_relaxed,PtSn,100,-0.14355949,1,0.0,0.065806895,0.20936638549446107,False,False
eqv2_361_relaxed,PtSn,110,-0.24397403,1,0.0,0.065806895,0.30978092549446107,False,False
eqv2_361_relaxed,PtSn,111,-0.34966611,2,0.22921750999999996,0.065806895,0.41547300549446103,True,False
eqv2_361_relaxed,PtSn,210,-0.22154882,2,0.019239780000000012,0.065806895,0.28735571549446104,False,False
eqv2_361_relaxed,PtSn,211,-0.35511669,3,0.18531808000000002,0.065806895,0.42092358549446107,False,False
eqv2_361_relaxed,PtSn,221,-0.25837218,2,0.10373668,0.065806895,0.32417907549446107,False,False
eqv2_361_relaxed,PtTa3,100,-0.32905461,1,0.0,-0.9552235,-0.6261688907286072,False,False
eqv2_361_relaxed,PtTa3,111,-0.34697202,2,0.06009806000000001,-0.95950085,-0.6125288292469788,True,False
eqv2_361_relaxed,PtTi,100,-0.20238985,1,0.0,-0.60609174,-0.4037018877471924,False,False
eqv2_361_relaxed,PtTi,111,-0.20994828,1,0.0,-0.6081879,-0.39823963389465333,True,False
eqv2_361_relaxed,PtTi,210,-0.2070045,1,0.0,-0.60609174,-0.39908723774719235,False,False
eqv2_361_relaxed,PtTi,211,-0.24028649,1,0.0,-0.60609174,-0.36580524774719236,False,False
eqv2_361_relaxed,PtTi,221,-0.30304897,1,0.0,-0.60609174,-0.3030427677471924,False,False
eqv2_361_relaxed,Ru3Sn7,100,-0.38301888,2,0.211282,0.12053678,0.503555661847477,False,False
eqv2_361_relaxed,Ru3Sn7,110,-0.13546557,2,0.024692180000000008,0.12053678,0.256002351847477,False,False
eqv2_361_relaxed,Ru3Sn7,111,-0.31873276,2,0.0057414399999999866,0.12053678,0.43926954184747696,True,False
eqv2_361_relaxed,Ru3Sn7,210,-0.3645967,1,0.0,0.12053678,0.48513348184747696,False,False
eqv2_361_relaxed,Ru3Ta,100,-0.37557073,1,0.0,-0.62580645,-0.250235720843811,False,False
eqv2_361_relaxed,RuSb2,100,-0.26393799,1,0.0,-0.11510026,0.14883773290132524,False,True
eqv2_361_relaxed,RuSb2,110,-0.25121898,2,0.07668594999999997,-0.11510026,0.1361187229013252,False,True
eqv2_361_relaxed,RuSb2,111,-0.11719895,1,0.0,-0.11510026,0.002098692901325222,True,True
eqv2_361_relaxed,RuSb2,210,-0.26346584,2,0.09773503,-0.11510026,0.14836558290132523,False,True
eqv2_361_relaxed,RuSb2,211,-0.34466028,1,0.0,-0.11510026,0.2295600229013252,False,True
eqv2_361_relaxed,RuSb2,221,-0.31911135,2,0.13523208,-0.11510026,0.20401109290132524,False,True
eqv2_361_relaxed,RuSn2,111,-0.3493167,4,0.22576975,0.12053678,0.46985348184747694,True,False
eqv2_361_relaxed,RuSn2,211,-0.33637131,2,0.09049598999999997,0.12053678,0.45690809184747694,False,False
eqv2_361_relaxed,RuSn2,221,-0.37401592,3,0.11684235999999998,0.12053678,0.49455270184747696,False,False
eqv2_361_relaxed,RuTa,100,-0.35850971,2,0.10586849999999998,-0.6610515,-0.3025418017645264,False,False
eqv2_361_relaxed,RuTa,111,-0.37025166,1,0.0,-0.66491234,-0.29466068302520754,True,False
eqv2_361_relaxed,RuTi,100,-0.39741606,1,0.0,-0.7474354,-0.35001933094924925,False,False
eqv2_361_relaxed,RuTi4,221,-0.19003341,1,0.0,-0.9937282,-0.803694810462799,False,False
eqv2_361_relaxed,Sb2Ti,100,-0.3019885,1,0.0,-0.005243824,0.29674467613643407,False,True
eqv2_361_relaxed,Sb2Ti,111,-0.31129682,1,0.0,-0.005243824,0.30605299613643405,True,True
eqv2_361_relaxed,Sb2Ti,211,-0.35701123,1,0.0,-0.005243824,0.3517674061364341,False,True
eqv2_361_relaxed,Sb2Ti,221,-0.33963829,1,0.0,-0.005243824,0.3343944661364341,False,True
eqv2_361_relaxed,Sn3Ta,211,-0.31255709,1,0.0,0.18346506,0.4960221535719299,False,False
eqv2_361_relaxed,SnTi3,111,-0.34814295,1,0.0,-0.9859713,-0.6378283219917298,True,False
eqv2_500_sp,Co3Cu,110,-0.36679381,1,0.0,-0.33954263,0.02725118266540527,False,False
eqv2_500_sp,Co3Fe,110,-0.35792077,1,0.0,-0.047439624,0.3104811463759136,False,False
eqv2_500_sp,Co3Mn,110,-0.34756857,1,0.0,-0.2738856,0.07368296228057863,False,False
eqv2_500_sp,Co3Nb,110,-0.34123791,1,0.0,-0.5943121,-0.25307416180023196,False,False
eqv2_500_sp,Co3Ni,110,-0.39309435,2,0.006825539999999963,-0.3418922,0.051202137370681744,False,False
eqv2_500_sp,Co3Sn,100,-0.22766936,1,0.0,-0.2715915,-0.04392215434898378,False,False
eqv2_500_sp,Co3Sn2,100,-0.29203596,1,0.0,-0.27238497,0.01965098861976622,False,False
eqv2_500_sp,Co3Ta,110,-0.35417676,1,0.0,-0.587539,-0.23336225720047,False,False
eqv2_500_sp,CoMo3,100,-0.3689043,1,0.0,-0.7724739,-0.40356957170791624,False,False
eqv2_500_sp,CoMo3,111,-0.20385783,1,0.0,-0.77478796,-0.570930132436676,True,False
eqv2_500_sp,CoNb,100,-0.38110957,1,0.0,-0.74339604,-0.3622864737774658,False,False
eqv2_500_sp,CoNi,100,-0.37247462,1,0.0,-0.34101018,0.03146443690406797,False,False
eqv2_500_sp,CoNi,111,-0.34572898,2,0.006164050000000032,-0.34101018,0.004718796904068012,True,False
eqv2_500_sp,CoNi,221,-0.48218108,1,0.0,-0.34101018,0.14117089690406798,False,False
eqv2_500_sp,CoNi3,110,-0.40087675,1,0.0,-0.3364326,0.06444414401817322,False,False
eqv2_500_sp,CoPt,100,-0.3041442,1,0.0,-0.30676287,-0.0026186741264343505,False,False
eqv2_500_sp,CoPt,111,-0.39662886,1,0.0,-0.30676287,0.0898659858735657,True,False
eqv2_500_sp,CoPt,210,-0.35483259,1,0.0,-0.30676287,0.04806971587356568,False,False
eqv2_500_sp,CoPt3,110,-0.33478121,1,0.0,-0.28160834,0.05317286687561035,False,False
eqv2_500_sp,CoPt3,111,-0.36066429,1,0.0,-0.28160834,0.07905594687561035,True,False
eqv2_500_sp,CoPt3,221,-0.36143661,1,0.0,-0.28160834,0.07982826687561034,False,False
eqv2_500_sp,CoSb2,100,-0.1494465,1,0.0,-0.0022203133,0.14722618670241536,False,True
eqv2_500_sp,CoSb2,110,-0.29819375,1,0.0,-0.0022203133,0.2959734367024153,False,True
eqv2_500_sp,CoSb2,111,-0.28726048,2,0.16767247,-0.0022203133,0.28504016670241533,True,True
eqv2_500_sp,CoSb2,210,-0.20173772,3,0.004980430000000008,-0.0022203133,0.19951740670241536,False,True
eqv2_500_sp,CoSb2,211,-0.42458263,4,0.22129642000000002,-0.0022203133,0.42236231670241536,False,True
eqv2_500_sp,CoSb2,221,-0.69475882,3,0.61219914,-0.0022203133,0.6925385067024153,False,True
eqv2_500_sp,CoSn2,111,-0.22490263,3,0.04580275,0.07909228,0.3039949090765762,True,False
eqv2_500_sp,CoSn2,211,-0.21125738,1,0.0,0.07909228,0.2903496590765762,False,False
eqv2_500_sp,CoSn2,221,-0.23188986,3,0.14650102,0.07909228,0.31098213907657624,False,False
eqv2_500_sp,CoTa,100,-0.34648587,1,0.0,-0.7475727,-0.4010868500508118,False,False
eqv2_500_sp,CoTi,100,-0.35392828,2,0.0002858799999999606,-0.7388922,-0.38496391760894777,False,False
eqv2_500_sp,CoTi,111,-0.35296359,1,0.0,-0.7392752,-0.3863116270562744,True,False
eqv2_500_sp,Cu3Fe,110,-0.41777227,1,0.0,-0.24235278,0.17541948632003784,False,False
eqv2_500_sp,Cu3Mn,100,-0.3187301,1,0.0,0.059630185,0.3783602853656769,False,False
eqv2_500_sp,Cu3Ni,110,-0.35312506,1,0.0,-0.22223371,0.13089134732681273,False,False
eqv2_500_sp,Cu3Pt,100,-0.31599084,1,0.0,-0.22576284,0.09022799591430664,False,False
eqv2_500_sp,Cu3Pt,110,-0.33512474,1,0.0,-0.22576284,0.10936189591430662,False,False
eqv2_500_sp,Cu3Pt,111,-0.26777358,1,0.0,-0.22576284,0.04201073591430665,True,False
eqv2_500_sp,Cu3Pt,210,-0.32468456,2,0.03404611000000002,-0.22576284,0.09892171591430665,False,False
eqv2_500_sp,Cu3Pt,211,-0.33599998,2,0.034613729999999954,-0.22576284,0.11023713591430662,False,False
eqv2_500_sp,Cu3Pt,221,-0.29354347,2,0.04827605999999998,-0.22576284,0.06778062591430661,False,False
eqv2_500_sp,Cu3Sb,100,-0.93705707,2,0.83553087,0.35655826,1.2936153333018494,False,True
eqv2_500_sp,Cu3Sb,110,-0.44841568,5,0.45696042,0.35655826,0.8049739433018493,False,True
eqv2_500_sp,Cu3Sb,111,-0.30255572,7,0.29549665999999997,0.35655826,0.6591139833018493,True,True
eqv2_500_sp,Cu3Sb,210,-0.29635138,4,0.15794,0.35655826,0.6529096433018493,False,True
eqv2_500_sp,Cu3Sb,211,-0.28309476,9,1.70203537,0.35655826,0.6396530233018494,False,True
eqv2_500_sp,Cu3Sb,221,-0.33636614,8,0.53620622,0.35655826,0.6929244033018493,False,True
eqv2_500_sp,Cu3Sn,100,-0.20297712,2,0.11056593,0.2274106,0.43038771958934785,False,False
eqv2_500_sp,Cu3Sn,110,-0.24236575,4,0.0473711,0.2274106,0.46977634958934783,False,False
eqv2_500_sp,Cu3Sn,111,-0.27833042,8,0.2037739,0.2274106,0.5057410195893479,True,False
eqv2_500_sp,Cu3Sn,210,-0.29799275,8,0.23836510999999996,0.2274106,0.5254033495893478,False,False
eqv2_500_sp,Cu3Sn,211,-0.28435467,10,0.19180039999999998,0.2274106,0.5117652695893478,False,False
eqv2_500_sp,Cu3Sn,221,-0.27076063,7,0.14737686,0.2274106,0.49817122958934784,False,False
eqv2_500_sp,CuFe3,100,-0.3607767,1,0.0,0.028874706,0.3896514064769268,False,False
eqv2_500_sp,CuFe3,110,-0.39224353,1,0.0,0.028874706,0.4211182364769268,False,False
eqv2_500_sp,CuFe3,111,-0.40589098,3,0.13123665,0.028874706,0.4347656864769268,True,False
eqv2_500_sp,CuFe3,221,-0.58965225,1,0.0,0.028874706,0.6185269564769268,False,False
eqv2_500_sp,CuNb3,111,-0.27922837,1,0.0,-0.9634256,-0.6841972066868591,True,False
eqv2_500_sp,CuNi,110,-0.39960551,2,0.01000576999999997,-0.35664564,0.04295986628890991,False,False
eqv2_500_sp,CuNi,210,-0.35201535,1,0.0,-0.35664564,-0.004630293711090083,False,False
eqv2_500_sp,CuNi3,110,-0.33775918,1,0.0,-0.36911592,-0.03135673887474061,False,False
eqv2_500_sp,CuPt7,111,-0.44665959,2,0.13135003,-0.27237335,0.17428624152549743,True,False
eqv2_500_sp,CuSn,100,-0.29484526,1,0.0,0.42144144,0.7162866958139038,False,False
eqv2_500_sp,CuSn,210,-0.19420726,1,0.0,0.42144144,0.6156486958139038,False,False
eqv2_500_sp,CuSn,211,-0.36125043,2,1.2473530400000001,0.42144144,0.7826918658139038,False,False
eqv2_500_sp,CuTi,111,-0.11236271,1,0.0,-0.8008793,-0.6885165896406555,True,False
eqv2_500_sp,Fe2Sn,211,-0.1985814,1,0.0,-0.019783342,0.17879805774285792,False,False
eqv2_500_sp,Fe3Ni2,100,-0.43467052,2,0.026763429999999977,-0.07942636,0.3552441568894577,False,False
eqv2_500_sp,Fe3Ni2,111,-0.50845262,4,0.10469407000000003,-0.07942636,0.4290262568894577,True,False
eqv2_500_sp,Fe3Pt,100,-0.27350647,3,0.006659350000000008,-0.14850758,0.12499888983890534,False,False
eqv2_500_sp,Fe3Pt,110,-1.05839728,4,0.7750448300000001,-0.14850758,0.9098896998389054,False,False
eqv2_500_sp,Fe3Sb,100,-0.64109897,1,0.0,-0.003372128,0.6377268421112758,False,True
eqv2_500_sp,Fe3Sn,100,-0.67051424,3,0.47696601000000005,0.08694219,0.7574564284417534,False,False
eqv2_500_sp,FeIr3,110,-0.33389401,2,0.0015938699999999972,-0.17769226,0.15620174568153383,False,False
eqv2_500_sp,FeIr3,111,-0.34443804,1,0.0,-0.18287523,0.16156280909160614,True,False
eqv2_500_sp,FeNb2,100,-3.05356955,1,0.0,-0.91446674,2.1391028112991335,False,False
eqv2_500_sp,FeNi,111,-0.34506932,1,0.0,-0.059773646,0.28529567370492936,True,False
eqv2_500_sp,FeNi2,100,-2.24903976,1,0.0,-0.25521,1.9938297478025055,False,False
eqv2_500_sp,FeNi3,110,-0.41091863,1,0.0,-0.26921254,0.14170608603561402,False,False
eqv2_500_sp,FeNi3,111,-0.3759228,4,0.09344321,-0.26921254,0.10671025603561402,True,False
eqv2_500_sp,FePt,100,-0.30128724,1,0.0,-0.01595529,0.28533195017420293,False,False
eqv2_500_sp,FePt,111,-0.35680868,1,0.0,-0.021138268,0.33567041240840434,True,False
eqv2_500_sp,FePt3,100,-0.35958838,1,0.0,-0.2283427,0.1312456829756546,False,False
eqv2_500_sp,FePt3,110,-0.28590469,1,0.0,-0.2283427,0.05756199297565462,False,False
eqv2_500_sp,FePt3,111,-0.33937449,1,0.0,-0.2335257,0.10584879658340451,True,False
eqv2_500_sp,FePt3,221,-0.3344136,1,0.0,-0.2283427,0.10607090297565458,False,False
eqv2_500_sp,FeSb2,100,-0.21278866,2,0.009371219999999986,0.046450257,0.25923891730133053,False,True
eqv2_500_sp,FeSb2,110,-0.10381041,1,0.0,0.046450257,0.15026066730133059,False,True
eqv2_500_sp,FeSb2,111,-0.41016334,6,1.01807945,0.046450257,0.45661359730133055,True,True
eqv2_500_sp,FeSb2,210,-0.2100644,2,0.007087280000000001,0.046450257,0.2565146573013306,False,True
eqv2_500_sp,FeSb2,211,-0.92936621,3,0.7226861099999999,0.046450257,0.9758164673013305,False,True
eqv2_500_sp,FeSb2,221,-0.37241519,5,0.25113562,0.046450257,0.4188654473013306,False,True
eqv2_500_sp,FeSn2,100,-0.30072319,1,0.0,0.16399536,0.4647185453676605,False,False
eqv2_500_sp,FeSn2,111,-0.35915847,4,0.17067361,0.16399536,0.5231538253676605,True,False
eqv2_500_sp,FeSn2,211,-0.26910282,1,0.0,0.16399536,0.43309817536766054,False,False
eqv2_500_sp,FeSn2,221,-0.36854979,3,0.12035789,0.16399536,0.5325451453676605,False,False
eqv2_500_sp,FeSn3,111,-0.3512957,1,0.0,0.26382378,0.6151194774372101,True,False
eqv2_500_sp,FeSn3,211,0.09349995,1,0.0,0.26382378,0.17032382743721008,False,False
eqv2_500_sp,FeTi4,221,7.31321943,1,0.0,-1.0139506,-8.32717001631897,False,False
eqv2_500_sp,Ir3Nb,110,-0.29324414,1,0.0,-0.47101548,-0.17777134314094545,False,False
eqv2_500_sp,Ir3Ru,110,-0.36895008,2,0.01346875000000003,-0.2894844,0.07946566852195741,False,False
eqv2_500_sp,Ir3Sn,100,-0.39675193,1,0.0,-0.3600547,0.03669722843330381,False,False
eqv2_500_sp,Ir3Sn7,100,-0.33716234,2,0.14693972,-0.14134674,0.195815602257576,False,False
eqv2_500_sp,Ir3Sn7,110,-0.23771359,1,0.0,-0.14134674,0.09636685225757599,False,False
eqv2_500_sp,Ir3Sn7,111,-0.23785981,3,1.80260039,-0.14134674,0.096513072257576,True,False
eqv2_500_sp,Ir3Sn7,210,-0.42893075,1,0.0,-0.14134674,0.287584012257576,False,False
eqv2_500_sp,Ir3Sn7,211,-0.09045201,1,0.0,-0.14134674,-0.05089472774242401,False,False
eqv2_500_sp,Ir3Ta,110,-0.27541584,1,0.0,-0.47871953,-0.2033036924897766,False,False
eqv2_500_sp,Ir3Ti,100,-0.39660196,1,0.0,-0.5566296,-0.16002763814071658,False,False
eqv2_500_sp,IrMn3,211,-0.58220479,1,0.0,-0.39926854,0.18293625224021914,False,False
eqv2_500_sp,IrRu,100,-0.33238533,1,0.0,-0.30882233,0.023562996187286356,False,False
eqv2_500_sp,IrSn2,100,-0.27343499,1,0.0,-0.15127404,0.12216094965862273,False,False
eqv2_500_sp,IrSn2,110,-0.19998403,1,0.0,-0.15127404,0.04870998965862275,False,False
eqv2_500_sp,IrSn2,111,-0.22550031,2,0.019480300000000006,-0.15127404,0.07422626965862275,True,False
eqv2_500_sp,IrSn2,210,-0.13008895,1,0.0,-0.15127404,-0.02118509034137725,False,False
eqv2_500_sp,IrSn2,211,-0.20193165,1,0.0,-0.15127404,0.05065760965862273,False,False
eqv2_500_sp,IrSn2,221,-0.24812738,1,0.0,-0.15127404,0.09685333965862275,False,False
eqv2_500_sp,IrTa3,111,-0.10802998,1,0.0,-0.9997312,-0.891701203052063,True,False
eqv2_500_sp,IrTi,111,-0.27916025,2,0.23963579000000002,-0.6158552,-0.33669496697998047,True,False
eqv2_500_sp,IrTi,221,-0.38092476,1,0.0,-0.611493,-0.23056823144744876,False,False
eqv2_500_sp,Mn2Sb,211,-0.53426473,1,0.0,0.199621,0.7338857368464279,False,True
eqv2_500_sp,Mn3Pt,100,-0.37588577,2,0.39310729,-0.44912988,-0.07324410947463988,False,False
eqv2_500_sp,Mn3Pt,110,-0.36171563,1,0.0,-0.44912988,-0.08741424947463988,False,False
eqv2_500_sp,Mn3Sb,100,-1.20218375,1,0.0,0.08688893,1.2890726816916467,False,True
eqv2_500_sp,Mn3Sb2,210,-0.69135299,1,0.0,0.29386252,0.9852155116484069,False,True
eqv2_500_sp,Mn3Sn,210,-0.10717449,1,0.0,0.21090616,0.31808065285800935,False,False
eqv2_500_sp,Mn7Sb4,211,-1.10375049,2,0.43745809999999996,0.33919424,1.4429447281858825,False,True
eqv2_500_sp,MnNi3,100,-0.38073167,1,0.0,0.029412277,0.4101439470428658,False,False
eqv2_500_sp,MnPt3,100,-0.31997067,1,0.0,0.048962723,0.36893339346377374,False,False
eqv2_500_sp,MnPt3,110,-0.38563063,2,0.12641496999999996,0.048962723,0.4345933534637737,False,False
eqv2_500_sp,MnPt3,111,-0.31462157,1,0.0,0.03202629,0.3466478608935547,True,False
eqv2_500_sp,MnPt3,221,-0.29924074,1,0.0,0.048962723,0.34820346346377373,False,False
eqv2_500_sp,MnSb,100,-0.65093349,1,0.0,0.37636182,1.0272953071215056,False,True
eqv2_500_sp,MnSb,210,-0.2538698,1,0.0,0.37636182,0.6302316171215057,False,True
eqv2_500_sp,MnSb,211,-0.17045374,1,0.0,0.37636182,0.5468155571215058,False,True
eqv2_500_sp,MnSb,221,-0.18518717,1,0.0,0.37636182,0.5615489871215058,False,True
eqv2_500_sp,MnSn,221,-0.24086342,1,0.0,0.69840026,0.9392636790179443,False,False
eqv2_500_sp,MnSn2,111,-0.19882419,4,0.09679359000000001,0.2833836,0.4822077978643799,True,False
eqv2_500_sp,MnSn2,221,-0.14087315,2,0.004400970000000004,0.29392883,0.4348019818157196,False,False
eqv2_500_sp,Mo3Pt,100,-0.22241239,1,0.0,-0.8182947,-0.5958823139604187,False,False
eqv2_500_sp,Mo3Pt,110,-0.31681462,1,0.0,-0.8182947,-0.5014800839604188,False,False
eqv2_500_sp,Mo3Sb7,100,-0.0327882,1,0.0,0.06750873,0.10029692731208802,False,True
eqv2_500_sp,Mo3Sb7,110,-0.2887861,2,0.17478356,0.06750873,0.356294827312088,False,True
eqv2_500_sp,Mo3Sb7,111,-0.44316829,4,0.32796514,0.06750873,0.510677017312088,True,True
eqv2_500_sp,Mo3Sb7,210,-0.47743594,1,0.0,0.06750873,0.544944667312088,False,True
eqv2_500_sp,Mo3Sb7,211,-0.43287343,2,0.15312754,0.06750873,0.500382157312088,False,True
eqv2_500_sp,Mo3Sb7,221,-0.28970549,1,0.0,0.06750873,0.357214217312088,False,True
eqv2_500_sp,Mo3Sn,110,-0.09944401,1,0.0,-0.7037736,-0.6043296077444458,False,False
eqv2_500_sp,Mo3Sn,210,-0.05313081,1,0.0,-0.7037736,-0.6506428077444458,False,False
eqv2_500_sp,MoNi3,110,-0.39855588,1,0.0,-0.3896626,0.008893286396865818,False,False
eqv2_500_sp,MoPt,221,-0.44979513,1,0.0,-0.48004487,-0.030249741568679822,False,False
eqv2_500_sp,MoPt2,110,-0.3678734,1,0.0,-0.37946948,-0.011596084090805037,False,False
eqv2_500_sp,MoPt3,100,-0.38634899,2,0.12924291,-0.24048437,0.14586461821865082,False,False
eqv2_500_sp,MoPt3,110,-0.39000184,2,0.005083759999999993,-0.24048437,0.1495174682186508,False,False
eqv2_500_sp,MoPt3,111,-0.37736081,2,0.16478600999999998,-0.24048437,0.1368764382186508,True,False
eqv2_500_sp,MoPt3,221,-0.29848457,1,0.0,-0.24048437,0.05800019821865082,False,False
eqv2_500_sp,NbNi3,100,-0.43996828,1,0.0,-0.33674157,0.10322671334197997,False,False
eqv2_500_sp,NbNi3,110,-0.46013279,1,0.0,-0.33674157,0.12339122334198,False,False
eqv2_500_sp,NbNi3,111,-0.53354949,2,0.26115642999999994,-0.33674157,0.19680792334197994,True,False
eqv2_500_sp,NbNi3,210,-0.54270095,2,0.10878582999999997,-0.33674157,0.20595938334197994,False,False
eqv2_500_sp,NbPt2,110,-0.32509485,1,0.0,-0.42834318,-0.10324832684173585,False,False
eqv2_500_sp,NbPt3,100,-0.30681601,1,0.0,-0.2188177,0.08799831402469632,False,False
eqv2_500_sp,NbPt3,110,-0.35553947,3,0.05591202000000001,-0.2188177,0.13672177402469637,False,False
eqv2_500_sp,NbPt3,111,-0.39266955,1,0.0,-0.22198601,0.17068353932933805,True,False
eqv2_500_sp,NbPt3,221,-0.38051184,1,0.0,-0.2188177,0.16169414402469634,False,False
eqv2_500_sp,NbRu,100,-0.34387442,2,0.06686478000000001,-0.69324315,-0.349368725942688,False,False
eqv2_500_sp,NbRu,111,-0.50428387,2,0.22747900999999998,-0.6954037,-0.19111982510650638,True,False
eqv2_500_sp,NbSb,100,-0.44745099,1,0.0,-0.32274973,0.12470125607513427,False,True
eqv2_500_sp,NbSb,110,-0.10163034,1,0.0,-0.32274973,-0.22111939392486574,False,True
eqv2_500_sp,NbSb,111,-0.14629478,1,0.0,-0.32125825,-0.1749634668986511,True,True
eqv2_500_sp,NbSb,210,-0.14633253,1,0.0,-0.32274973,-0.17641720392486573,False,True
eqv2_500_sp,NbSb,221,-0.17230798,1,0.0,-0.32274973,-0.15044175392486572,False,True
eqv2_500_sp,NbSn3,111,-0.06477312,1,0.0,0.08570291,0.15047603101932527,True,False
eqv2_500_sp,NbSn3,211,-0.30266756,3,0.17988483,0.08570291,0.38837047101932526,False,False
eqv2_500_sp,Ni3Pt,100,-0.43234012,3,0.10531625,-0.35806286,0.07427725665008544,False,False
eqv2_500_sp,Ni3Pt,110,-0.39278878,3,0.015659949999999978,-0.35806286,0.03472591665008545,False,False
eqv2_500_sp,Ni3Pt,210,-0.4030154,2,0.008966410000000036,-0.35806286,0.04495253665008547,False,False
eqv2_500_sp,Ni3Pt,211,-0.47688148,2,0.09910289,-0.35806286,0.11881861665008547,False,False
eqv2_500_sp,Ni3Sb,110,-0.40005135,2,0.05922643,-0.10090122,0.29915012628087995,False,True
eqv2_500_sp,Ni3Sb,111,-0.46233144,2,0.06906670999999998,-0.10090122,0.36143021628087996,True,True
eqv2_500_sp,Ni3Sn,100,-0.22296345,1,0.0,-0.33241847,-0.10945502157478332,False,False
eqv2_500_sp,Ni3Sn,111,-0.39137832,1,0.0,-0.33241847,0.05895984842521668,True,False
eqv2_500_sp,Ni3Sn,210,-0.65108704,1,0.0,-0.33241847,0.3186685684252166,False,False
eqv2_500_sp,Ni3Ta,100,-1.22920066,1,0.0,-0.25364777,0.9755528855420685,False,False
eqv2_500_sp,NiPt,100,-0.31682986,1,0.0,-0.32030946,-0.0034796001631164364,False,False
eqv2_500_sp,NiSb,100,-0.14920993,1,0.0,0.049390774,0.19860070422022819,False,True
eqv2_500_sp,NiSb,110,-0.12951726,1,0.0,0.049390774,0.1789080342202282,False,True
eqv2_500_sp,NiSb,111,-0.24847345,2,0.013667240000000025,0.049390774,0.2978642242202282,True,True
eqv2_500_sp,NiSb,210,-0.25112029,2,0.03416593000000001,0.049390774,0.3005110642202282,False,True
eqv2_500_sp,NiSb,211,-0.30119248,3,0.09618426999999999,0.049390774,0.3505832542202282,False,True
eqv2_500_sp,NiSb,221,-0.20842743,2,0.007589499999999999,0.049390774,0.25781820422022816,False,True
eqv2_500_sp,NiTi,100,-0.32659728,1,0.0,-0.7344019,-0.4078046016947937,False,False
eqv2_500_sp,NiTi,111,-0.35029925,1,0.0,-0.73561436,-0.3853151093788147,True,False
eqv2_500_sp,Pt2Sn3,100,-0.32148429,1,0.0,0.051296685,0.3727809748909855,False,False
eqv2_500_sp,Pt2Sn3,110,-0.12989169,1,0.0,0.051296685,0.1811883748909855,False,False
eqv2_500_sp,Pt2Sn3,111,-0.19336045,5,0.07117538999999999,0.051296685,0.24465713489098548,True,False
eqv2_500_sp,Pt2Sn3,210,-0.27331159,3,0.12798087,0.051296685,0.3246082748909855,False,False
eqv2_500_sp,Pt2Sn3,211,-0.20627025,5,0.30580912,0.051296685,0.2575669348909855,False,False
eqv2_500_sp,Pt2Sn3,221,-0.17057557,3,0.02218500000000001,0.051296685,0.2218722548909855,False,False
eqv2_500_sp,Pt3Sb,100,-0.37555647,1,0.0,-0.10693436,0.2686221088401985,False,True
eqv2_500_sp,Pt3Sb,110,-0.20371398,1,0.0,-0.10693436,0.0967796188401985,False,True
eqv2_500_sp,Pt3Sb,111,-0.97882071,5,0.77548036,-0.10693436,0.8718863488401986,True,True
eqv2_500_sp,Pt3Sb,211,-0.38091967,1,0.0,-0.10693436,0.2739853088401985,False,True
eqv2_500_sp,Pt3Sb,221,0.2769677,1,0.0,-0.10693436,-0.38390206115980147,False,True
eqv2_500_sp,Pt3Sn,110,-0.12004152,1,0.0,-0.32231602,-0.20227450072715758,False,False
eqv2_500_sp,Pt3Ta,100,-0.26660346,1,0.0,-0.19515346,0.07145000009342195,False,False
eqv2_500_sp,Pt3Ta,110,-0.33322101,2,0.08691294999999999,-0.19515346,0.13806755009342192,False,False
eqv2_500_sp,Pt3Ta,111,-0.5220766,1,0.0,-0.20154463,0.3205319724527359,True,False
eqv2_500_sp,Pt3Ta,210,-0.348774,1,0.0,-0.19515346,0.1536205400934219,False,False
eqv2_500_sp,Pt3Ti,100,-0.28738882,1,0.0,-0.333176,-0.045787167005233775,False,False
eqv2_500_sp,Pt3Ti,110,-0.37555042,3,0.20488676,-0.333176,0.04237443299476623,False,False
eqv2_500_sp,Pt3Ti,111,-0.39700759,1,0.0,-0.33783576,0.05917183107551577,True,False
eqv2_500_sp,Pt3Ti,221,-0.28140321,1,0.0,-0.333176,-0.05177277700523375,False,False
eqv2_500_sp,Pt7Sb,110,-0.39837745,1,0.0,-0.3707387,0.027638764868927024,False,True
eqv2_500_sp,Pt7Sb,111,-0.39613943,2,0.02095106000000002,-0.3707387,0.025400744868927017,True,True
eqv2_500_sp,Pt7Sb,221,-0.3774727,1,0.0,-0.3707387,0.006734014868926996,False,True
eqv2_500_sp,PtRu,111,-0.35898984,1,0.0,-0.28805587,0.07093397304328919,True,False
eqv2_500_sp,PtSb,100,-0.30009991,2,0.21781792000000003,0.043857135,0.34395704487863543,False,True
eqv2_500_sp,PtSb,111,-0.03815442,1,0.0,0.043857135,0.0820115548786354,True,True
eqv2_500_sp,PtSb,210,-0.28231462,1,0.0,0.043857135,0.3261717548786354,False,True
eqv2_500_sp,PtSb,211,-0.46207969,3,0.24406188999999998,0.043857135,0.5059368248786353,False,True
eqv2_500_sp,PtSb,221,-0.11165948,1,0.0,0.043857135,0.1555166148786354,False,True
eqv2_500_sp,PtSn,100,-0.12448296,1,0.0,0.065806895,0.19028985549446106,False,False
eqv2_500_sp,PtSn,110,-0.24074441,1,0.0,0.065806895,0.3065513054944611,False,False
eqv2_500_sp,PtSn,111,-0.33685122,2,0.21961203,0.065806895,0.40265811549446107,True,False
eqv2_500_sp,PtSn,210,-0.2223167,2,0.009649240000000003,0.065806895,0.2881235954944611,False,False
eqv2_500_sp,PtSn,211,-0.36663865,3,0.20179861000000002,0.065806895,0.43244554549446107,False,False
eqv2_500_sp,PtSn,221,-0.24380349,2,0.10966195000000001,0.065806895,0.30961038549446107,False,False
eqv2_500_sp,PtTa3,100,-0.30774602,1,0.0,-0.9552235,-0.6474774807286072,False,False
eqv2_500_sp,PtTa3,111,-0.35420275,2,0.014932319999999999,-0.95950085,-0.6052980992469787,True,False
eqv2_500_sp,PtTi,100,-0.1943915,1,0.0,-0.60609174,-0.4117002377471924,False,False
eqv2_500_sp,PtTi,111,-0.42392042,2,0.22609997,-0.6081879,-0.1842674938946533,True,False
eqv2_500_sp,PtTi,210,-0.19201672,1,0.0,-0.60609174,-0.41407501774719235,False,False
eqv2_500_sp,PtTi,211,-0.23194444,1,0.0,-0.60609174,-0.37414729774719235,False,False
eqv2_500_sp,PtTi,221,-0.43739194,2,0.13450493999999996,-0.60609174,-0.1686997977471924,False,False
eqv2_500_sp,Ru3Sn7,100,-0.46572262,4,0.43232073,0.12053678,0.5862594018474769,False,False
eqv2_500_sp,Ru3Sn7,110,-0.42134857,4,0.36929333999999997,0.12053678,0.5418853518474769,False,False
eqv2_500_sp,Ru3Sn7,111,-0.31897031,2,0.04223262999999999,0.12053678,0.43950709184747694,True,False
eqv2_500_sp,Ru3Sn7,210,-0.36738449,1,0.0,0.12053678,0.48792127184747697,False,False
eqv2_500_sp,Ru3Sn7,211,-0.6448012,2,0.65004306,0.12053678,0.7653379818474769,False,False
eqv2_500_sp,Ru3Ta,100,-0.34396939,1,0.0,-0.62580645,-0.28183706084381105,False,False
eqv2_500_sp,RuSb2,100,-0.26137282,1,0.0,-0.11510026,0.14627256290132523,False,True
eqv2_500_sp,RuSb2,110,-0.23526216,2,0.07144917,-0.11510026,0.12016190290132522,False,True
eqv2_500_sp,RuSb2,111,-0.12437973,1,0.0,-0.11510026,0.00927947290132522,True,True
eqv2_500_sp,RuSb2,210,-0.26168351,2,0.09580446000000001,-0.11510026,0.14658325290132523,False,True
eqv2_500_sp,RuSb2,211,-0.33537688,2,0.28307851,-0.11510026,0.22027662290132521,False,True
eqv2_500_sp,RuSb2,221,-0.31626362,2,0.14401450000000002,-0.11510026,0.20116336290132525,False,True
eqv2_500_sp,RuSn2,111,-0.3511142,4,0.23524122999999997,0.12053678,0.47165098184747695,True,False
eqv2_500_sp,RuSn2,211,-0.33426873,2,0.09130082,0.12053678,0.454805511847477,False,False
eqv2_500_sp,RuSn2,221,-0.37108885,3,0.11312186000000002,0.12053678,0.491625631847477,False,False
eqv2_500_sp,RuSn3,110,-1.42342135,1,0.0,0.1413057,1.564727049944496,False,False
eqv2_500_sp,RuSn3,111,-0.6642031,2,0.7108025400000001,0.1413057,0.8055087999444962,True,False
eqv2_500_sp,RuSn3,210,0.06412337,3,1.2631372200000002,0.1413057,0.07718232994449616,False,False
eqv2_500_sp,RuSn3,211,-1.13601788,7,1.26298273,0.1413057,1.2773235799444962,False,False
eqv2_500_sp,RuSn3,221,-0.03897935,1,0.0,0.1413057,0.18028504994449615,False,False
eqv2_500_sp,RuTa,100,-0.3550059,2,0.10649858999999998,-0.6610515,-0.3060456117645264,False,False
eqv2_500_sp,RuTa,111,-0.36332534,1,0.0,-0.66491234,-0.3015870030252075,True,False
eqv2_500_sp,RuTi,100,-0.3980911,1,0.0,-0.7474354,-0.3493442909492493,False,False
eqv2_500_sp,RuTi4,221,2.94732925,1,0.0,-0.9937282,-3.941057470462799,False,False
eqv2_500_sp,Sb2Ti,100,-0.28707234,1,0.0,-0.005243824,0.28182851613643406,False,True
eqv2_500_sp,Sb2Ti,111,-0.31648766,1,0.0,-0.005243824,0.3112438361364341,True,True
eqv2_500_sp,Sb2Ti,211,-0.41793816,3,0.31097834,-0.005243824,0.4126943361364341,False,True
eqv2_500_sp,Sb2Ti,221,-0.41224938,2,0.07832246999999998,-0.005243824,0.4070055561364341,False,True
eqv2_500_sp,Sb3Ta,111,-0.66151312,1,0.0,-0.036151823,0.6253612973436069,True,True
eqv2_500_sp,SbTi3,110,-0.62416,1,0.0,-0.9309351,-0.30677508481979365,False,True
eqv2_500_sp,Sn3Ta,111,-0.21766066,1,0.0,0.18346506,0.40112572357192994,True,False
eqv2_500_sp,Sn3Ta,211,-0.58901712,3,0.53453361,0.18346506,0.7724821835719299,False,False
eqv2_500_sp,Sn3Ti,211,-0.4705809,1,0.0,0.08543922,0.556020120070839,False,False
eqv2_500_sp,Sn5Ti6,100,-0.47345207,1,0.0,-0.5204246,-0.04697253441589355,False,False
eqv2_500_sp,Sn5Ti6,110,-0.39499495,1,0.0,-0.5204246,-0.12542965441589354,False,False
eqv2_500_sp,SnTi3,111,-0.33822835,1,0.0,-0.9859713,-0.6477429219917297,True,False
