,mean_abs_shap,spearman_rho,direction
n_elements,0.00017532770289108157,0.1855256190680873,1.0
en_wmean,0.022025583311915398,0.8495635017820793,1.0
en_max,0.0069934530183672905,0.8161641606373736,1.0
en_min,0.011785859242081642,0.24623270266039132,1.0
en_range,0.0029809540137648582,0.4975009075491121,1.0
en_wstd,0.011294876225292683,0.6712479534772128,1.0
radius_wmean,0.004451001528650522,0.36226301117748294,1.0
radius_max,0.0006162241916172206,0.5145458917542247,1.0
radius_min,0.009742514230310917,0.7388608167135315,1.0
radius_range,0.003335169982165098,0.26414275770797385,1.0
radius_wstd,0.0038419044576585293,0.07505201503096663,0.0
group_wmean,0.285063236951828,0.9314594554691543,1.0
group_max,0.004119448829442263,-0.6359052686007535,-1.0
group_min,0.002424526261165738,0.7233323634798483,1.0
group_range,0.0014486489817500114,-0.6451637970333591,-1.0
group_wstd,0.001586449914611876,-0.7776376800621589,-1.0
period_wmean,0.005628643091768026,0.4734868358220009,1.0
period_max,0.0009016297408379614,0.08140200196501843,0.0
period_min,0.0002469461760483682,-0.35906893330399153,-1.0
period_range,0.0013600994134321809,0.8193624773407318,1.0
period_wstd,0.0028943754732608795,0.7215738754480051,1.0
ie1_wmean,0.006989955436438322,0.2189932917390968,1.0
ie1_max,0.0016458655009046197,-0.42331372886252105,-1.0
ie1_min,0.0026243822649121284,-0.6511546619621211,-1.0
ie1_range,0.004019604064524174,-0.10741286143238549,-1.0
ie1_wstd,0.002277094405144453,-0.18538501577016137,-1.0
d_el_wmean,0.021597091108560562,0.3400961225565113,1.0
d_el_max,0.0011064003920182586,-0.60697834596049,-1.0
d_el_min,0.002612041775137186,0.6802909485836232,1.0
d_el_range,0.0009736350039020181,-0.08902067404724963,0.0
d_el_wstd,0.0016370973316952586,-0.5631172030963728,-1.0
structure_A1,0.0,,0.0
structure_L10,0.00520208990201354,0.7784491867910083,1.0
structure_L12,0.0018845867598429322,-0.3272226593562858,-1.0
facet_101,0.0,,0.0
facet_111,0.0,,0.0
melting_point_wmean,0.03677899390459061,-0.6031076691223796,-1.0
melting_point_max,0.10558026283979416,-0.7263288592769905,-1.0
melting_point_min,0.002934993477538228,0.29475452184005113,1.0
melting_point_range,0.008244987577199936,-0.6084571069435616,-1.0
melting_point_wstd,0.013338928110897541,-0.8386075857409742,-1.0
mendeleev_number_wmean,0.012581810355186462,0.46315477512804026,1.0
mendeleev_number_max,0.0022128678392618895,-0.1824527006002515,-1.0
mendeleev_number_min,0.003109310520812869,-0.10330971287111321,-1.0
mendeleev_number_range,0.0022281166166067123,-0.34680959093220387,-1.0
mendeleev_number_wstd,0.0022317739203572273,0.09427265232474308,0.0
covalent_radius_wmean,0.010240222327411175,-0.21066560935806286,-1.0
covalent_radius_max,0.0041221557185053825,-0.33336296871211757,-1.0
covalent_radius_min,0.0020106688607484102,-0.022198264332474526,0.0
covalent_radius_range,0.003966254182159901,-0.22055304218118463,-1.0
covalent_radius_wstd,0.003668457269668579,0.22022267818425473,1.0
n_valence_wmean,0.0075585502199828625,0.3886716342205585,1.0
n_valence_max,0.0019212578190490603,-0.7005751443304515,-1.0
n_valence_min,0.0009764654678292572,-0.4088995676440389,-1.0
n_valence_range,0.0016669052420184016,-0.8682050522840159,-1.0
n_valence_wstd,0.0025530396960675716,-0.7456205365900846,-1.0
nd_valence_wmean,0.0,,0.0
nd_valence_max,0.0,,0.0
nd_valence_min,0.0,,0.0
nd_valence_range,0.0,,0.0
nd_valence_wstd,0.0,,0.0
n_unfilled_wmean,0.00632087979465723,0.12403577137614842,1.0
n_unfilled_max,0.0001540579105494544,-0.260010252724886,-1.0
n_unfilled_min,0.0020603931043297052,0.7390011991268801,1.0
n_unfilled_range,0.0009875866817310452,-0.4871251414872632,-1.0
n_unfilled_wstd,0.000987580860964954,-0.3906300599345443,-1.0
nd_unfilled_wmean,0.03721504658460617,-0.8204074766983184,-1.0
nd_unfilled_max,0.000198547902982682,0.3023930266989078,1.0
nd_unfilled_min,0.0013577317586168647,0.8183465774626385,1.0
nd_unfilled_range,0.000509236881043762,-0.7397689703531389,-1.0
nd_unfilled_wstd,0.0007718155975453556,-0.48538671733523603,-1.0
en_mode,0.006765876896679401,-0.22301098386004614,-1.0
radius_mode,0.0013451884733512998,0.6447239544337762,1.0
group_mode,0.04802019149065018,0.4131364389672035,1.0
period_mode,0.0013852448901161551,0.829232539629251,1.0
ie1_mode,0.004222876392304897,0.4114114522994131,1.0
d_el_mode,0.00709740724414587,0.43618258889504374,1.0
melting_point_mode,0.004561137408018112,-0.659823409211315,-1.0
mendeleev_number_mode,0.003349185921251774,-0.43595247419900335,-1.0
covalent_radius_mode,0.0030444718431681395,-0.2530759057878677,-1.0
n_valence_mode,0.0013597931247204542,-0.37682677064152365,-1.0
nd_valence_mode,0.0,,0.0
n_unfilled_mode,0.0011693324195221066,0.7213991093484106,1.0
nd_unfilled_mode,0.005987593904137611,-0.31660863092656133,-1.0
