dataset,stratum,n,metric,point,ci_lo,ci_hi
EqV2-HER,ALL,491,MAE,0.34699957282892063,0.3080204495832485,0.3954213950117617
EqV2-HER,ALL,491,R2,-0.9393090721744255,-4.979635596996603,-0.4734100850286626
EqV2-HER,ALL,491,Spearman_rho,0.1735166792264474,0.07936154390844626,0.26390274880854236
EqV2-HER,ALL,491,MAE_debiased,0.31277746217330277,0.2750964152798164,0.3595103883175679
CatHub同质子集,ALL,355,MAE,0.17681721934138053,0.1602571382618885,0.19529795948472614
CatHub同质子集,ALL,355,R2,0.741568430233793,0.6658246116849673,0.8057243805303222
CatHub同质子集,in_domain(单元素+111),75,MAE,0.14132922975786605,0.10795507432921816,0.17804977159378932
CatHub同质子集,in_domain(单元素+111),75,R2,0.6286082165873188,0.32983966196079517,0.7910870104985793
CatHub同质子集,func=BEEF-vdW,114,MAE,0.14246540033446786,0.11134673131318074,0.17691613476005802
CatHub同质子集,func=BEEF-vdW,114,R2,0.7412933106268091,0.61102349428187,0.8411844657417757
