stat,value
n_groups_total,1836.0
n_groups_nraw_eq1,90.0
n_groups_nraw_ge2,1746.0
share_label_from_min_of_ge2_configs,0.9509803921568627
n_raw_median,4.0
n_raw_max,10.0
E_mean_minus_E_min_p05(n>=2),0.022925505861621787
E_mean_minus_E_min_p25(n>=2),0.10249679989974543
E_mean_minus_E_min_p50(n>=2),0.2143245635808333
E_mean_minus_E_min_p75(n>=2),0.39993752860709725
E_mean_minus_E_min_p95(n>=2),0.7011579900135985
E_mean_minus_E_min_mean(n>=2),0.2754064456599895
E_median_minus_E_min_mean(n>=2),0.2101092311430571
E_median_minus_E_min_p50(n>=2),0.11673421770046843
n_|dG|<=0.1_min口径,248.0
n_|dG|<=0.1_mean口径,359.0
spearman_dg_min_vs_mean,0.5626371662295966
near_peak(n_min口径|dG|<=0.1)_n,248.0
near_peak_中_多构型占比,0.9798387096774194
near_peak_E_mean_minus_E_min_median,0.17342971420112008
